"OOR Code","Country of formation","Country Code (ISO 3166-1)","Jurisdiction of formation","Country sub-division code (ISO 3166-2)","Entity Legal Form name Local name (ELF)","ELF Code","Official Organizational Role (OOR)","Language","Language Code (ISO 639-1)","OOR Transliterated name (per ISO 01-140-10)","Abbreviations OOR Local language","Abbreviations OOR transliterated","Date created YYYY-MM-DD (ISO 8601)","OOR Status ACTV/INAC","Modification","Modification date YYYY-MM-DD (ISO 8601)","Reason","Applicable legislation / regulation"
"33LIQX","Australia","AU","","","Public Company limited by shares","R4KK","Shareholder","English","en","Shareholder","","","2023-06-28","ACTV","","","","Corporations Act 2001 - S.256C"
"3WNV8Z","Australia","AU","","","Public Company limited by shares","R4KK","Company secretary","English","en","Company secretary","Co.Sec.","Co.Sec.","2023-06-28","ACTV","","","","Corporations Act 2001 - Ss.188, 204A"
"7HL9LM","Australia","AU","","","Public Company limited by shares","R4KK","Member","English","en","Member","","","2023-06-28","ACTV","","","","Corporations Act 2001 - Ss.114, 117, 120"
"A532DM","Australia","AU","","","Limited Proprietary Company","TXVC","Managing director","English","en","Managing director","M.D., MD","M.D., MD","2023-06-28","ACTV","","","","Corporations Act 2001 - S.201J"
"DAGOEM","Australia","AU","","","Public Company limited by shares","R4KK","Officer","English","en","Officer","","","2023-06-28","ACTV","","","","Corporations Act 2001 - Ss.9(def'n), 199A"
"DYTPNW","Australia","AU","","","Limited Proprietary Company","TXVC","Administrator","English","en","Administrator","","","2023-06-28","ACTV","","","","Corporations Act 2001 - Ss.12, 198G"
"ESEKSK","Australia","AU","","","Limited Proprietary Company","TXVC","Company secretary","English","en","Company secretary","Co.Sec.","Co.Sec.","2023-06-28","ACTV","","","","Corporations Act 2001 - Ss.188, 204A"
"F0OX7C","Australia","AU","","","Public Company limited by shares","R4KK","Trustee","English","en","Trustee","","","2023-06-28","ACTV","","","","Corporations Act 2001 - S.283AC"
"FDYQIB","Australia","AU","","","Public Company limited by shares","R4KK","Administrator","English","en","Administrator","","","2023-06-28","ACTV","","","","Corporations Act 2001 - Ss.12, 198G"
"G7YO7S","Australia","AU","","","Limited Proprietary Company","TXVC","Debenture holder","English","en","Debenture holder","","","2023-06-28","ACTV","","","","Corporations Act 2001 - S.283AB"
"GIDXNF","Australia","AU","","","Limited Proprietary Company","TXVC","Director","English","en","Director","","","2023-06-28","ACTV","","","","Corporations Act 2001 - S.201A"
"HAFDYQ","Australia","AU","","","Limited Proprietary Company","TXVC","Auditor","English","en","Auditor","","","2023-06-28","ACTV","","","","Corporations Act 2001 - S.199A"
"HP8CKI","Australia","AU","","","Limited Proprietary Company","TXVC","Officer","English","en","Officer","","","2023-06-28","ACTV","","","","Corporations Act 2001 - Ss.9(def'n), 199A"
"HQKRJO","Australia","AU","","","Limited Proprietary Company","TXVC","Alternate director","English","en","Alternate director","","","2023-06-28","ACTV","","","","Corporations Act 2001 - S.198C, 201K"
"IH5NZG","Australia","AU","","","Public Company limited by shares","R4KK","Liquidator","English","en","Liquidator","","","2023-06-28","ACTV","","","","Corporations Act 2001 - S.12"
"J0HR5I","Australia","AU","","","Public Company limited by shares","R4KK","Managing director","English","en","Managing director","M.D., MD","M.D., MD","2023-06-28","ACTV","","","","Corporations Act 2001 - S.198C, 201J"
"JQ51TP","Australia","AU","","","Public Company limited by shares","R4KK","Debenture holder","English","en","Debenture holder","","","2023-06-28","ACTV","","","","Corporations Act 2001 - S.283AB"
"KR8NGL","Australia","AU","","","Trust","7TPC","Beneficiary","English","en","Beneficiary","","","2023-06-28","ACTV","","","","Trusts (Hague Convention) Act 1991 - Art.8"
"LYT5PB","Australia","AU","","","Limited Proprietary Company","TXVC","Trustee","English","en","Trustee","","","2023-06-28","ACTV","","","","Corporations Act 2001 - S.283AC"
"MT1VXK","Australia","AU","","","Public Company limited by shares","R4KK","Alternate director","English","en","Alternate director","","","2023-06-28","ACTV","","","","Corporations Act 2001 - S.198C, 201K"
"NLZLDC","Australia","AU","","","Limited Proprietary Company","TXVC","Liquidator","English","en","Liquidator","","","2023-06-28","ACTV","","","","Corporations Act 2001 - S.12"
"NPYQBJ","Australia","AU","","","Public Company limited by shares","R4KK","Receiver","English","en","Receiver","","","2023-06-28","ACTV","","","","Corporations Act 2001 - S.12"
"OLUMDL","Australia","AU","","","Trust","7TPC","Trustee","English","en","Trustee","","","2023-06-28","ACTV","","","","Trusts (Hague Convention) Act 1991 - Art.2"
"ORL3QI","Australia","AU","","","Limited Proprietary Company","TXVC","Receiver","English","en","Receiver","","","2023-06-28","ACTV","","","","Corporations Act 2001 - S.12"
"PF2B70","Australia","AU","","","Public Company limited by shares","R4KK","Auditor","English","en","Auditor","","","2023-06-28","ACTV","","","","Corporations Act 2001 - S.199A"
"QBVV3P","Australia","AU","","","Limited Proprietary Company","TXVC","Shareholder","English","en","Shareholder","","","2023-06-28","ACTV","","","","Corporations Act 2001 - S.198E"
"UVAD6V","Australia","AU","","","Trust","7TPC","Settlor","English","en","Settlor","","","2023-06-28","ACTV","","","","Trusts (Hague Convention) Act 1991 - Art.2"
"YBK29T","Australia","AU","","","Public Company limited by shares","R4KK","Director","English","en","Director","","","2023-06-28","ACTV","","","","Corporations Act 2001 - S.180, 201A"
"ZE8PIG","Australia","AU","","","Limited Proprietary Company","TXVC","Member","English","en","Member","","","2023-06-28","ACTV","","","","Corporations Act 2001 - Ss.114, 117, 120"
"3IC7SH","Austria","AT","","","Gesellschaft mit beschränkter Haftung","AXSB","Revisor","German","de","Revisor","","","2023-06-28","ACTV","","","","GmbH-Gesetz 46"
"73WXLS","Austria","AT","","","Privatstiftung","5WWO","Vorsitzender","German","de","Vorsitzender","","","2023-06-28","ACTV","","","","Privatstiftungsgesetz 1.28"
"9SXBAY","Austria","AT","","","Gesellschaft mit beschränkter Haftung","AXSB","Abschlussprüfer","German","de","Abschlussprüfer","","","2023-06-28","ACTV","","","","GmbH-Gesetz 30g"
"ATWP9N","Austria","AT","","","Privatstiftung","5WWO","Stiftungskurator","German","de","Stiftungskurator","","","2023-06-28","ACTV","","","","Privatstiftungsgesetz 1.6"
"BPTYLT","Austria","AT","","","Privatstiftung","5WWO","Mitglied des Aufsichtsrats","German","de","Mitglied des Aufsichtsrats","","","2023-06-28","ACTV","","","","Privatstiftungsgesetz 1.11/1.14/1.22"
"CURMAH","Austria","AT","","","Einzelunternehmer","ECWU","Handlungsbevollmächtigten","German","de","Handlungsbevollmächtigten","","","2023-06-28","ACTV","","","","Unternehmensgesetzbuch 57"
"FBN18D","Austria","AT","","","Gesellschaft mit beschränkter Haftung","AXSB","Aufsichtsratsmitglied","German","de","Aufsichtsratsmitglied","","","2023-06-28","ACTV","","","","GmbH-Gesetz 28a/30c"
"FVO4ID","Austria","AT","","","Gesellschaft mit beschränkter Haftung","AXSB","Vertreter","German","de","Vertreter","","","2023-06-28","ACTV","","","","GmbH-Gesetz 30e"
"GO2LMS","Austria","AT","","","Kommanditgesellschaft","ONF1","Sanierungsverwalter","German","de","Sanierungsverwalter","","","2023-06-28","ACTV","","","","Unternehmensgesetzbuch 171"
"HRV7FF","Austria","AT","","","Gesellschaft mit beschränkter Haftung","AXSB","Gesellschafter","German","de","Gesellschafter","","","2023-06-28","ACTV","","","","GmbH-Gesetz 4.4"
"HUFS2C","Austria","AT","","","Gesellschaft mit beschränkter Haftung","AXSB","Stellvertreter","German","de","Stellvertreter","","","2023-06-28","ACTV","","","","GmbH-Gesetz 27"
"J9MFJW","Austria","AT","","","Privatstiftung","5WWO","Stifter","German","de","Stifter","","","2023-06-28","ACTV","","","","Privatstiftungsgesetz 1.1"
"JBKGUA","Austria","AT","","","Gesellschaft mit beschränkter Haftung","AXSB","Liquidator","German","de","Liquidator","Liq.","","2023-06-28","ACTV","","","","GmbH-Gesetz 39"
"LABX1I","Austria","AT","","","Einzelunternehmer","ECWU","Unternehmer","German","de","Unternehmer","","","2023-06-28","ACTV","","","","Unternehmensgesetzbuch 1.1"
"LC7P5H","Austria","AT","","","Privatstiftung","5WWO","Stiftungsprüfer","German","de","Stiftungsprüfer","","","2023-06-28","ACTV","","","","Privatstiftungsgesetz 1.9"
"NNJRZ9","Austria","AT","","","Privatstiftung","5WWO","Letztbegünstigter","German","de","Letztbegünstigter","","","2023-06-28","ACTV","","","","Privatstiftungsgesetz 1.8"
"T70JDB","Austria","AT","","","Privatstiftung","5WWO","Stellvertreter","German","de","Stellvertreter","","","2023-06-28","ACTV","","","","Privatstiftungsgesetz 1.28"
"U3HU7Z","Austria","AT","","","Kommanditgesellschaft","ONF1","Komplementäre","German","de","Komplementäre","","","2023-06-28","ACTV","","","","Unternehmensgesetzbuch 161"
"U8DX10","Austria","AT","","","Privatstiftung","5WWO","Begünstigte","German","de","Begünstigte","","","2023-06-28","ACTV","","","","Privatstiftungsgesetz 1.5"
"UQI5HC","Austria","AT","","","Privatstiftung","5WWO","Gründungsprüfer","German","de","Gründungsprüfer","","","2023-06-28","ACTV","","","","Privatstiftungsgesetz 1.9"
"X3UGSY","Austria","AT","","","Gesellschaft mit beschränkter Haftung","AXSB","Geschäftsführer (des Vorstandes)","German","de","Geschäftsführer (des Vorstandes)","","","2023-06-28","ACTV","","","","GmbH-Gesetz 3.2"
"XBBKZC","Austria","AT","","","Privatstiftung","5WWO","Mitglied des Stiftungsvorstand","German","de","Mitglied des Stiftungsvorstand","","","2023-06-28","ACTV","","","","Privatstiftungsgesetz 1.5/1.12"
"XEUVGT","Austria","AT","","","Gesellschaft mit beschränkter Haftung","AXSB","Vorsitzender","German","de","Vorsitzender","","","2023-06-28","ACTV","","","","GmbH-Gesetz 28a"
"ZFECL4","Austria","AT","","","Kommanditgesellschaft","ONF1","Kommanditist","German","de","Kommanditist","","","2023-06-28","ACTV","","","","Unternehmensgesetzbuch 161"
"0REMJF","Belgium","BE","","","Société anonyme","R85P","Commissaire","French","fr","Commissaire","","","2023-06-28","ACTV","","","","23 MARS 2019. — Loi introduisant le Code des sociétés et des associations et portant des dispositions diverses - Livre 3: Titre 4: CHAPITRE 1: Art. 3:58"
"0REMJF","Belgium","BE","","","Naamloze vennootschap","R85P","Commissaris","Dutch","nl","Commissaris","","","2023-06-28","ACTV","","","","23 MAART 2019. — Wet tot invoering van het Wetboek van vennootschappen en verenigingen en houdende diverse bepalingen - BOEK 3: TITEL 4: HOOFDSTUK 1: Art.3:58"
"0REMJF","Belgium","BE","","","Aktiengesellschaft","R85P","Wirtschaftsprüfer","German","de","Wirtschaftsprüfer","","","2023-06-28","ACTV","","","","23 MARZ 2019. — Gesetzbuch der Gesellschaften und Vereinigungen"
"1TAXG9","Belgium","BE","","","Association sans but lucratif","W3WH","Membre de l’organe de gestion journalière","French","fr","Membre de l’organe de gestion journalière","","","2023-06-28","ACTV","","","","23 MARS 2019. — Loi introduisant le Code des sociétés et des associations et portant des dispositions diverses - Livre 9: Titre 2: CHAPITRE 1: Art. 9:10"
"1TAXG9","Belgium","BE","","","Vereniging zonder winstoogmerk","W3WH","Lid van bestuursorgaan het dagelijks bestuur van de vereniging","Dutch","nl","Lid van bestuursorgaan het dagelijks bestuur van de vereniging","","","2023-06-28","ACTV","","","","23 MAART 2019. — Wet tot invoering van het Wetboek van vennootschappen en verenigingen en houdende diverse bepalingen - BOEK 9: TITEL 2: HOOFDSTUK 1: Art.9:10"
"1TAXG9","Belgium","BE","","","Vereinigung ohne Gewinnerzielungsabsicht","W3WH","Mitglied des täglichen Leitungsorgans","German","de","Mitglied des täglichen Leitungsorgans","","","2023-06-28","ACTV","","","","23 MARZ 2019. — Gesetzbuch der Gesellschaften und Vereinigungen"
"23SDIY","Belgium","BE","","","Besloten Vennootschap","3W7E","Lid van het bestuursorgaan","Dutch","nl","Lid van het bestuursorgaan","","","2023-06-28","ACTV","","","","23 MAART 2019. — Wet tot invoering van het Wetboek van vennootschappen en verenigingen en houdende diverse bepalingen - BOEK 2: TITEL 6: HOOFDSTUK 2: Art.2:56"
"23SDIY","Belgium","BE","","","Société à responsabilité limitée","3W7E","Membre de l'organe d'administration","French","fr","Membre de l'organe d'administration","","","2023-06-28","ACTV","","","","23 MARS 2019. — Loi introduisant le Code des sociétés et des associations et portant des dispositions diverses - Livre 2: Titre 6: CHAPITRE 2: Art. 2:56"
"23SDIY","Belgium","BE","","","Gesellschaft mit beschränkter Haftung","3W7E","Mitglied des Verwaltungsorgans","German","de","Mitglied des Verwaltungsorgans","","","2023-06-28","ACTV","","","","23 MARZ 2019. — Gesetzbuch der Gesellschaften und Vereinigungen"
"3PGTDW","Belgium","BE","","","Société anonyme","R85P","Président","French","fr","Président","","","2023-06-28","ACTV","","","","23 MARS 2019. — Loi introduisant le Code des sociétés et des associations et portant des dispositions diverses - Livre 2: Titre 7: CHAPITRE 1: Art. 2:62.3"
"3PGTDW","Belgium","BE","","","Naamloze vennootschap","R85P","Voorzitter","Dutch","nl","Voorzitter","","","2023-06-28","ACTV","","","","23 MAART 2019. — Wet tot invoering van het Wetboek van vennootschappen en verenigingen en houdende diverse bepalingen - BOEK 2: TITEL 7: HOOFDSTUK 1: Art.2:62:3"
"3PGTDW","Belgium","BE","","","Aktiengesellschaft","R85P","Vorsitzender","German","de","Vorsitzender","","","2023-06-28","ACTV","","","","23 MARZ 2019. — Gesetzbuch der Gesellschaften und Vereinigungen"
"4QP30K","Belgium","BE","","","Besloten Vennootschap","3W7E","Stichter","Dutch","nl","Stichter","","","2023-06-28","ACTV","","","","23 MAART 2019. — Wet tot invoering van het Wetboek van vennootschappen en verenigingen en houdende diverse bepalingen - TITEL 1: HOOFDSTUK 1: Art.1:2"
"4QP30K","Belgium","BE","","","Société à responsabilité limitée","3W7E","Fondateur","French","fr","Fondateur","","","2023-06-28","ACTV","","","","23 MARS 2019. — Loi introduisant le Code des sociétés et des associations et portant des dispositions diverses - Titre 1: CHAPITRE 1: Art. 1.2"
"4QP30K","Belgium","BE","","","Gesellschaft mit beschränkter Haftung","3W7E","Grűnder","German","de","Grűnder","","","2023-06-28","ACTV","","","","23 MARZ 2019. — Gesetzbuch der Gesellschaften und Vereinigungen"
"61LE25","Belgium","BE","","","Société anonyme","R85P","Fondateur","French","fr","Fondateur","","","2023-06-28","ACTV","","","","23 MARS 2019. — Loi introduisant le Code des sociétés et des associations et portant des dispositions diverses - Titre 1: CHAPITRE 1: Art. 1.2"
"61LE25","Belgium","BE","","","Naamloze vennootschap","R85P","Stichter","Dutch","nl","Stichter","","","2023-06-28","ACTV","","","","23 MAART 2019. — Wet tot invoering van het Wetboek van vennootschappen en verenigingen en houdende diverse bepalingen - TITEL 1: HOOFDSTUK 1: Art.1:2"
"61LE25","Belgium","BE","","","Aktiengesellschaft","R85P","Grűnder","German","de","Grűnder","","","2023-06-28","ACTV","","","","23 MARZ 2019. — Gesetzbuch der Gesellschaften und Vereinigungen"
"7QOOAB","Belgium","BE","","","Société anonyme","R85P","Liquidateur","French","fr","Liquidateur","","","2023-06-28","ACTV","","","","23 MARS 2019. — Loi introduisant le Code des sociétés et des associations et portant des dispositions diverses - Livre 2: Titre 8: CHAPITRE 1: Art. 2:82"
"7QOOAB","Belgium","BE","","","Naamloze vennootschap","R85P","Vereffenaar","Dutch","nl","Vereffenaar","","","2023-06-28","ACTV","","","","23 MAART 2019. — Wet tot invoering van het Wetboek van vennootschappen en verenigingen en houdende diverse bepalingen - BOEK 2: TITEL 8: HOOFDSTUK 1: Art.2:82"
"7QOOAB","Belgium","BE","","","Aktiengesellschaft","R85P","Liquidator","German","de","Liquidator","","","2023-06-28","ACTV","","","","23 MARZ 2019. — Gesetzbuch der Gesellschaften und Vereinigungen"
"7WBRZD","Belgium","BE","","","Association sans but lucratif","W3WH","Commissaire","French","fr","Commissaire","","","2023-06-28","ACTV","","","","23 MARS 2019. — Loi introduisant le Code des sociétés et des associations et portant des dispositions diverses - Livre 2: Titre 8: CHAPITRE 2: Art. 2:110.2"
"7WBRZD","Belgium","BE","","","Vereniging zonder winstoogmerk","W3WH","Commissaris","Dutch","nl","Commissaris","","","2023-06-28","ACTV","","","","23 MAART 2019. — Wet tot invoering van het Wetboek van vennootschappen en verenigingen en houdende diverse bepalingen - BOEK 2: TITEL 8: HOOFDSTUK 2: Art.2:110.2"
"7WBRZD","Belgium","BE","","","Vereinigung ohne Gewinnerzielungsabsicht","W3WH","Wirtschaftsprüfer","German","de","Wirtschaftsprüfer","","","2023-06-28","ACTV","","","","23 MARZ 2019. — Gesetzbuch der Gesellschaften und Vereinigungen"
"8PZ5JZ","Belgium","BE","","","Société anonyme","R85P","Associé","French","fr","Associé","","","2023-06-28","ACTV","","","","23 MARS 2019. — Loi introduisant le Code des sociétés et des associations et portant des dispositions diverses - LIVRE 1: TITRE 1: Art. 1:1"
"8PZ5JZ","Belgium","BE","","","Naamloze vennootschap","R85P","Vennoot","Dutch","nl","Vennoot","","","2023-06-28","ACTV","","","","23 MAART 2019. — Wet tot invoering van het Wetboek van vennootschappen en verenigingen en houdende diverse bepalingen - BOEK 1: TITEL 1: Art.1:1"
"8PZ5JZ","Belgium","BE","","","Aktiengesellschaft","R85P","Gesellschafter","German","de","Gesellschafter","","","2023-06-28","ACTV","","","","23 MARZ 2019. — Gesetzbuch der Gesellschaften und Vereinigungen"
"8UVTTM","Belgium","BE","","","Besloten Vennootschap","3W7E","Vereffenaar","Dutch","nl","Vereffenaar","","","2023-06-28","ACTV","","","","23 MAART 2019. — Wet tot invoering van het Wetboek van vennootschappen en verenigingen en houdende diverse bepalingen - BOEK 2: TITEL 8: HOOFDSTUK 1: Art.2:82"
"8UVTTM","Belgium","BE","","","Société à responsabilité limitée","3W7E","Liquidateur","French","fr","Liquidateur","","","2023-06-28","ACTV","","","","23 MARS 2019. — Loi introduisant le Code des sociétés et des associations et portant des dispositions diverses - Livre 2: Titre 8: CHAPITRE 1: Art. 2:82"
"8UVTTM","Belgium","BE","","","Gesellschaft mit beschränkter Haftung","3W7E","Liquidator","German","de","Liquidator","","","2023-06-28","ACTV","","","","23 MARZ 2019. — Gesetzbuch der Gesellschaften und Vereinigungen"
"9NS0PQ","Belgium","BE","","","Besloten Vennootschap","3W7E","Houder van inschrijvingsrechten","Dutch","nl","Houder van inschrijvingsrechten","","","2023-06-28","ACTV","","","","23 MAART 2019. — Wet tot invoering van het Wetboek van vennootschappen en verenigingen en houdende diverse bepalingen - BOEK 5: TITEL 4: HOOFDSTUK 2: Art.5:86"
"9NS0PQ","Belgium","BE","","","Société à responsabilité limitée","3W7E","Titulaire de droits de souscription","French","fr","Titulaire de droits de souscription","","","2023-06-28","ACTV","","","","23 MARS 2019. — Loi introduisant le Code des sociétés et des associations et portant des dispositions diverses - Livre 5: Titre 4: CHAPITRE 2: Art. 5:86"
"9NS0PQ","Belgium","BE","","","Gesellschaft mit beschränkter Haftung","3W7E","Bezugsrechtsinhaber","German","de","Bezugsrechtsinhaber","","","2023-06-28","ACTV","","","","23 MARZ 2019. — Gesetzbuch der Gesellschaften und Vereinigungen"
"AWBFSV","Belgium","BE","","","Société anonyme","R85P","Membre du conseil de direction","French","fr","Membre du conseil de direction","","","2023-06-28","ACTV","","","","23 MARS 2019. — Loi introduisant le Code des sociétés et des associations et portant des dispositions diverses - Livre 7: Titre 4: CHAPITRE 1: Art. 7:85"
"AWBFSV","Belgium","BE","","","Naamloze vennootschap","R85P","Lid van directieraad","Dutch","nl","Lid van directieraad","","","2023-06-28","ACTV","","","","23 MAART 2019. — Wet tot invoering van het Wetboek van vennootschappen en verenigingen en houdende diverse bepalingen - BOEK 7: TITEL 4: HOOFDSTUK 1: Art.7:104"
"AWBFSV","Belgium","BE","","","Aktiengesellschaft","R85P","Direktionsratsmitglied","German","de","Direktionsratsmitglied","","","2023-06-28","ACTV","","","","23 MARZ 2019. — Gesetzbuch der Gesellschaften und Vereinigungen"
"EXM6MH","Belgium","BE","","","Association sans but lucratif","W3WH","Membre","French","fr","Membre","","","2023-06-28","ACTV","","","","23 MARS 2019. — Loi introduisant le Code des sociétés et des associations et portant des dispositions diverses - Titre 1: CHAPITRE 1: Art. 1.2"
"EXM6MH","Belgium","BE","","","Vereniging zonder winstoogmerk","W3WH","Lid","Dutch","nl","Lid","","","2023-06-28","ACTV","","","","23 MAART 2019. — Wet tot invoering van het Wetboek van vennootschappen en verenigingen en houdende diverse bepalingen - TITEL 1: HOOFDSTUK 1: Art. 1.2"
"EXM6MH","Belgium","BE","","","Vereinigung ohne Gewinnerzielungsabsicht","W3WH","Mitglied","German","de","Mitglied","","","2023-06-28","ACTV","","","","23 MARZ 2019. — Gesetzbuch der Gesellschaften und Vereinigungen"
"F23SLY","Belgium","BE","","","Besloten Vennootschap","3W7E","Houder van met medewerking van de vennootschap uitgegeven certificaten","Dutch","nl","Houder van met medewerking van de vennootschap uitgegeven certificaten","","","2023-06-28","ACTV","","","","23 MAART 2019. — Wet tot invoering van het Wetboek van vennootschappen en verenigingen en houdende diverse bepalingen - BOEK 5: TITEL 4: HOOFDSTUK 2: Art.5:86"
"F23SLY","Belgium","BE","","","Société à responsabilité limitée","3W7E","Titulaire de certificats émis avec la collaboration de la société","French","fr","Titulaire de certificats émis avec la collaboration de la société","","","2023-06-28","ACTV","","","","23 MARS 2019. — Loi introduisant le Code des sociétés et des associations et portant des dispositions diverses - Livre 5: Titre 4: CHAPITRE 2: Art. 5:86"
"F23SLY","Belgium","BE","","","Gesellschaft mit beschränkter Haftung","3W7E","Inhaber von Zertifikaten, die unter Mitwirkung des Unternehmens ausgestellt wurden","German","de","Inhaber von Zertifikaten, die unter Mitwirkung des Unternehmens ausgestellt wurden","","","2023-06-28","ACTV","","","","23 MARZ 2019. — Gesetzbuch der Gesellschaften und Vereinigungen"
"F6YSZC","Belgium","BE","","","Association sans but lucratif","W3WH","Liquidateur","French","fr","Liquidateur","","","2023-06-28","ACTV","","","","23 MARS 2019. — Loi introduisant le Code des sociétés et des associations et portant des dispositions diverses - Livre 2: Titre 8: CHAPITRE 2: Art. 2:118"
"F6YSZC","Belgium","BE","","","Vereniging zonder winstoogmerk","W3WH","Vereffenaar","Dutch","nl","Vereffenaar","","","2023-06-28","ACTV","","","","23 MAART 2019. — Wet tot invoering van het Wetboek van vennootschappen en verenigingen en houdende diverse bepalingen - BOEK 2: TITEL 6: HOOFDSTUK 2: Art.2:118"
"F6YSZC","Belgium","BE","","","Vereinigung ohne Gewinnerzielungsabsicht","W3WH","Liquidator","German","de","Liquidator","","","2023-06-28","ACTV","","","","23 MARZ 2019. — Gesetzbuch der Gesellschaften und Vereinigungen"
"GGYNJZ","Belgium","BE","","","Société anonyme","R85P","Titulaire de droits de souscription","French","fr","Titulaire de droits de souscription","","","2023-06-28","ACTV","","","","23 MARS 2019. — Loi introduisant le Code des sociétés et des associations et portant des dispositions diverses - Livre 7: Titre 4: CHAPITRE 2: Art. 7:135"
"GGYNJZ","Belgium","BE","","","Naamloze vennootschap","R85P","Houder van inschrijvingsrechten","Dutch","nl","Houder van inschrijvingsrechten","","","2023-06-28","ACTV","","","","23 MAART 2019. — Wet tot invoering van het Wetboek van vennootschappen en verenigingen en houdende diverse bepalingen - BOEK 7: TITEL 4: HOOFDSTUK 2: Art.7:135"
"GGYNJZ","Belgium","BE","","","Aktiengesellschaft","R85P","Bezugsrechtsinhaber","German","de","Bezugsrechtsinhaber","","","2023-06-28","ACTV","","","","23 MARZ 2019. — Gesetzbuch der Gesellschaften und Vereinigungen"
"HGNKXH","Belgium","BE","","","Association sans but lucratif","W3WH","Administrateur","French","fr","Administrateur","","","2023-06-28","ACTV","","","","23 MARS 2019. — Loi introduisant le Code des sociétés et des associations et portant des dispositions diverses - Livre 9: Titre 2: CHAPITRE 1: Art. 9:5"
"HGNKXH","Belgium","BE","","","Vereniging zonder winstoogmerk","W3WH","Bestuurder","Dutch","nl","Bestuurder","","","2023-06-28","ACTV","","","","23 MAART 2019. — Wet tot invoering van het Wetboek van vennootschappen en verenigingen en houdende diverse bepalingen - BOEK 9: TITEL 2: HOOFDSTUK 1: Art.9:5"
"HGNKXH","Belgium","BE","","","Vereinigung ohne Gewinnerzielungsabsicht","W3WH","Verwalter","German","de","Verwalter","","","2023-06-28","ACTV","","","","23 MARZ 2019. — Gesetzbuch der Gesellschaften und Vereinigungen"
"HJZOXI","Belgium","BE","","","Besloten Vennootschap","3W7E","Aandeelhouder","Dutch","nl","Aandeelhouder","","","2023-06-28","ACTV","","","","23 MAART 2019. — Wet tot invoering van het Wetboek van vennootschappen en verenigingen en houdende diverse bepalingen - BOEK 2: TITEL 7: HOOFDSTUK 1: Art.2:61"
"HJZOXI","Belgium","BE","","","Société à responsabilité limitée","3W7E","Actionnaire","French","fr","Actionnaire","","","2023-06-28","ACTV","","","","23 MARS 2019. — Loi introduisant le Code des sociétés et des associations et portant des dispositions diverses - Livre 2: Titre 7: CHAPITRE 1: Art. 2:61.1"
"HJZOXI","Belgium","BE","","","Gesellschaft mit beschränkter Haftung","3W7E","Aktionär","German","de","Aktionär","","","2023-06-28","ACTV","","","","23 MARZ 2019. — Gesetzbuch der Gesellschaften und Vereinigungen"
"IQFRXX","Belgium","BE","","","Société anonyme","R85P","Actionnaire","French","fr","Actionnaire","","","2023-06-28","ACTV","","","","23 MARS 2019. — Loi introduisant le Code des sociétés et des associations et portant des dispositions diverses - Livre 2: Titre 7: CHAPITRE 1: Art. 2:61.1"
"IQFRXX","Belgium","BE","","","Naamloze vennootschap","R85P","Aandeelhouder","Dutch","nl","Aandeelhouder","","","2023-06-28","ACTV","","","","23 MAART 2019. — Wet tot invoering van het Wetboek van vennootschappen en verenigingen en houdende diverse bepalingen - BOEK 2: TITEL 7: HOOFDSTUK 1: Art.2:61"
"IQFRXX","Belgium","BE","","","Aktiengesellschaft","R85P","Aktionär","German","de","Aktionär","","","2023-06-28","ACTV","","","","23 MARZ 2019. — Gesetzbuch der Gesellschaften und Vereinigungen"
"KR3NFE","Belgium","BE","","","Association sans but lucratif","W3WH","Membre de l'organe d'administration","French","fr","Membre de l'organe d'administration","","","2023-06-28","ACTV","","","","23 MARS 2019. — Loi introduisant le Code des sociétés et des associations et portant des dispositions diverses - Livre 2: Titre 6: CHAPITRE 2: Art. 2:56"
"KR3NFE","Belgium","BE","","","Vereniging zonder winstoogmerk","W3WH","Lid van het bestuursorgaan","Dutch","nl","Lid van het bestuursorgaan","","","2023-06-28","ACTV","","","","23 MAART 2019. — Wet tot invoering van het Wetboek van vennootschappen en verenigingen en houdende diverse bepalingen - BOEK 2: TITEL 6: HOOFDSTUK 2: Art.2:56"
"KR3NFE","Belgium","BE","","","Vereinigung ohne Gewinnerzielungsabsicht","W3WH","Mitglied des Verwaltungsorgans","German","de","Mitglied des Verwaltungsorgans","","","2023-06-28","ACTV","","","","23 MARZ 2019. — Gesetzbuch der Gesellschaften und Vereinigungen"
"NHHOPA","Belgium","BE","","","Besloten Vennootschap","3W7E","Houder van converteerbare obligaties","Dutch","nl","Houder van converteerbare obligaties","","","2023-06-28","ACTV","","","","23 MAART 2019. — Wet tot invoering van het Wetboek van vennootschappen en verenigingen en houdende diverse bepalingen - BOEK 5: TITEL 4: HOOFDSTUK 2: Art.5:86"
"NHHOPA","Belgium","BE","","","Société à responsabilité limitée","3W7E","Titulaire d’obligations convertibles","French","fr","Titulaire d’obligations convertibles","","","2023-06-28","ACTV","","","","23 MARS 2019. — Loi introduisant le Code des sociétés et des associations et portant des dispositions diverses - Livre 5: Titre 4: CHAPITRE 2: Art. 5:86"
"NHHOPA","Belgium","BE","","","Gesellschaft mit beschränkter Haftung","3W7E","Inhaber von Wandelschuldverschreibungen","German","de","Inhaber von Wandelschuldverschreibungen","","","2023-06-28","ACTV","","","","23 MARZ 2019. — Gesetzbuch der Gesellschaften und Vereinigungen"
"NKIWVK","Belgium","BE","","","Besloten Vennootschap","3W7E","Voorzitter","Dutch","nl","Voorzitter","","","2023-06-28","ACTV","","","","23 MAART 2019. — Wet tot invoering van het Wetboek van vennootschappen en verenigingen en houdende diverse bepalingen - BOEK 2: TITEL 7: HOOFDSTUK 1: Art.2:62:3"
"NKIWVK","Belgium","BE","","","Société à responsabilité limitée","3W7E","Président","French","fr","Président","","","2023-06-28","ACTV","","","","23 MARS 2019. — Loi introduisant le Code des sociétés et des associations et portant des dispositions diverses - Livre 2: Titre 7: CHAPITRE 1: Art. 2:62.3"
"NKIWVK","Belgium","BE","","","Gesellschaft mit beschränkter Haftung","3W7E","Vorsitzende","German","de","Vorsitzende","","","2023-06-28","ACTV","","","","23 MARZ 2019. — Gesetzbuch der Gesellschaften und Vereinigungen"
"PDES2K","Belgium","BE","","","Société anonyme","R85P","Membre de conseil d'administration","French","fr","Membre de conseil d'administration","","","2023-06-28","ACTV","","","","23 MARS 2019. — Loi introduisant le Code des sociétés et des associations et portant des dispositions diverses - Livre 7: Titre 4: CHAPITRE 1: Art. 7:99"
"PDES2K","Belgium","BE","","","Naamloze vennootschap","R85P","Lid van de raad van bestuur","Dutch","nl","Lid van de raad van bestuur","","","2023-06-28","ACTV","","","","23 MAART 2019. — Wet tot invoering van het Wetboek van vennootschappen en verenigingen en houdende diverse bepalingen - BOEK 7: TITEL 4: HOOFDSTUK 1: Art.7:99"
"PDES2K","Belgium","BE","","","Aktiengesellschaft","R85P","Vorstandsmitglied","German","de","Vorstandsmitglied","","","2023-06-28","ACTV","","","","23 MARZ 2019. — Gesetzbuch der Gesellschaften und Vereinigungen"
"PNPDW1","Belgium","BE","","","Société anonyme","R85P","Membre du conseil de surveillance","French","fr","Membre du conseil de surveillance","","","2023-06-28","ACTV","","","","23 MARS 2019. — Loi introduisant le Code des sociétés et des associations et portant des dispositions diverses - Livre 7: Titre 4: CHAPITRE 1: Art. 7:85"
"PNPDW1","Belgium","BE","","","Naamloze vennootschap","R85P","Lid van raad van toezicht","Dutch","nl","Lid van raad van toezicht","","","2023-06-28","ACTV","","","","23 MAART 2019. — Wet tot invoering van het Wetboek van vennootschappen en verenigingen en houdende diverse bepalingen - BOEK 7: TITEL 4: HOOFDSTUK 1: Art.7:104"
"PNPDW1","Belgium","BE","","","Aktiengesellschaft","R85P","Aufsichtsratsmitglied","German","de","Aufsichtsratsmitglied","","","2023-06-28","ACTV","","","","23 MARZ 2019. — Gesetzbuch der Gesellschaften und Vereinigungen"
"PQEFRO","Belgium","BE","","","Besloten Vennootschap","3W7E","Obligatiehouder","Dutch","nl","Obligatiehouder","","","2023-06-28","ACTV","","","","23 MAART 2019. — Wet tot invoering van het Wetboek van vennootschappen en verenigingen en houdende diverse bepalingen - BOEK 5: TITEL 1: HOOFDSTUK 2: Art.5:27.1"
"PQEFRO","Belgium","BE","","","Société à responsabilité limitée","3W7E","Obligataire","French","fr","Obligataire","","","2023-06-28","ACTV","","","","23 MARS 2019. — Loi introduisant le Code des sociétés et des associations et portant des dispositions diverses - Livre 5: Titre 1: CHAPITRE 2: Art. 5:27:1"
"PQEFRO","Belgium","BE","","","Gesellschaft mit beschränkter Haftung","3W7E","Anleiheinhaber","German","de","Anleiheinhaber","","","2023-06-28","ACTV","","","","23 MARZ 2019. — Gesetzbuch der Gesellschaften und Vereinigungen"
"QCCKMP","Belgium","BE","","","Association sans but lucratif","W3WH","Associé","French","fr","Associé","","","2023-06-28","ACTV","","","","23 MARS 2019. — Loi introduisant le Code des sociétés et des associations et portant des dispositions diverses - PARTIE 1re: LIVRE 1er: TITRE 1er: Art. 1:1"
"QCCKMP","Belgium","BE","","","Vereniging zonder winstoogmerk","W3WH","Vennoot","Dutch","nl","Vennoot","","","2023-06-28","ACTV","","","","23 MAART 2019. — Wet tot invoering van het Wetboek van vennootschappen en verenigingen en houdende diverse bepalingen - TITEL 1: HOOFDSTUK 1: Art.1:1"
"QCCKMP","Belgium","BE","","","Vereinigung ohne Gewinnerzielungsabsicht","W3WH","Gesellschafter","German","de","Gesellschafter","","","2023-06-28","ACTV","","","","23 MARZ 2019. — Gesetzbuch der Gesellschaften und Vereinigungen"
"QMTCGJ","Belgium","BE","","","Besloten Vennootschap","3W7E","Bestuurder","Dutch","nl","Bestuurder","","","2023-06-28","ACTV","","","","23 MAART 2019. — Wet tot invoering van het Wetboek van vennootschappen en verenigingen en houdende diverse bepalingen - BOEK 5: TITEL 4: HOOFDSTUK 1: Art.5:73.1"
"QMTCGJ","Belgium","BE","","","Société à responsabilité limitée","3W7E","Administrateur","French","fr","Administrateur","","","2023-06-28","ACTV","","","","23 MARS 2019. — Loi introduisant le Code des sociétés et des associations et portant des dispositions diverses - Livre 5: Titre 4: CHAPITRE 1: Art. 5:73:1"
"QMTCGJ","Belgium","BE","","","Gesellschaft mit beschränkter Haftung","3W7E","Verwalter","German","de","Verwalter","","","2023-06-28","ACTV","","","","23 MARZ 2019. — Gesetzbuch der Gesellschaften und Vereinigungen"
"QRWQDE","Belgium","BE","","","Société anonyme","R85P","Administrateur","French","fr","Administrateur","","","2023-06-28","ACTV","","","","23 MARS 2019. — Loi introduisant le Code des sociétés et des associations et portant des dispositions diverses - Livre 7: Titre 4: CHAPITRE 1: Art. 7:104"
"QRWQDE","Belgium","BE","","","Naamloze vennootschap","R85P","Bestuurder","Dutch","nl","Bestuurder","","","2023-06-28","ACTV","","","","23 MAART 2019. — Wet tot invoering van het Wetboek van vennootschappen en verenigingen en houdende diverse bepalingen - BOEK 7: TITEL 4: HOOFDSTUK 1: Art.7:85"
"QRWQDE","Belgium","BE","","","Aktiengesellschaft","R85P","Verwalter","German","de","Verwalter","","","2023-06-28","ACTV","","","","23 MARZ 2019. — Gesetzbuch der Gesellschaften und Vereinigungen"
"RU8NLX","Belgium","BE","","","Société anonyme","R85P","Titulaire de certificats émis avec la collaboration de la société","French","fr","Titulaire de certificats émis avec la collaboration de la société","","","2023-06-28","ACTV","","","","23 MARS 2019. — Loi introduisant le Code des sociétés et des associations et portant des dispositions diverses - Livre 7: Titre 4: CHAPITRE 2: Art. 7:135"
"RU8NLX","Belgium","BE","","","Naamloze vennootschap","R85P","Houder van met medewerking van de vennootschap uitgegeven certificaten","Dutch","nl","Houder van met medewerking van de vennootschap uitgegeven certificaten","","","2023-06-28","ACTV","","","","23 MAART 2019. — Wet tot invoering van het Wetboek van vennootschappen en verenigingen en houdende diverse bepalingen - BOEK 7: TITEL 4: HOOFDSTUK 2: Art.7:135"
"RU8NLX","Belgium","BE","","","Aktiengesellschaft","R85P","Inhaber von Zertifikaten, die unter Mitwirkung des Unternehmens ausgestellt wurden","German","de","Inhaber von Zertifikaten, die unter Mitwirkung des Unternehmens ausgestellt wurden","","","2023-06-28","ACTV","","","","23 MARZ 2019. — Gesetzbuch der Gesellschaften und Vereinigungen"
"VRBAQV","Belgium","BE","","","Besloten Vennootschap","3W7E","Commissaris","Dutch","nl","Commissaris","","","2023-06-28","ACTV","","","","23 MAART 2019. — Wet tot invoering van het Wetboek van vennootschappen en verenigingen en houdende diverse bepalingen - BOEK 3: TITEL 4: HOOFDSTUK 1: Art.3:58"
"VRBAQV","Belgium","BE","","","Société à responsabilité limitée","3W7E","Commissaire","French","fr","Commissaire","","","2023-06-28","ACTV","","","","23 MARS 2019. — Loi introduisant le Code des sociétés et des associations et portant des dispositions diverses - Livre 3: Titre 4: CHAPITRE 1: Art. 3:58"
"VRBAQV","Belgium","BE","","","Gesellschaft mit beschränkter Haftung","3W7E","Wirtschaftsprüfer","German","de","Wirtschaftsprüfer","","","2023-06-28","ACTV","","","","23 MARZ 2019. — Gesetzbuch der Gesellschaften und Vereinigungen"
"WG0PLW","Belgium","BE","","","Société anonyme","R85P","Obligataire","French","fr","Obligataire","","","2023-06-28","ACTV","","","","23 MARS 2019. — Loi introduisant le Code des sociétés et des associations et portant des dispositions diverses - Livre 7: Titre 3: CHAPITRE 2: Art. 7:62"
"WG0PLW","Belgium","BE","","","Naamloze vennootschap","R85P","Obligatiehouder","Dutch","nl","Obligatiehouder","","","2023-06-28","ACTV","","","","23 MAART 2019. — Wet tot invoering van het Wetboek van vennootschappen en verenigingen en houdende diverse bepalingen - BOEK 7: TITEL 3: HOOFDSTUK 2: Art.7:62"
"WG0PLW","Belgium","BE","","","Aktiengesellschaft","R85P","Anleiheinhaber","German","de","Anleiheinhaber","","","2023-06-28","ACTV","","","","23 MARZ 2019. — Gesetzbuch der Gesellschaften und Vereinigungen"
"WOYWOR","Belgium","BE","","","Besloten Vennootschap","3W7E","Vennoot","Dutch","nl","Vennoot","","","2023-06-28","ACTV","","","","23 MAART 2019. — Wet tot invoering van het Wetboek van vennootschappen en verenigingen en houdende diverse bepalingen - BOEK 1: TITEL 1: Art.1:1"
"WOYWOR","Belgium","BE","","","Société à responsabilité limitée","3W7E","Associé","French","fr","Associé","","","2023-06-28","ACTV","","","","23 MARS 2019. — Loi introduisant le Code des sociétés et des associations et portant des dispositions diverses - PARTIE 1re: LIVRE 1er: TITRE 1er: Art. 1:1"
"WOYWOR","Belgium","BE","","","Gesellschaft mit beschränkter Haftung","3W7E","Gesellschafter","German","de","Gesellschafter","","","2023-06-28","ACTV","","","","23 MARZ 2019. — Gesetzbuch der Gesellschaften und Vereinigungen - Teil 1: Buch 1: Title 1 - Art.1:1"
"XEVXDQ","Belgium","BE","","","Société anonyme","R85P","Titulaire d’obligations convertibles","French","fr","Titulaire d’obligations convertibles","","","2023-06-28","ACTV","","","","23 MARS 2019. — Loi introduisant le Code des sociétés et des associations et portant des dispositions diverses - Livre 7: Titre 4: CHAPITRE 2: Art. 7:135"
"XEVXDQ","Belgium","BE","","","Naamloze vennootschap","R85P","Houder van converteerbare obligaties","Dutch","nl","Houder van converteerbare obligaties","","","2023-06-28","ACTV","","","","23 MAART 2019. — Wet tot invoering van het Wetboek van vennootschappen en verenigingen en houdende diverse bepalingen - BOEK 7: TITEL 4: HOOFDSTUK 2: Art.7:135"
"XEVXDQ","Belgium","BE","","","Aktiengesellschaft","R85P","Inhaber von Wandelschuldverschreibungen","German","de","Inhaber von Wandelschuldverschreibungen","","","2023-06-28","ACTV","","","","23 MARZ 2019. — Gesetzbuch der Gesellschaften und Vereinigungen"
"1C6E6K","Canada","CA","Alberta","CA-AB","Alberta Business Corporation","8ZH8","officer","English","en","officer","","","2023-06-28","ACTV","","","","Business Corporations Act 1981 - 18"
"47X0XM","Canada","CA","Alberta","CA-AB","Alberta Business Corporation","8ZH8","liquidator","English","en","liquidator","Liq.","","2023-06-28","ACTV","","","","Business Corporations Act 1981 - 210"
"5MHKOF","Canada","CA","Alberta","CA-AB","Alberta Business Corporation","8ZH8","debenture holder","English","en","debenture holder","","","2023-06-28","ACTV","","","","Business Corporations Act 1981 - 88.2"
"60FLDM","Canada","CA","Alberta","CA-AB","Alberta Business Corporation","8ZH8","security holder","English","en","security holder","","","2023-06-28","ACTV","","","","Business Corporations Act 1981 - 45.1"
"633YVQ","Canada","CA","Alberta","CA-AB","Alberta Business Corporation","8ZH8","trustee","English","en","trustee","","","2023-06-28","ACTV","","","","Business Corporations Act 1981 - 77"
"7LUPKY","Canada","CA","Alberta","CA-AB","Alberta Business Corporation","8ZH8","incorporator","English","en","incorporator","","","2023-06-28","ACTV","","","","Business Corporations Act 1981 - 1, 5"
"824JT5","Canada","CA","Alberta","CA-AB","Alberta Business Corporation","8ZH8","shareholder","English","en","shareholder","","","2023-06-28","ACTV","","","","Business Corporations Act 1981 - 21"
"AAPYHQ","Canada","CA","Alberta","CA-AB","Alberta Business Corporation","8ZH8","managing director","English","en","managing director","MD, M.D.","","2023-06-28","ACTV","","","","Business Corporations Act 1981 - 110"
"AMVRCB","Canada","CA","Alberta","CA-AB","Alberta Business Corporation","8ZH8","receiver","English","en","receiver","","","2023-06-28","ACTV","","","","Business Corporations Act 1981 - 89"
"BCHLVO","Canada","CA","Alberta","CA-AB","Alberta Business Corporation","8ZH8","guarantor","English","en","guarantor","","","2023-06-28","ACTV","","","","Business Corporations Act 1981 - 18"
"FARD2X","Canada","CA","Alberta","CA-AB","Alberta Business Corporation","8ZH8","director","English","en","director","Dir.","","2023-06-28","ACTV","","","","Business Corporations Act 1981 - 1, 6"
"HSN5XM","Canada","CA","Alberta","CA-AB","Alberta limited partnership","RN4K","general partner","English","en","general partner","GP, G.P.","","2023-06-28","ACTV","","","","Partnership Act 2021 - 51.2"
"HUZL4U","Canada","CA","Alberta","CA-AB","Alberta Business Corporation","8ZH8","receiver manager","English","en","receiver manager","","","2023-06-28","ACTV","","","","Business Corporations Act 1981 - 90"
"OTHS2Z","Canada","CA","Alberta","CA-AB","Alberta limited partnership","RN4K","limited partner","English","en","limited partner","LP, L.P.","","2023-06-28","ACTV","","","","Partnership Act 2021 - 51.2"
"ZI27IK","Canada","CA","Alberta","CA-AB","Alberta Business Corporation","8ZH8","auditor","English","en","auditor","","","2023-06-28","ACTV","","","","Business Corporations Act 1981 - 1, 156"
"0Q52OW","Canada","CA","British Columbia","CA-BC","Company (includes community contribution company and unlimited liability company)","YG5M","Incorporator","English","en","Incorporator","","","2023-06-28","ACTV","","","","Business Corporations Act (SBC 2002) - s.10(2)"
"41OMQL","Canada","CA","British Columbia","CA-BC","Company (includes community contribution company and unlimited liability company)","YG5M","Auditor","English","en","Auditor","","","2023-06-28","ACTV","","","","Business Corporations Act (SBC 2002) - s.204"
"63D1YJ","Canada","CA","British Columbia","CA-BC","Limited partnership","23V9","Limited partner","English","en","Limited partner","LP","LP","2023-06-28","ACTV","","","","Partnerships Act - s.50"
"DKUCKP","Canada","CA","British Columbia","CA-BC","Company (includes community contribution company and unlimited liability company)","YG5M","Bearer of a bearer share certificate","English","en","Bearer of a bearer share certificate","","","2023-06-28","ACTV","","","","Business Corporations Act (SBC 2002) - s.58.1"
"HLV72D","Canada","CA","British Columbia","CA-BC","Company (includes community contribution company and unlimited liability company)","YG5M","Applicant agent","English","en","Applicant agent","","","2023-06-28","ACTV","","","","Business Corporations Act (SBC 2002) - s.39"
"KFDFCZ","Canada","CA","British Columbia","CA-BC","Limited partnership","23V9","General partner","English","en","General partner","GP","GP","2023-06-28","ACTV","","","","Partnerships Act - s.50"
"MMCHSF","Canada","CA","British Columbia","CA-BC","Company (includes community contribution company and unlimited liability company)","YG5M","Significant individual","English","en","Significant individual","","","2023-06-28","ACTV","","","","Business Corporations Act (SBC 2002) - s.119.11"
"PJA0NC","Canada","CA","British Columbia","CA-BC","Company (includes community contribution company and unlimited liability company)","YG5M","Director","English","en","Director","","","2023-06-28","ACTV","","","","Business Corporations Act (SBC 2002) - ss.51.93 & 120"
"Q13JFX","Canada","CA","British Columbia","CA-BC","Company (includes community contribution company and unlimited liability company)","YG5M","Shareholder","English","en","Shareholder","","","2023-06-28","ACTV","","","","Business Corporations Act (SBC 2002) - s.17"
"RYPDAQ","Canada","CA","British Columbia","CA-BC","Company (includes community contribution company and unlimited liability company)","YG5M","Debenture holder","English","en","Debenture holder","","","2023-06-28","ACTV","","","","Business Corporations Act (SBC 2002) - s.93"
"TQ7IJE","Canada","CA","British Columbia","CA-BC","Company (includes community contribution company and unlimited liability company)","YG5M","Officer","English","en","Officer","","","2023-06-28","ACTV","","","","Business Corporations Act (SBC 2002) - s.51.993"
"U0CYZA","Canada","CA","British Columbia","CA-BC","Company (includes community contribution company and unlimited liability company)","YG5M","Liquidator","English","en","Liquidator","","","2023-06-28","ACTV","","","","Business Corporations Act (SBC 2002) - ss.319, 334"
"VO3VZS","Canada","CA","British Columbia","CA-BC","Company (includes community contribution company and unlimited liability company)","YG5M","Officer","English","en","Officer","","","2023-06-28","ACTV","","","","Business Corporations Act (SBC 2002) - s.141"
"VYHHQY","Canada","CA","British Columbia","CA-BC","Company (includes community contribution company and unlimited liability company)","YG5M","Receiver","English","en","Receiver","","","2023-06-28","ACTV","","","","Business Corporations Act (SBC 2002) - s.105"
"Y8PQTP","Canada","CA","British Columbia","CA-BC","Company (includes community contribution company and unlimited liability company)","YG5M","Facilitator","English","en","Facilitator","","","2023-06-28","ACTV","","","","Business Corporations Act (SBC 2002) - s.20"
"ZGUAVW","Canada","CA","British Columbia","CA-BC","Company (includes community contribution company and unlimited liability company)","YG5M","Trustee (of a trust indenture)","English","en","Trustee (of a trust indenture)","","","2023-06-28","ACTV","","","","Business Corporations Act (SBC 2002) - s.92"
"03EE4V","Canada","CA","Canada","","cooperative","MGE0","receiver-manager","English","en","receiver-manager","","","2023-06-28","ACTV","","","","Canada Cooperatives Act 1998 - s279"
"03EE4V","Canada","CA","Canada","","coopérative","MGE0","séquestre-gérant","French","fr","séquestre-gérant","","","2023-06-28","ACTV","","","","Loi canadienne sur les coopératives 1998 - s279"
"0XAEMN","Canada","CA","Canada","","cooperative","MGE0","security holder","English","en","security holder","","","2023-06-28","ACTV","","","","Canada Cooperatives Act 1998 - s179"
"0XAEMN","Canada","CA","Canada","","coopérative","MGE0","détenteur de valeurs mobilières","French","fr","détenteur de valeurs mobilières","","","2023-06-28","ACTV","","","","Loi canadienne sur les coopératives 1998 - s179"
"2OL65L","Canada","CA","Canada","","corporation without share capital","D90J","receiver","English","en","receiver","","","2023-06-28","ACTV","","","","Canada Not-for-profit Corporations Act 2009 - s116"
"2OL65L","Canada","CA","Canada","","organisation sans capital-actions","D90J","séquestre","French","fr","séquestre","","","2023-06-28","ACTV","","","","Loi canadienne sur les organisations à but non lucratif 2009 - s116"
"3EA57L","Canada","CA","Canada","","pension fund society","M4IF","director","English","en","director","Dir.","","2023-06-28","ACTV","","","","Pension Fund Societies Act - s8(1)"
"3EA57L","Canada","CA","Canada","","société de caisse de retraite","M4IF","administrateur","French","fr","administrateur","","","2023-06-28","ACTV","","","","Loi sur les sociétés de caisse de retraite - s8(1)"
"3ZYM9O","Canada","CA","Canada","","cooperative","MGE0","liquidator","English","en","liquidator","Liq.","","2023-06-28","ACTV","","","","Canada Cooperatives Act 1998 - s316"
"3ZYM9O","Canada","CA","Canada","","coopérative","MGE0","liquidateur","French","fr","liquidateur","","","2023-06-28","ACTV","","","","Loi canadienne sur les coopératives 1998 - s316"
"41KE0B","Canada","CA","Canada","","pension fund society","M4IF","provisional director","English","en","provisional director","Prov.Dir.","","2023-06-28","ACTV","","","","Pension Fund Societies Act - s4(3)"
"41KE0B","Canada","CA","Canada","","société de caisse de retraite","M4IF","administrateur provisoire","French","fr","administrateur provisoire","","","2023-06-28","ACTV","","","","Loi sur les sociétés de caisse de retraite - s4(3)"
"5HV9FX","Canada","CA","Canada","","business corporation","UDLA","sequestrator","English","en","sequestrator","","","2023-06-28","ACTV","","","","Canada Business Corporations Act 1985 - s94"
"5NU39X","Canada","CA","Canada","","board of trade","59T2","president","English","en","president","Pres.","","2023-06-28","ACTV","","","","Boards of Trade Act 1985 - s9"
"5NU39X","Canada","CA","Canada","","chambre de commerce","59T2","président","French","fr","président","Pres.","","2023-06-28","ACTV","","","","Loi sur les chambres de commerce 1985 - s9"
"5YAUSI","Canada","CA","Canada","","business corporation","UDLA","shareholder","English","en","shareholder","","","2023-06-28","ACTV","","","","Canada Business Corporations Act 1985 - s6(3)"
"5YAUSI","Canada","CA","Canada","","société par actions","UDLA","actionnaire","French","fr","actionnaire","","","2023-06-28","ACTV","","","","Loi canadienne sur les sociétés par actions 1985 -s6(3)"
"BATZJU","Canada","CA","Canada","","corporation without share capital","D90J","director","English","en","director","Dir.","","2023-06-28","ACTV","","","","Canada Not-for-profit Corporations Act 2009 - s2(1)"
"BATZJU","Canada","CA","Canada","","organisation sans capital-actions","D90J","administrateur","French","fr","administrateur","","","2023-06-28","ACTV","","","","Loi canadienne sur les organisations à but non lucratif 2009 - s2(1)"
"BPSQS2","Canada","CA","Canada","","business corporation","UDLA","liquidator","English","en","liquidator","Liq.","","2023-06-28","ACTV","","","","Canada Business Corporations Act 1985 - s220"
"BPSQS2","Canada","CA","Canada","","société par actions","UDLA","liquidateur","French","fr","liquidateur","","","2023-06-28","ACTV","","","","Loi canadienne sur les sociétés par actions 1985 -s220"
"CMNFHI","Canada","CA","Canada","","board of trade","59T2","vice-president","English","en","vice-president","VP","","2023-06-28","ACTV","","","","Boards of Trade Act 1985 - s9"
"CMNFHI","Canada","CA","Canada","","chambre de commerce","59T2","vice-président","French","fr","vice-président","VP","","2023-06-28","ACTV","","","","Loi sur les chambres de commerce 1985 - s9"
"D9YDXK","Canada","CA","Canada","","cooperative","MGE0","officer","English","en","officer","","","2023-06-28","ACTV","","","","Canada Cooperatives Act 1998 - s2(1), 108"
"D9YDXK","Canada","CA","Canada","","coopérative","MGE0","dirigeant","French","fr","dirigeant","","","2023-06-28","ACTV","","","","Loi canadienne sur les coopératives 1998 - s2(1)"
"DLLANJ","Canada","CA","Canada","","business corporation","UDLA","officer","English","en","officer","","","2023-06-28","ACTV","","","","Canada Business Corporations Act 1985 - s2.1(1)"
"DLLANJ","Canada","CA","Canada","","société par actions","UDLA","dirigeant","French","fr","dirigeant","","","2023-06-28","ACTV","","","","Loi canadienne sur les sociétés par actions 1985 -2(1)"
"DNCZBP","Canada","CA","Canada","","board of trade","59T2","member of the council","English","en","member of the council","","","2023-06-28","ACTV","","","","Boards of Trade Act 1985 - s9"
"DNCZBP","Canada","CA","Canada","","chambre de commerce","59T2","membre du conseil","French","fr","membre du conseil","","","2023-06-28","ACTV","","","","Loi sur les chambres de commerce 1985 - s9"
"EKJYLZ","Canada","CA","Canada","","business corporation","UDLA","managing director","English","en","managing director","MD, M.D.","","2023-06-28","ACTV","","","","Canada Business Corporations Act 1985 - s115(1)"
"EKJYLZ","Canada","CA","Canada","","société par actions","UDLA","administrateur-gérant,","French","fr","administrateur-gérant,","","","2023-06-28","ACTV","","","","Loi canadienne sur les sociétés par actions 1985 -s115(1)"
"EQNNG8","Canada","CA","Canada","","business corporation","UDLA","receiver","English","en","receiver","","","2023-06-28","ACTV","","","","Canada Business Corporations Act 1985 - s94"
"EQNNG8","Canada","CA","Canada","","société par actions","UDLA","séquestre","French","fr","séquestre","","","2023-06-28","ACTV","","","","Loi canadienne sur les sociétés par actions 1985 -s94"
"EWEBYJ","Canada","CA","Canada","","business corporation","UDLA","receiver-manager","English","en","receiver-manager","","","2023-06-28","ACTV","","","","Canada Business Corporations Act 1985 - s95"
"EWEBYJ","Canada","CA","Canada","","société par actions","UDLA","séquestre-gérant","French","fr","séquestre-gérant","","","2023-06-28","ACTV","","","","Loi canadienne sur les sociétés par actions 1985 -s95"
"H0E0EV","Canada","CA","Canada","","pension fund society","M4IF","officer","English","en","officer","","","2023-06-28","ACTV","","","","Pension Fund Societies Act - s8(2)"
"H0E0EV","Canada","CA","Canada","","société de caisse de retraite","M4IF","dirigeant","French","fr","dirigeant","","","2023-06-28","ACTV","","","","Loi sur les sociétés de caisse de retraite - s8(2)"
"ILQSS3","Canada","CA","Canada","","cooperative","MGE0","auditor","English","en","auditor","","","2023-06-28","ACTV","","","","Canada Cooperatives Act 1998 - s2(1), 254"
"ILQSS3","Canada","CA","Canada","","coopérative","MGE0","vérificateur","French","fr","vérificateur","","","2023-06-28","ACTV","","","","Loi canadienne sur les coopératives 1998 - s2(1)"
"ITMADL","Canada","CA","Canada","","cooperative","MGE0","trustee","English","en","trustee","","","2023-06-28","ACTV","","","","Canada Cooperatives Act 1998 - s266,271"
"ITMADL","Canada","CA","Canada","","coopérative","MGE0","fiduciaire","French","fr","fiduciaire","","","2023-06-28","ACTV","","","","Loi canadienne sur les coopératives 1998 - s266"
"JM3EYU","Canada","CA","Canada","","business corporation","UDLA","incorporator","English","en","incorporator","","","2023-06-28","ACTV","","","","Canada Business Corporations Act 1985 - s2.1(1)"
"JM3EYU","Canada","CA","Canada","","société par actions","UDLA","fondateur","French","fr","fondateur","","","2023-06-28","ACTV","","","","Loi canadienne sur les sociétés par actions 1985 -2(1)"
"K8PWUX","Canada","CA","Canada","","board of trade","59T2","member","English","en","member","","","2023-06-28","ACTV","","","","Boards of Trade Act 1989 -s20(1)"
"K8PWUX","Canada","CA","Canada","","chambre de commerce","59T2","membre","French","fr","membre","","","2023-06-28","ACTV","","","","Loi sur les chambres de commerce 1985 - s20(1)"
"KH2WSA","Canada","CA","Canada","","business corporation","UDLA","security holder","English","en","security holder","","","2023-06-28","ACTV","","","","Canada Business Corporations Act 1985 - s49(1)"
"KH2WSA","Canada","CA","Canada","","société par actions","UDLA","détenteur de valeurs mobilières","French","fr","détenteur de valeurs mobilières","","","2023-06-28","ACTV","","","","Loi canadienne sur les sociétés par actions 1985 -s49(1)"
"M6KNXB","Canada","CA","Canada","","cooperative","MGE0","managing director","English","en","managing director","MD, M.D.","","2023-06-28","ACTV","","","","Canada Cooperatives Act 1998 - s109"
"M6KNXB","Canada","CA","Canada","","coopérative","MGE0","administrateur-gérant","French","fr","administrateur-gérant","","","2023-06-28","ACTV","","","","Loi canadienne sur les coopératives 1998 - s109"
"MHDFVR","Canada","CA","Canada","","board of trade","59T2","secretary","English","en","secretary","Sec.","","2023-06-28","ACTV","","","","Boards of Trade Act 1989 -s11"
"MHDFVR","Canada","CA","Canada","","chambre de commerce","59T2","secrétaire","French","fr","secrétaire","Sec.","","2023-06-28","ACTV","","","","Loi sur les chambres de commerce 1985 - s11"
"MOTBDW","Canada","CA","Canada","","pension fund society","M4IF","member","English","en","member","","","2023-06-28","ACTV","","","","Pension Fund Societies Act - s11(1)"
"MOTBDW","Canada","CA","Canada","","société de caisse de retraite","M4IF","membre","French","fr","membre","","","2023-06-28","ACTV","","","","Loi sur les sociétés de caisse de retraite - s11(1)"
"MSXJ0H","Canada","CA","Canada","","corporation without share capital","D90J","officer","English","en","officer","","","2023-06-28","ACTV","","","","Canada Not-for-profit Corporations Act 2009 - s2(1)"
"MSXJ0H","Canada","CA","Canada","","organisation sans capital-actions","D90J","dirigeant","French","fr","dirigeant","","","2023-06-28","ACTV","","","","Loi canadienne sur les organisations à but non lucratif 2009 - s2(1)"
"MWXUCP","Canada","CA","Canada","","corporation without share capital","D90J","sequestrator","English","en","sequestrator","","","2023-06-28","ACTV","","","","Canada Not-for-profit Corporations Act 2009 - s116"
"OK6VLQ","Canada","CA","Canada","","cooperative","MGE0","sequestrator","English","en","sequestrator","","","2023-06-28","ACTV","","","","Canada Cooperatives Act 1998 - s278"
"OQPQ9W","Canada","CA","Canada","","business corporation","UDLA","trustee","English","en","trustee","","","2023-06-28","ACTV","","","","Canada Business Corporations Act 1985 - s82(1)"
"OQPQ9W","Canada","CA","Canada","","société par actions","UDLA","fiduciaire","French","fr","fiduciaire","","","2023-06-28","ACTV","","","","Loi canadienne sur les sociétés par actions 1985 -s82(1)"
"OSC6ZV","Canada","CA","Canada","","cooperative","MGE0","shareholder","English","en","shareholder","","","2023-06-28","ACTV","","","","Canada Cooperatives Act 1998 - s2(1)"
"OSC6ZV","Canada","CA","Canada","","coopérative","MGE0","détenteur de parts de placement","French","fr","détenteur de parts de placement","","","2023-06-28","ACTV","","","","Loi canadienne sur les coopératives 1998 - s2(1)"
"QOBWIO","Canada","CA","Canada","","business corporation","UDLA","individual with significant control","English","en","individual with significant control","","","2023-06-28","ACTV","","","","Canada Business Corporations Act 1985 - s2.1(1)"
"QOBWIO","Canada","CA","Canada","","société par actions","UDLA","particulier ayant un contrôle important","French","fr","particulier ayant un contrôle important","","","2023-06-28","ACTV","","","","Loi canadienne sur les sociétés par actions 1985 -2.1(1)"
"R6N8TM","Canada","CA","Canada","","cooperative","MGE0","member","English","en","member","","","2023-06-28","ACTV","","","","Canada Cooperatives Act 1998 - s2(1)"
"R6N8TM","Canada","CA","Canada","","coopérative","MGE0","membre","French","fr","membre","","","2023-06-28","ACTV","","","","Loi canadienne sur les coopératives 1998 - s2(1)"
"RJDYUC","Canada","CA","Canada","","corporation without share capital","D90J","receiver-manager","English","en","receiver-manager","","","2023-06-28","ACTV","","","","Canada Not-for-profit Corporations Act 2009 - s117"
"RJDYUC","Canada","CA","Canada","","organisation sans capital-actions","D90J","séquestre-gérant","French","fr","séquestre-gérant","","","2023-06-28","ACTV","","","","Loi canadienne sur les organisations à but non lucratif 2009 - s117"
"RQST1K","Canada","CA","Canada","","cooperative","MGE0","director","English","en","director","Dir.","","2023-06-28","ACTV","","","","Canada Cooperatives Act 1998 - s2(1)"
"RQST1K","Canada","CA","Canada","","coopérative","MGE0","administrateur","French","fr","administrateur","","","2023-06-28","ACTV","","","","Loi canadienne sur les coopératives 1998 - s2(1)"
"SDJJY9","Canada","CA","Canada","","corporation without share capital","D90J","trustee","English","en","trustee","","","2023-06-28","ACTV","","","","Canada Not-for-profit Corporations Act 2009 - s104(1)"
"SDJJY9","Canada","CA","Canada","","organisation sans capital-actions","D90J","fiduciaire","French","fr","fiduciaire","","","2023-06-28","ACTV","","","","Loi canadienne sur les organisations à but non lucratif 2009 - s104(1)"
"SPPFOE","Canada","CA","Canada","","corporation without share capital","D90J","incorporator","English","en","incorporator","","","2023-06-28","ACTV","","","","Canada Not-for-profit Corporations Act 2009 - s2(1)"
"SPPFOE","Canada","CA","Canada","","organisation sans capital-actions","D90J","fondateur","French","fr","fondateur","","","2023-06-28","ACTV","","","","Loi canadienne sur les organisations à but non lucratif 2009 - s2(1)"
"TJDYUT","Canada","CA","Canada","","board of trade","59T2","incorporator","English","en","incorporator","","","2023-06-28","ACTV","","","","Boards of Trade Act 1985 - s9"
"TJDYUT","Canada","CA","Canada","","chambre de commerce","59T2","membre de la personne morale","French","fr","membre de la personne morale","","","2023-06-28","ACTV","","","","Loi sur les chambres de commerce 1985 - s9"
"USORJS","Canada","CA","Canada","","business corporation","UDLA","auditor","English","en","auditor","","","2023-06-28","ACTV","","","","Canada Business Corporations Act 1985 - s2.1(1)"
"USORJS","Canada","CA","Canada","","société par actions","UDLA","vérificateur","French","fr","vérificateur","","","2023-06-28","ACTV","","","","Loi canadienne sur les sociétés par actions 1985 -2(1)"
"VMWV6K","Canada","CA","Canada","","board of trade","59T2","member of the Board of Arbitration (arbitrator)","English","en","member of the Board of Arbitration (arbitrator)","","","2023-06-28","ACTV","","","","Boards of Trade Act 1989 -s32(1)"
"VMWV6K","Canada","CA","Canada","","chambre de commerce","59T2","membre du conseil d’arbitrage (arbitre)","French","fr","membre du conseil d’arbitrage (arbitre)","","","2023-06-28","ACTV","","","","Loi sur les chambres de commerce 1985 - s32"
"WPGITO","Canada","CA","Canada","","corporation without share capital","D90J","debt obligation holder","English","en","debt obligation holder","","","2023-06-28","ACTV","","","","Canada Not-for-profit Corporations Act 2009 - s22(4)"
"WPGITO","Canada","CA","Canada","","organisation sans capital-actions","D90J","détenteur de titres de créance","French","fr","détenteur de titres de créance","","","2023-06-28","ACTV","","","","Loi canadienne sur les organisations à but non lucratif 2009 - s22(4)"
"WYPWKM","Canada","CA","Canada","","business corporation","UDLA","director","English","en","director","Dir.","","2023-06-28","ACTV","","","","Canada Business Corporations Act 1985 - s2.1(1)"
"WYPWKM","Canada","CA","Canada","","société par actions","UDLA","administrateur","French","fr","administrateur","","","2023-06-28","ACTV","","","","Loi canadienne sur les sociétés par actions 1985 -2(1)"
"XW6L2L","Canada","CA","Canada","","cooperative","MGE0","incorporator","English","en","incorporator","","","2023-06-28","ACTV","","","","Canada Cooperatives Act 1998 - s2(1)"
"XW6L2L","Canada","CA","Canada","","coopérative","MGE0","fondateur","French","fr","fondateur","","","2023-06-28","ACTV","","","","Loi canadienne sur les coopératives 1998 - s2(1)"
"YZHQTH","Canada","CA","Canada","","corporation without share capital","D90J","member","English","en","member","","","2023-06-28","ACTV","","","","Canada Not-for-profit Corporations Act 2009 - s7(1)"
"YZHQTH","Canada","CA","Canada","","organisation sans capital-actions","D90J","membre","French","fr","membre","","","2023-06-28","ACTV","","","","Loi canadienne sur les organisations à but non lucratif 2009 - s7(1)"
"ZZB1ZX","Canada","CA","Canada","","cooperative","MGE0","receiver","English","en","receiver","","","2023-06-28","ACTV","","","","Canada Cooperatives Act 1998 - s278"
"ZZB1ZX","Canada","CA","Canada","","coopérative","MGE0","séquestre","French","fr","séquestre","","","2023-06-28","ACTV","","","","Loi canadienne sur les coopératives 1998 - s278"
"0LIPXO","Canada","CA","Manitoba","CA-MB","Share corporations (including professional corporations)","FN6X","liquidator","English","en","liquidator","Liq.","","2023-06-28","ACTV","","","","The Corporations Act 2021 - 213.1"
"2GVNB4","Canada","CA","Manitoba","CA-MB","Share corporations (including professional corporations)","FN6X","individual with significant control","English","en","individual with significant control","","","2023-06-28","ACTV","","","","The Corporations Act 2021 - 2.1.1"
"9DI8LG","Canada","CA","Manitoba","CA-MB","Share corporations (including professional corporations)","FN6X","director","English","en","director","Dir.","","2023-06-28","ACTV","","","","The Corporations Act 2021 - 1.1"
"AIQQI5","Canada","CA","Manitoba","CA-MB","Share corporations (including professional corporations)","FN6X","attorney","English","en","attorney","Att.","","2023-06-28","ACTV","","","","The Corporations Act 2021 - 186.1"
"DTYRSC","Canada","CA","Manitoba","CA-MB","Share corporations (including professional corporations)","FN6X","trustee","English","en","trustee","","","2023-06-28","ACTV","","","","The Corporations Act 2021 - 77.1"
"JIZLCT","Canada","CA","Manitoba","CA-MB","Share corporations (including professional corporations)","FN6X","receiver manager","English","en","receiver manager","","","2023-06-28","ACTV","","","","The Corporations Act 2021 - 90"
"KPB64K","Canada","CA","Manitoba","CA-MB","Share corporations (including professional corporations)","FN6X","officer","English","en","officer","","","2023-06-28","ACTV","","","","The Corporations Act 2021 - 18, 116"
"MBMDLK","Canada","CA","Manitoba","CA-MB","Share corporations (including professional corporations)","FN6X","security holder","English","en","security holder","","","2023-06-28","ACTV","","","","The Corporations Act 2021 - 45.1"
"MNOD6X","Canada","CA","Manitoba","CA-MB","Share corporations (including professional corporations)","FN6X","auditor","English","en","auditor","","","2023-06-28","ACTV","","","","The Corporations Act 2021 - 1.1, 156.1"
"OYEUHV","Canada","CA","Manitoba","CA-MB","Limited Partnership","OPRT","attorney","English","en","attorney","Att.","","2023-06-28","ACTV","","","","The Partnership Act - 66.1.5"
"R3MKZC","Canada","CA","Manitoba","CA-MB","Share corporations (including professional corporations)","FN6X","incorporator","English","en","incorporator","","","2023-06-28","ACTV","","","","The Corporations Act 2021 - 1.1, 5.1"
"RP8501","Canada","CA","Manitoba","CA-MB","Limited Partnership","OPRT","general partner","English","en","general partner","GP, G.P.","","2023-06-28","ACTV","","","","The Partnership Act - 51.3, 54.1"
"SNB5SH","Canada","CA","Manitoba","CA-MB","Share corporations (including professional corporations)","FN6X","receiver","English","en","receiver","","","2023-06-28","ACTV","","","","The Corporations Act 2021 - 89"
"SVGMKF","Canada","CA","Manitoba","CA-MB","Share corporations (including professional corporations)","FN6X","inspector","English","en","inspector","","","2023-06-28","ACTV","","","","The Corporations Act 2021 - 223.1"
"WMYQ6M","Canada","CA","Manitoba","CA-MB","Share corporations (including professional corporations)","FN6X","guarantor","English","en","guarantor","","","2023-06-28","ACTV","","","","The Corporations Act 2021 - 18"
"WWPXX4","Canada","CA","Manitoba","CA-MB","Share corporations (including professional corporations)","FN6X","shareholder","English","en","shareholder","","","2023-06-28","ACTV","","","","The Corporations Act 2021 - 1.1"
"X458QM","Canada","CA","Manitoba","CA-MB","Limited Partnership","OPRT","limited partner","English","en","limited partner","LP. L.P.","","2023-06-28","ACTV","","","","The Partnership Act - 51.3, 54.1"
"ZBIUT6","Canada","CA","Manitoba","CA-MB","Share corporations (including professional corporations)","FN6X","managing director","English","en","managing director","MD, M.D.","","2023-06-28","ACTV","","","","The Corporations Act 2021 - 110.1"
"17OIPV","Canada","CA","Nova Scotia","CA-NS","unlimited company","42GN","security holder","English","en","security holder","","","2023-06-28","ACTV","","","","An Act Respecting Joint Stock Companies 1989 - 41"
"2SDNLS","Canada","CA","Nova Scotia","CA-NS","unlimited company","42GN","inspector","English","en","inspector","","","2023-06-28","ACTV","","","","An Act Respecting Joint Stock Companies 1989 - 116"
"2SQ1FI","Canada","CA","Nova Scotia","CA-NS","company limited by shares (limited company)","ULJ1","auditor","English","en","auditor","","","2023-06-28","ACTV","","","","An Act Respecting Joint Stock Companies 1989 - 2, 117"
"4FBGXJ","Canada","CA","Nova Scotia","CA-NS","company limited by shares (limited company)","ULJ1","inspector","English","en","inspector","","","2023-06-28","ACTV","","","","An Act Respecting Joint Stock Companies 1989 - 116"
"5H3PMG","Canada","CA","Nova Scotia","CA-NS","unlimited company","42GN","receiver","English","en","receiver","","","2023-06-28","ACTV","","","","An Act Respecting Joint Stock Companies 1989 - 71"
"AVXXAA","Canada","CA","Nova Scotia","CA-NS","company limited by shares (limited company)","ULJ1","officer","English","en","officer","","","2023-06-28","ACTV","","","","An Act Respecting Joint Stock Companies 1989 - 155"
"DZOHXD","Canada","CA","Nova Scotia","CA-NS","unlimited company","42GN","shareholder","English","en","shareholder","","","2023-06-28","ACTV","","","","An Act Respecting Joint Stock Companies 1989 - 19A"
"EDL8UG","Canada","CA","Nova Scotia","CA-NS","unlimited company","42GN","member","English","en","member","","","2023-06-28","ACTV","","","","An Act Respecting Joint Stock Companies 1989 - 12"
"EXMLOH","Canada","CA","Nova Scotia","CA-NS","unlimited company","42GN","receiver manager","English","en","receiver manager","","","2023-06-28","ACTV","","","","An Act Respecting Joint Stock Companies 1989 - 97"
"GWUMBG","Canada","CA","Nova Scotia","CA-NS","company limited by shares (limited company)","ULJ1","debenture holder","English","en","debenture holder","","","2023-06-28","ACTV","","","","An Act Respecting Joint Stock Companies 1989 - 19.4A"
"JFTS1G","Canada","CA","Nova Scotia","CA-NS","company limited by shares (limited company)","ULJ1","director","English","en","director","Dir.","","2023-06-28","ACTV","","","","An Act Respecting Joint Stock Companies 1989 - 2, 93"
"JP7HEP","Canada","CA","Nova Scotia","CA-NS","unlimited company","42GN","officer","English","en","officer","","","2023-06-28","ACTV","","","","An Act Respecting Joint Stock Companies 1989 - 155"
"KJGUWR","Canada","CA","Nova Scotia","CA-NS","company limited by shares (limited company)","ULJ1","guarantor","English","en","guarantor","","","2023-06-28","ACTV","","","","An Act Respecting Joint Stock Companies 1989 - 30"
"ML2CLQ","Canada","CA","Nova Scotia","CA-NS","company limited by shares (limited company)","ULJ1","secretary","English","en","secretary","Sec.","","2023-06-28","ACTV","","","","An Act Respecting Joint Stock Companies 1989 - 155"
"OEKN4R","Canada","CA","Nova Scotia","CA-NS","company limited by shares (limited company)","ULJ1","shareholder","English","en","shareholder","","","2023-06-28","ACTV","","","","An Act Respecting Joint Stock Companies 1989 - 19A"
"OOLLUM","Canada","CA","Nova Scotia","CA-NS","company limited by shares (limited company)","ULJ1","manager","English","en","manager","Mgr.","","2023-06-28","ACTV","","","","An Act Respecting Joint Stock Companies 1989 - 73"
"PFGMHM","Canada","CA","Nova Scotia","CA-NS","company limited by shares (limited company)","ULJ1","member","English","en","member","","","2023-06-28","ACTV","","","","An Act Respecting Joint Stock Companies 1989 - 12"
"PO6MBP","Canada","CA","Nova Scotia","CA-NS","unlimited company","42GN","debenture holder","English","en","debenture holder","","","2023-06-28","ACTV","","","","An Act Respecting Joint Stock Companies 1989 - 19.4A"
"RJMPK9","Canada","CA","Nova Scotia","CA-NS","company limited by shares (limited company)","ULJ1","receiver manager","English","en","receiver manager","","","2023-06-28","ACTV","","","","An Act Respecting Joint Stock Companies 1989 - 97"
"S2MOQR","Canada","CA","Nova Scotia","CA-NS","company limited by shares (limited company)","ULJ1","subscriber","English","en","subscriber","","","2023-06-28","ACTV","","","","An Act Respecting Joint Stock Companies 1989 - 9c"
"TIKX5B","Canada","CA","Nova Scotia","CA-NS","unlimited company","42GN","director","English","en","director","Dir.","","2023-06-28","ACTV","","","","An Act Respecting Joint Stock Companies 1989 - 2, 93"
"TOOJGR","Canada","CA","Nova Scotia","CA-NS","unlimited company","42GN","guarantor","English","en","guarantor","","","2023-06-28","ACTV","","","","An Act Respecting Joint Stock Companies 1989 - 30"
"WBBV1T","Canada","CA","Nova Scotia","CA-NS","unlimited company","42GN","auditor","English","en","auditor","","","2023-06-28","ACTV","","","","An Act Respecting Joint Stock Companies 1989 - 2, 117"
"WFYQ0D","Canada","CA","Nova Scotia","CA-NS","unlimited company","42GN","secretary","English","en","secretary","Sec.","","2023-06-28","ACTV","","","","An Act Respecting Joint Stock Companies 1989 - 155"
"XN0V5V","Canada","CA","Nova Scotia","CA-NS","company limited by shares (limited company)","ULJ1","receiver","English","en","receiver","","","2023-06-28","ACTV","","","","An Act Respecting Joint Stock Companies 1989 - 71"
"XRH8B8","Canada","CA","Nova Scotia","CA-NS","company limited by shares (limited company)","ULJ1","security holder","English","en","security holder","","","2023-06-28","ACTV","","","","An Act Respecting Joint Stock Companies 1989 - 41"
"XSBCNH","Canada","CA","Nova Scotia","CA-NS","unlimited company","42GN","subscriber","English","en","subscriber","","","2023-06-28","ACTV","","","","An Act Respecting Joint Stock Companies 1989 - 9c"
"ZKIR2J","Canada","CA","Nova Scotia","CA-NS","company limited by shares (limited company)","ULJ1","share warrant bearer","English","en","share warrant bearer","","","2023-06-28","ACTV","","","","An Act Respecting Joint Stock Companies 1989 - 47"
"ZLW5PG","Canada","CA","Nova Scotia","CA-NS","unlimited company","42GN","manager","English","en","manager","Mgr.","","2023-06-28","ACTV","","","","An Act Respecting Joint Stock Companies 1989 - 73"
"6MOY0B","Canada","CA","Ontario","CA-ON","Not-For-Profit corporations","CMB6","Auditor","English","en","Auditor","","","2023-06-28","ACTV","","","","Not-for-Profit Corporations Act, 2010 - s.68"
"6ORGDR","Canada","CA","Ontario","CA-ON","Not-For-Profit corporations","CMB6","Member","English","en","Member","","","2023-06-28","ACTV","","","","Not-for-Profit Corporations Act, 2010 - s. 48"
"BEDGOI","Canada","CA","Ontario","CA-ON","Not-For-Profit corporations","CMB6","Inspector","English","en","Inspector","","","2023-06-28","ACTV","","","","Not-for-Profit Corporations Act, 2010 - s.174"
"BXVZIR","Canada","CA","Ontario","CA-ON","Limited Partnership","1JGX","Limited partner","English","en","Limited partner","LP","LP","2023-06-28","ACTV","","","","Limited Partnerships Act, 1990 - ss.2, 10"
"DRWMKR","Canada","CA","Ontario","CA-ON","Not-For-Profit corporations","CMB6","Director","English","en","Director","","","2023-06-28","ACTV","","","","Not-for-Profit Corporations Act, 2010 - ss.1, 17, 21"
"E5BPNY","Canada","CA","Ontario","CA-ON","Business corporations (which includes professional corporations)","O90R","Chief financial officer","English","en","Chief financial officer","CFO","CFO","2023-06-28","ACTV","","","","Business Corporations Act, 1990 - s.127"
"ET5VGF","Canada","CA","Ontario","CA-ON","Limited Partnership","1JGX","General partner","English","en","General partner","GP","GP","2023-06-28","ACTV","","","","Limited Partnerships Act, 1990 - ss.2, 8"
"FNLL5B","Canada","CA","Ontario","CA-ON","Business corporations (which includes professional corporations)","O90R","President","English","en","President","","","2023-06-28","ACTV","","","","Business Corporations Act, 1990 - s.127"
"HC7KPL","Canada","CA","Ontario","CA-ON","Not-For-Profit corporations","CMB6","Managing director","English","en","Managing director","MD","MD","2023-06-28","ACTV","","","","Not-for-Profit Corporations Act, 2010 - s.36"
"HGGWIE","Canada","CA","Ontario","CA-ON","Not-For-Profit corporations","CMB6","Chair (of the board of directors)","English","en","Chair","","","2023-06-28","ACTV","","","","Not-for-Profit Corporations Act, 2010 - s.42"
"HLBGSV","Canada","CA","Ontario","CA-ON","Not-For-Profit corporations","CMB6","Proxyholder","English","en","Proxyholder","","","2023-06-28","ACTV","","","","Not-for-Profit Corporations Act, 2010 - s.66"
"KUQZUK","Canada","CA","Ontario","CA-ON","Business corporations (which includes professional corporations)","O90R","Liquidator","English","en","Liquidator","","","2023-06-28","ACTV","","","","Business Corporations Act, 1990 - s.193"
"LO2S68","Canada","CA","Ontario","CA-ON","Business corporations (which includes professional corporations)","O90R","Managing director","English","en","Managing director","MD","MD","2023-06-28","ACTV","","","","Business Corporations Act, 1990 - s.127"
"OMP7OO","Canada","CA","Ontario","CA-ON","Business corporations (which includes professional corporations)","O90R","Senior officer","English","en","Senior officer","","","2023-06-28","ACTV","","","","Business Corporations Act, 1990 - ss.1"
"OR7PCM","Canada","CA","Ontario","CA-ON","Not-For-Profit corporations","CMB6","Incorporator","English","en","Incorporator","","","2023-06-28","ACTV","","","","Not-for-Profit Corporations Act, 2010 - ss.1, 7"
"OTBTOG","Canada","CA","Ontario","CA-ON","Business corporations (which includes professional corporations)","O90R","Inspector","English","en","Inspector","","","2023-06-28","ACTV","","","","Business Corporations Act, 1990 - s.194"
"P06UVV","Canada","CA","Ontario","CA-ON","Business corporations (which includes professional corporations)","O90R","Officer","English","en","Officer","","","2023-06-28","ACTV","","","","Business Corporations Act, 1990 - ss.1, 133"
"P3ETLF","Canada","CA","Ontario","CA-ON","Business corporations (which includes professional corporations)","O90R","Director","English","en","Director","","","2023-06-28","ACTV","","","","Business Corporations Act, 1990 - ss.1, 115"
"PK0FOK","Canada","CA","Ontario","CA-ON","Business corporations (which includes professional corporations)","O90R","Proxyholder","English","en","Proxyholder","","","2023-06-28","ACTV","","","","Business Corporations Act, 1990 - s.110"
"PXTI0J","Canada","CA","Ontario","CA-ON","Business corporations (which includes professional corporations)","O90R","Contributory","English","en","Contributory","","","2023-06-28","ACTV","","","","Business Corporations Act, 1990 - s.191"
"QHD6KD","Canada","CA","Ontario","CA-ON","Not-For-Profit corporations","CMB6","Debt obligation holder","English","en","Debt obligation holder","","","2023-06-28","ACTV","","","","Not-for-Profit Corporations Act, 2010 - s.174"
"THQE6A","Canada","CA","Ontario","CA-ON","Business corporations (which includes professional corporations)","O90R","Auditor","English","en","Auditor","","","2023-06-28","ACTV","","","","Business Corporations Act, 1990 - s.149"
"UDGMGF","Canada","CA","Ontario","CA-ON","Business corporations (which includes professional corporations)","O90R","Shareholder","English","en","Shareholder","","","2023-06-28","ACTV","","","","Business Corporations Act, 1990 - s.22"
"V0A2N2","Canada","CA","Ontario","CA-ON","Not-For-Profit corporations","CMB6","Officer","English","en","Officer","","","2023-06-28","ACTV","","","","Not-for-Profit Corporations Act, 2010 - s.42"
"VUUZU3","Canada","CA","Ontario","CA-ON","Business corporations (which includes professional corporations)","O90R","Chair","English","en","Chair","","","2023-06-28","ACTV","","","","Business Corporations Act, 1990 - s.127"
"VZPBAR","Canada","CA","Ontario","CA-ON","Not-For-Profit corporations","CMB6","Liquidator","English","en","Liquidator","","","2023-06-28","ACTV","","","","Not-for-Profit Corporations Act, 2010 - s.123"
"W3AHLU","Canada","CA","Ontario","CA-ON","Business corporations (which includes professional corporations)","O90R","Incorporator","English","en","Incorporator","","","2023-06-28","ACTV","","","","Business Corporations Act, 1990 - ss.1,"
"WUXIBT","Canada","CA","Ontario","CA-ON","Business corporations (which includes professional corporations)","O90R","Trustee (of a trust indenture)","English","en","Trustee (of a trust indenture)","","","2023-06-28","ACTV","","","","Business Corporations Act, 1990 - s.46"
"YPZMG3","Canada","CA","Ontario","CA-ON","Not-For-Profit corporations","CMB6","Contributory","English","en","Contributory","","","2023-06-28","ACTV","","","","Not-for-Profit Corporations Act, 2010 - ss.121, 130"
"AWMKMT","Canada","CA","Québec","CA-QC","Société par actions par Loi sur les sociétés par actions","UG3Z","Administrateur","French","fr","Administrateur","","","2023-06-28","ACTV","","","","Loi sur les sociétés par actions, 2011 - Art.5.8"
"CBZKJF","Canada","CA","Québec","CA-QC","Société par actions par Loi sur les sociétés par actions","UG3Z","Séquestre","French","fr","Séquestre","","","2023-06-28","ACTV","","","","Loi sur les sociétés par actions, 2011 - Art.451.2"
"FTDR2G","Canada","CA","Québec","CA-QC","Société par actions par Loi sur les sociétés par actions","UG3Z","Président","French","fr","Président","","","2023-06-28","ACTV","","","","Loi sur les sociétés par actions, 2011 - Art.118.3"
"H3JKVG","Canada","CA","Québec","CA-QC","Société en commandite","RQIC","Commandité","French","fr","Commandité","","","2023-06-28","ACTV","","","","Loi sur la publicité légale des entreprises individuelles, des sociétés et des personnes morales, 2010 - Art.11"
"JQDEYE","Canada","CA","Québec","CA-QC","Société par actions par Loi sur les sociétés par actions","UG3Z","Dirigeant","French","fr","Dirigeant","","","2023-06-28","ACTV","","","","Loi sur les sociétés par actions, 2011 - Arts.2, 116"
"KFS87F","Canada","CA","Québec","CA-QC","Société par actions par Loi sur les sociétés par actions","UG3Z","Vérificateur","French","fr","Vérificateur","","","2023-06-28","ACTV","","","","Loi sur les sociétés par actions, 2011 - Art.231"
"KNIDAR","Canada","CA","Québec","CA-QC","Société par actions par Loi sur les sociétés par actions","UG3Z","Actionnaire","French","fr","Actionnaire","","","2023-06-28","ACTV","","","","Loi sur les sociétés par actions, 2011 - Art.7"
"LIIYBW","Canada","CA","Québec","CA-QC","Société par actions par Loi sur les sociétés par actions","UG3Z","Liquidateur","French","fr","Liquidateur","","","2023-06-28","ACTV","","","","Loi sur les sociétés par actions, 2011 - Art.325"
"QV3MLQ","Canada","CA","Québec","CA-QC","Société par actions par Loi sur les sociétés par actions","UG3Z","Bénéficiaire","French","fr","Bénéficiaire","","","2023-06-28","ACTV","","","","Loi sur les sociétés par actions, 2011 - Arts.2"
"SHZJH1","Canada","CA","Québec","CA-QC","Société par actions par Loi sur les sociétés par actions","UG3Z","Responsable de l’exploitation","French","fr","Responsable de l’exploitation","","","2023-06-28","ACTV","","","","Loi sur les sociétés par actions, 2011 - Art.118.3"
"SNJ5QF","Canada","CA","Québec","CA-QC","Société par actions par Loi sur les sociétés par actions","UG3Z","Responsable des finances","French","fr","Responsable des finances","","","2023-06-28","ACTV","","","","Loi sur les sociétés par actions, 2011 - Art.118.3"
"UAPQXT","Canada","CA","Québec","CA-QC","Société par actions par Loi sur les sociétés par actions","UG3Z","Fondateur","French","fr","Fondateur","","","2023-06-28","ACTV","","","","Loi sur les sociétés par actions, 2011 - Art.3"
"VXAUBK","Canada","CA","Québec","CA-QC","Société en commandite","RQIC","Commanditaire","French","fr","Commanditaire","","","2023-06-28","ACTV","","","","Loi sur la publicité légale des entreprises individuelles, des sociétés et des personnes morales, 2010 - Art.11"
"VXLKET","Canada","CA","Québec","CA-QC","Société par actions par Loi sur les sociétés par actions","UG3Z","Fondé de pouvoir","French","fr","Fondé de pouvoir","","","2023-06-28","ACTV","","","","Loi sur les sociétés par actions, 2011 - Art.173"
"WCACUP","Canada","CA","Québec","CA-QC","Société par actions par Loi sur les sociétés par actions","UG3Z","Responsable de la direction","French","fr","Responsable de la direction","","","2023-06-28","ACTV","","","","Loi sur les sociétés par actions, 2011 - Art.118.3"
"0UESFV","Cayman Islands","KY","","","limited liability company","MPUG","member","English","en","member","","","2023-06-28","ACTV","","","","Limited Liability Companies Act - s.2"
"5YUIGY","Cayman Islands","KY","","","exempted limited partnership","6XB7","qualifying general partner","English","en","qualifying general partner","","","2023-06-28","ACTV","","","","Exempted Limited Partnership Act - s.4(4)"
"AF0U6W","Cayman Islands","KY","","","company limited by shares","OSBR","shadow director","English","en","shadow director","","","2023-06-28","ACTV","","","","Companies Act (2022 Revision) - s89"
"DMYEM2","Cayman Islands","KY","","","limited liability company","MPUG","liquidator","English","en","liquidator","Liq.","","2023-06-28","ACTV","","","","Limited Liability Companies Act - s.37(4)"
"DS6DNK","Cayman Islands","KY","","","company limited by shares","OSBR","subscriber","English","en","subscriber","","","2023-06-28","ACTV","","","","Companies Act (2022 Revision) - s12"
"DXWS38","Cayman Islands","KY","","","company limited by shares","OSBR","auditor","English","en","auditor","","","2023-06-28","ACTV","","","","Companies Act (2022 Revision) - Table A 43"
"EHFTNO","Cayman Islands","KY","","","limited partnership","XAQA","limited partner","English","en","limited partner","LP. L.P.","","2023-06-28","ACTV","","","","Partnership Law (2013 Revision) - s46.2"
"EW065H","Cayman Islands","KY","","","limited liability company","MPUG","manager","English","en","manager","Mgr.","","2023-06-28","ACTV","","","","Limited Liability Companies Act - s.2, 26"
"FQQLUA","Cayman Islands","KY","","","exempted limited partnership","6XB7","limited partner","English","en","limited partner","LP. L.P.","","2023-06-28","ACTV","","","","Exempted Limited Partnership Act - s.2"
"GJLBVI","Cayman Islands","KY","","","company limited by shares","OSBR","beneficial owner","English","en","beneficial owner","","","2023-06-28","ACTV","","","","Companies Act (2022 Revision) - s244"
"GX9OKB","Cayman Islands","KY","","","limited liability company","MPUG","registrable person","English","en","registrable person","","","2023-06-28","ACTV","","","","Limited Liability Companies Act - s.77"
"IDI6VT","Cayman Islands","KY","","","company limited by shares","OSBR","inspector","English","en","inspector","","","2023-06-28","ACTV","","","","Companies Act (2022 Revision) - s67"
"IXBETU","Cayman Islands","KY","","","limited liability company","MPUG","officer","English","en","officer","","","2023-06-28","ACTV","","","","Limited Liability Companies Act - s.104"
"LPB2BS","Cayman Islands","KY","","","company limited by shares","OSBR","officer","English","en","officer","","","2023-06-28","ACTV","","","","Companies Act (2022 Revision) - s2.1"
"NSRV24","Cayman Islands","KY","","","company limited by shares","OSBR","alternate director","English","en","alternate director","Alt.Dir.","","2023-06-28","ACTV","","","","Companies Act (2022 Revision) - s55"
"PVBFEP","Cayman Islands","KY","","","company limited by shares","OSBR","member","English","en","member","","","2023-06-28","ACTV","","","","Companies Act (2022 Revision) - s6"
"QSEQIN","Cayman Islands","KY","","","company limited by shares","OSBR","shareholder","English","en","shareholder","","","2023-06-28","ACTV","","","","Companies Act (2022 Revision) - s37"
"REH3J0","Cayman Islands","KY","","","company limited by shares","OSBR","director","English","en","director","Dir.","","2023-06-28","ACTV","","","","Companies Act (2022 Revision) - s55, 78"
"UKWP2Z","Cayman Islands","KY","","","company limited by shares","OSBR","liquidator","English","en","liquidator","Liq.","","2023-06-28","ACTV","","","","Companies Act (2022 Revision) - s89, 119"
"VOH19Z","Cayman Islands","KY","","","company limited by shares","OSBR","controller","English","en","controller","","","2023-06-28","ACTV","","","","Companies Act (2022 Revision) - s89"
"VV0VM9","Cayman Islands","KY","","","exempted limited partnership","6XB7","general partner","English","en","general partner","GP, G.P.","","2023-06-28","ACTV","","","","Exempted Limited Partnership Act - s.2"
"WF7IY4","Cayman Islands","KY","","","limited liability company","MPUG","beneficial owner","English","en","beneficial owner","","","2023-06-28","ACTV","","","","Limited Liability Companies Act - s.73"
"YW6YHT","Cayman Islands","KY","","","limited partnership","XAQA","general partner","English","en","general partner","GP, G.P.","","2023-06-28","ACTV","","","","Partnership Law (2013 Revision) - s46.2"
"0UIERB","China","CN","","","企业","ECAK","外国公司中国境内分支机构代表人","Chinese","zh","wai guo gong si zhong guo jing nei fen zhi ji gou dai biao ren","","","2023-06-28","ACTV","","","","中华人民共和国公司法2018-第十一章第一百九十三条"
"2R9HM7","China","CN","","","企业","ECAK","实际控制人","Chinese","zh","shi ji kong zhi ren","","","2023-06-28","ACTV","","","","中华人民共和国公司法2018-第一章第十六条"
"3AVSUI","China","CN","","","社会团体","GGZ5","单位会员","Chinese","zh","dan wei hui yuan","","","2023-06-28","ACTV","","","","中华人民共和国国务院社会团体登记管理条例2016-第三章第十条"
"3UTH0O","China","CN","","","社会团体","GGZ5","发起人","Chinese","zh","fa qi ren","","","2023-06-28","ACTV","","","","中华人民共和国国务院社会团体登记管理条例2016-第三章第九条"
"4UBW2R","China","CN","","","基金会","2M6Y","秘书长","Chinese","zh","mi shu zhang","","","2023-06-28","ACTV","","","","中华人民共和国国务院基金会管理条例2004-第二章第九条"
"5OLE58","China","CN","","","基金会","2M6Y","捐赠人","Chinese","zh","juan zeng ren","","","2023-06-28","ACTV","","","","中华人民共和国国务院基金会管理条例2004-第一章第一条"
"ABUW9D","China","CN","","","企业","ECAK","债权人","Chinese","zh","zhai quan ren","","","2023-06-28","ACTV","","","","中华人民共和国公司法2018-第一章第一条"
"AKFQJM","China","CN","","","企业","ECAK","合伙企业清算人","Chinese","zh","he huo qi ye qing suan ren","","","2023-06-28","ACTV","","","","中华人民共和国合伙企业法2006-第四章第八十六条"
"BSIGBP","China","CN","","","企业","ECAK","副董事长","Chinese","zh","fu dong shi zhang","","","2023-06-28","ACTV","","","","中华人民共和国公司法2018-第二章第二节第四十条"
"CSC98J","China","CN","","","基金会","2M6Y","专职工作人员","Chinese","zh","zhuan zhi gong zuo ren yuan","","","2023-06-28","ACTV","","","","中华人民共和国国务院基金会管理条例2004-第六章第四十三条"
"CSQMAC","China","CN","","","企业","ECAK","无记名股票持有人","Chinese","zh","wu ji ming gu piao chi you ren","","","2023-06-28","ACTV","","","","中华人民共和国公司法2018-第四章第二节第一百零二条"
"D0SBTO","China","CN","","","企业","ECAK","执行事务合伙人","Chinese","zh","zhi xing shi wu he huo ren","","","2023-06-28","ACTV","","","","中华人民共和国合伙企业法2006-第二章第三节第二十六条"
"D6U53M","China","CN","","","企业","ECAK","监事会副主席","Chinese","zh","jian shi hui fu zhu xi","","","2023-06-28","ACTV","","","","中华人民共和国公司法2018-第四章第四节第一百一十七条"
"ENZOWM","China","CN","","","企业","ECAK","股东","Chinese","zh","gu dong","","","2023-06-28","ACTV","","","","中华人民共和国公司法2018-第一章第一条"
"EOLGGD","China","CN","","","企业","ECAK","董事长","Chinese","zh","dong shi zhang","","","2023-06-28","ACTV","","","","中华人民共和国公司法2018-第一章第十三条"
"FN7TNN","China","CN","","","基金会","2M6Y","理事","Chinese","zh","li shi","","","2023-06-28","ACTV","","","","中华人民共和国国务院基金会管理条例2004-第二章第九条"
"FWJCM1","China","CN","","","企业","ECAK","监事会主席","Chinese","zh","jian shi hui zhu xi","","","2023-06-28","ACTV","","","","中华人民共和国公司法2018-第二章第二节第五十一条"
"FXDBSO","China","CN","","","事业单位","B5UZ","负责人","Chinese","zh","fu ze ren","","","2023-06-28","ACTV","","","","中华人民共和国国务院事业单位登记管理暂行条例2004-第三章第十八条"
"G4KLEN","China","CN","","","企业","ECAK","经理","Chinese","zh","jing li","","","2023-06-28","ACTV","","","","中华人民共和国公司法2018-第一章第十三条"
"GO1G7A","China","CN","","","企业","ECAK","上市公司董事会秘书","Chinese","zh","shang shi gong si dong shi hui mi shu","","","2023-06-28","ACTV","","","","中华人民共和国公司法2018-第四章第五节第一百二十三条"
"H4ZMMZ","China","CN","","","企业","ECAK","外国公司中国境内分支机构代理人","Chinese","zh","wai guo gong si zhong guo jing nei fen zhi ji gou dai li ren","","","2023-06-28","ACTV","","","","中华人民共和国公司法2018-第十一章第一百九十三条"
"HFDY25","China","CN","","","企业","ECAK","合伙人","Chinese","zh","he huo ren","","","2023-06-28","ACTV","","","","中华人民共和国合伙企业法2006-第一章第一条"
"HLWMP9","China","CN","","","企业","ECAK","认股人","Chinese","zh","ren gu ren","","","2023-06-28","ACTV","","","","中华人民共和国公司法2018-第四章第一节第八十五条"
"I2ZO2Q","China","CN","","","企业","ECAK","副经理","Chinese","zh","fu jing li","","","2023-06-28","ACTV","","","","中华人民共和国公司法2018-第二章第二节第四十六条"
"I8GSFC","China","CN","","","企业","ECAK","高级管理人员","Chinese","zh","gao ji guan li ren yuan","","","2023-06-28","ACTV","","","","中华人民共和国公司法2018-第一章第十一条"
"IE4SJO","China","CN","","","企业","ECAK","职工代表","Chinese","zh","zhi gong dai biao","","","2023-06-28","ACTV","","","","中华人民共和国公司法2018-第二章第二节第三十七条"
"IOLXMG","China","CN","","","企业","ECAK","法定代表人","Chinese","zh","fa ding dai biao ren","","","2023-06-28","ACTV","","","","中华人民共和国公司法2018-第一章第七条"
"IR88TU","China","CN","","","社会团体","GGZ5","法定代表人","Chinese","zh","fa ding dai biao ren","","","2023-06-28","ACTV","","","","中华人民共和国民法典2020-第三章第一节第六十一条"
"IYTE57","China","CN","","","基金会","2M6Y","监事","Chinese","zh","jian shi","","","2023-06-28","ACTV","","","","中华人民共和国国务院基金会管理条例2004-第二章第十条"
"JXI8OY","China","CN","","","企业","ECAK","合伙企业经营管理人员","Chinese","zh","he huo qi ye jing ying guan li ren yuan","","","2023-06-28","ACTV","","","","中华人民共和国合伙企业法2006-第二章第三节第三十一条"
"KE5JYI","China","CN","","","企业","ECAK","有限合伙人","Chinese","zh","you xian he huo ren","","","2023-06-28","ACTV","","","","中华人民共和国合伙企业法2006-第一章第二条"
"LWNMUU","China","CN","","","企业","ECAK","合伙企业从业人员","Chinese","zh","he huo qi ye cong ye ren yuan","","","2023-06-28","ACTV","","","","中华人民共和国合伙企业法2006-第五章第九十六条"
"MMBHZN","China","CN","","","企业","ECAK","执行董事","Chinese","zh","zhi xing dong shi","","","2023-06-28","ACTV","","","","中华人民共和国公司法2018-第一章第十三条"
"N14FUE","China","CN","","","企业","ECAK","债券持有人","Chinese","zh","zhai quan chi you ren","","","2023-06-28","ACTV","","","","中华人民共和国公司法2018-第七章第一百五十七条"
"N1BYTN","China","CN","","","基金会","2M6Y","法定代表人","Chinese","zh","fa ding dai biao ren","","","2023-06-28","ACTV","","","","中华人民共和国民法典2020-第三章第三节第九十三条"
"NMBJOJ","China","CN","","","企业","ECAK","董事","Chinese","zh","dong shi","","","2023-06-28","ACTV","","","","中华人民共和国公司法2018-第一章第十一条"
"ODFU9A","China","CN","","","基金会","2M6Y","理事长","Chinese","zh","li shi zhang","","","2023-06-28","ACTV","","","","中华人民共和国民法典2020-第三章第三节第九十三条"
"OFEN3A","China","CN","","","社会团体","GGZ5","理事长","Chinese","zh","li shi zhang","","","2023-06-28","ACTV","","","","中华人民共和国民法典2020-第三章第三节第九十一条"
"PHYEPP","China","CN","","","企业","ECAK","上市公司独立董事","Chinese","zh","shang shi gong si du li dong shi","","","2023-06-28","ACTV","","","","中华人民共和国公司法2018-第四章第五节第一百二十三条"
"PLQ9E0","China","CN","","","基金会","2M6Y","受益人","Chinese","zh","shou yi ren","","","2023-06-28","ACTV","","","","中华人民共和国国务院基金会管理条例2004-第一章第一条"
"QGXQEI","China","CN","","","事业单位","B5UZ","法定代表人","Chinese","zh","fa ding dai biao ren","","","2023-06-28","ACTV","","","","中华人民共和国民法典2020-第三章第三节第八十九条"
"QMICZN","China","CN","","","企业","ECAK","合伙企业债权人","Chinese","zh","he huo qi ye zhai quan ren","","","2023-06-28","ACTV","","","","中华人民共和国合伙企业法2006-第一章第一条"
"SA4HEM","China","CN","","","基金会","2M6Y","副理事长","Chinese","zh","fu li shi zhang","","","2023-06-28","ACTV","","","","中华人民共和国国务院基金会管理条例2004-第二章第九条"
"SFN2PG","China","CN","","","社会团体","GGZ5","会长","Chinese","zh","hui zhang","","","2023-06-28","ACTV","","","","中华人民共和国民法典2020-第三章第三节第九十一条"
"UNXHKZ","China","CN","","","企业","ECAK","控股股东","Chinese","zh","kong gu gu dong","","","2023-06-28","ACTV","","","","中华人民共和国公司法2018-第一章第二十一条"
"VFMMND","China","CN","","","社会团体","GGZ5","个人会员","Chinese","zh","ge ren hui yuan","","","2023-06-28","ACTV","","","","中华人民共和国国务院社会团体登记管理条例2016-第三章第十条"
"W57YAL","China","CN","","","社会团体","GGZ5","负责人","Chinese","zh","fu ze ren","","","2023-06-28","ACTV","","","","中华人民共和国民法典2020-第三章第三节第十四条"
"WMI3I3","China","CN","","","社会团体","GGZ5","专职工作人员","Chinese","zh","zhuan zhi gong zuo ren yuan","","","2023-06-28","ACTV","","","","中华人民共和国国务院社会团体登记管理条例2016-第三章第十条"
"XQSVN1","China","CN","","","企业","ECAK","普通合伙人","Chinese","zh","pu tong he huo ren","","","2023-06-28","ACTV","","","","中华人民共和国合伙企业法2006-第一章第二条"
"XRUDMQ","China","CN","","","企业","ECAK","财务负责人","Chinese","zh","cai wu fu ze ren","","","2023-06-28","ACTV","","","","中华人民共和国公司法2018-第二章第二节第四十六条"
"XXOO6J","China","CN","","","企业","ECAK","发起人","Chinese","zh","fa qi ren","","","2023-06-28","ACTV","","","","中华人民共和国公司法2018-第四章第一节第七十六条"
"YYCCDR","China","CN","","","个体工商户","RV48","经营者","Chinese","zh","jing ying zhe","","","2023-06-28","ACTV","","","","中华人民共和国国务院个体工商户条例2016-第八条"
"ZT24CH","China","CN","","","企业","ECAK","监事","Chinese","zh","jian shi","","","2023-06-28","ACTV","","","","中华人民共和国公司法2018-第一章第十一条"
"1TCNZ5","Denmark","DK","","","Anpartsselskab","H8VP","kapitalejer","Danish","da","kapitalejer","","","2023-06-28","ACTV","","","","Lov om aktie- og anpartsselskaber (selskabsloven) §50"
"2KL6BY","Denmark","DK","","","Aktieselskab","ZRPO","direktor","Danish","da","direktor","Dir.","","2023-06-28","ACTV","","","","Lov om aktie- og anpartsselskaber (selskabsloven) §111.1"
"4SQ06L","Denmark","DK","","","Fond","1MWR","revisor","Danish","da","revisor","","","2023-06-28","ACTV","","","","Bekendtgørelse af lov om erhvervsdrivende fonde §13"
"5IPZZ7","Denmark","DK","","","Fond","1MWR","uvildige sagkyndige vurderingsmand","Danish","da","uvildige sagkyndige vurderingsmand","","","2023-06-28","ACTV","","","","Bekendtgørelse af lov om erhvervsdrivende fonde §33"
"6YTAID","Denmark","DK","","","Enkeltmandsvirksomhed","FUKI","ejer","Danish","da","ejer","","","2023-06-28","ACTV","","","","Bekendtgørelse af lov om visse erhvervsdrivende virksomheder - 15h"
"6ZZRKZ","Denmark","DK","","","Fond","1MWR","rekonstruktor","Danish","da","rekonstruktor","","","2023-06-28","ACTV","","","","Bekendtgørelse af lov om erhvervsdrivende fonde §122.5"
"77WA85","Denmark","DK","","","Anpartsselskab","H8VP","vurderingsmand","Danish","da","vurderingsmand","","","2023-06-28","ACTV","","","","Lov om aktie- og anpartsselskaber (selskabsloven) §37"
"7TOI3U","Denmark","DK","","","Fond","1MWR","næstformand","Danish","da","næstformand","","","2023-06-28","ACTV","","","","Bekendtgørelse af lov om erhvervsdrivende fonde §37.5"
"A4VGUJ","Denmark","DK","","","Anpartsselskab","H8VP","medarbejdervalgte bestyrelsesmedlem","Danish","da","medarbejdervalgte bestyrelsesmedlem","","","2023-06-28","ACTV","","","","Lov om aktie- og anpartsselskaber (selskabsloven) §51"
"BOIXNH","Denmark","DK","","","Fond","1MWR","stifter","Danish","da","stifter","","","2023-06-28","ACTV","","","","Bekendtgørelse af lov om erhvervsdrivende fonde §13, 26"
"CCKVF7","Denmark","DK","","","Fond","1MWR","bestyrelsesmedlem","Danish","da","bestyrelsesmedlem","","","2023-06-28","ACTV","","","","Bekendtgørelse af lov om erhvervsdrivende fonde §13"
"DA3R6C","Denmark","DK","","","Aktieselskab","ZRPO","aktionær","Danish","da","aktionær","","","2023-06-28","ACTV","","","","Lov om aktie- og anpartsselskaber (selskabsloven) §1"
"FFGROQ","Denmark","DK","","","Aktieselskab","ZRPO","ledelsesmedlem","Danish","da","ledelsesmedlem","","","2023-06-28","ACTV","","","","Lov om aktie- og anpartsselskaber (selskabsloven) §112.2"
"FQRAJK","Denmark","DK","","","Anpartsselskab","H8VP","kapitaltegner","Danish","da","kapitaltegner","","","2023-06-28","ACTV","","","","Lov om aktie- og anpartsselskaber (selskabsloven) §32.4"
"GFN2FF","Denmark","DK","","","Anpartsselskab","H8VP","revisor","Danish","da","revisor","","","2023-06-28","ACTV","","","","Lov om aktie- og anpartsselskaber (selskabsloven) §39"
"GKFCOA","Denmark","DK","","","Aktieselskab","ZRPO","stifter","Danish","da","stifter","","","2023-06-28","ACTV","","","","Lov om aktie- og anpartsselskaber (selskabsloven) §24"
"GSE03P","Denmark","DK","","","Aktieselskab","ZRPO","anmelde","Danish","da","anmelde","","","2023-06-28","ACTV","","","","Lov om aktie- og anpartsselskaber (selskabsloven) §15.2"
"GTSCFQ","Denmark","DK","","","Aktieselskab","ZRPO","medarbejdervalgte bestyrelsesmedlem","Danish","da","medarbejdervalgte bestyrelsesmedlem","","","2023-06-28","ACTV","","","","Lov om aktie- og anpartsselskaber (selskabsloven) §51"
"HNGHYM","Denmark","DK","","","Aktieselskab","ZRPO","likvidator","Danish","da","likvidator","","","2023-06-28","ACTV","","","","Lov om aktie- og anpartsselskaber (selskabsloven) §218"
"I4WNBV","Denmark","DK","","","Aktieselskab","ZRPO","kapitaltegner","Danish","da","kapitaltegner","","","2023-06-28","ACTV","","","","Lov om aktie- og anpartsselskaber (selskabsloven) §32.4"
"IXHQAP","Denmark","DK","","","Fond","1MWR","administrator","Danish","da","administrator","","","2023-06-28","ACTV","","","","Bekendtgørelse af lov om erhvervsdrivende fonde §43"
"K7FYR9","Denmark","DK","","","Fond","1MWR","medlem af direktionen","Danish","da","medlem af direktionen","","","2023-06-28","ACTV","","","","Bekendtgørelse af lov om erhvervsdrivende fonde §13"
"K7SLGP","Denmark","DK","","","Aktieselskab","ZRPO","medarbejderrepræsentant","Danish","da","medarbejderrepræsentant","","","2023-06-28","ACTV","","","","Lov om aktie- og anpartsselskaber (selskabsloven) §142"
"KBZQ4W","Denmark","DK","","","Fond","1MWR","reelle ejer","Danish","da","reelle ejer","","","2023-06-28","ACTV","","","","Bekendtgørelse af lov om erhvervsdrivende fonde §21a"
"KNBOMZ","Denmark","DK","","","Anpartsselskab","H8VP","anmelde","Danish","da","anmelde","","","2023-06-28","ACTV","","","","Lov om aktie- og anpartsselskaber (selskabsloven) §15.2"
"LAGHQ3","Denmark","DK","","","Aktieselskab","ZRPO","kapitalejer","Danish","da","kapitalejer","","","2023-06-28","ACTV","","","","Lov om aktie- og anpartsselskaber (selskabsloven) §50"
"LVUBET","Denmark","DK","","","Fond","1MWR","likvidator","Danish","da","likvidator","","","2023-06-28","ACTV","","","","Bekendtgørelse af lov om erhvervsdrivende fonde §91.6, 108"
"MEXONB","Denmark","DK","","","Fond","1MWR","Ledelsesmedlem","Danish","da","Ledelsesmedlem","","","2023-06-28","ACTV","","","","Bekendtgørelse af lov om erhvervsdrivende fonde §45"
"MPRLRO","Denmark","DK","","","Fond","1MWR","modtager","Danish","da","modtager","","","2023-06-28","ACTV","","","","Bekendtgørelse af lov om erhvervsdrivende fonde §80"
"MWNM9X","Denmark","DK","","","Aktieselskab","ZRPO","vurderingsmand","Danish","da","vurderingsmand","","","2023-06-28","ACTV","","","","Lov om aktie- og anpartsselskaber (selskabsloven) §37"
"Q2G3VH","Denmark","DK","","","Aktieselskab","ZRPO","medlem af bestyrelsen","Danish","da","medlem af bestyrelsen","","","2023-06-28","ACTV","","","","Lov om aktie- og anpartsselskaber (selskabsloven) §111.1"
"QHWHRC","Denmark","DK","","","Anpartsselskab","H8VP","stifter","Danish","da","stifter","","","2023-06-28","ACTV","","","","Lov om aktie- og anpartsselskaber (selskabsloven) §24"
"RTC489","Denmark","DK","","","Anpartsselskab","H8VP","medarbejderrepræsentant","Danish","da","medarbejderrepræsentant","","","2023-06-28","ACTV","","","","Lov om aktie- og anpartsselskaber (selskabsloven) §142"
"S6OBFP","Denmark","DK","","","Fond","1MWR","formand","Danish","da","formand","","","2023-06-28","ACTV","","","","Bekendtgørelse af lov om erhvervsdrivende fonde §37.5"
"SAFBER","Denmark","DK","","","Anpartsselskab","H8VP","likvidator","Danish","da","likvidator","","","2023-06-28","ACTV","","","","Lov om aktie- og anpartsselskaber (selskabsloven) §218"
"SPUSZZ","Denmark","DK","","","Fond","1MWR","Suppleant","Danish","da","Suppleant","","","2023-06-28","ACTV","","","","Bekendtgørelse af lov om erhvervsdrivende fonde §48"
"TEFAXU","Denmark","DK","","","Aktieselskab","ZRPO","formand","Danish","da","formand","","","2023-06-28","ACTV","","","","Lov om aktie- og anpartsselskaber (selskabsloven) §111.1"
"TK6Z63","Denmark","DK","","","Fond","1MWR","anmelde","Danish","da","anmelde","","","2023-06-28","ACTV","","","","Bekendtgørelse af lov om erhvervsdrivende fonde §19"
"UF7GUW","Denmark","DK","","","Anpartsselskab","H8VP","medlem af bestyrelsen","Danish","da","medlem af bestyrelsen","","","2023-06-28","ACTV","","","","Lov om aktie- og anpartsselskaber (selskabsloven) §111.1"
"UKF18H","Denmark","DK","","","Aktieselskab","ZRPO","næstformand","Danish","da","næstformand","","","2023-06-28","ACTV","","","","Lov om aktie- og anpartsselskaber (selskabsloven) §111.1"
"VEZ7VV","Denmark","DK","","","Anpartsselskab","H8VP","reelle ejer","Danish","da","reelle ejer","","","2023-06-28","ACTV","","","","Lov om aktie- og anpartsselskaber (selskabsloven) §58a"
"VFPWPP","Denmark","DK","","","Aktieselskab","ZRPO","medlem af tilsynsråd","Danish","da","medlem af tilsynsråd","","","2023-06-28","ACTV","","","","Lov om aktie- og anpartsselskaber (selskabsloven) §111.2"
"VHFSMY","Denmark","DK","","","Anpartsselskab","H8VP","formand","Danish","da","formand","","","2023-06-28","ACTV","","","","Lov om aktie- og anpartsselskaber (selskabsloven) §111.1"
"X1VVV7","Denmark","DK","","","Aktieselskab","ZRPO","revisor","Danish","da","revisor","","","2023-06-28","ACTV","","","","Lov om aktie- og anpartsselskaber (selskabsloven) §39"
"XZFFHT","Denmark","DK","","","Anpartsselskab","H8VP","direktor","Danish","da","direktor","Dir.","","2023-06-28","ACTV","","","","Lov om aktie- og anpartsselskaber (selskabsloven) §111.1"
"YDLICZ","Denmark","DK","","","Anpartsselskab","H8VP","ledelsesmedlem","Danish","da","ledelsesmedlem","","","2023-06-28","ACTV","","","","Lov om aktie- og anpartsselskaber (selskabsloven) §112.2"
"YGFXIX","Denmark","DK","","","Fond","1MWR","direktor","Danish","da","direktor","Dir.","","2023-06-28","ACTV","","","","Bekendtgørelse af lov om erhvervsdrivende fonde §37"
"YJOWJD","Denmark","DK","","","Anpartsselskab","H8VP","næstformand","Danish","da","næstformand","","","2023-06-28","ACTV","","","","Lov om aktie- og anpartsselskaber (selskabsloven) §111.1"
"ZCCUW8","Denmark","DK","","","Anpartsselskab","H8VP","aktionær","Danish","da","aktionær","","","2023-06-28","ACTV","","","","Lov om aktie- og anpartsselskaber (selskabsloven) §1"
"ZNCZAU","Denmark","DK","","","Anpartsselskab","H8VP","medlem af tilsynsråd","Danish","da","medlem af tilsynsråd","","","2023-06-28","ACTV","","","","Lov om aktie- og anpartsselskaber (selskabsloven) §111.2"
"ZTQ4PG","Denmark","DK","","","Aktieselskab","ZRPO","reelle ejer","Danish","da","reelle ejer","","","2023-06-28","ACTV","","","","Lov om aktie- og anpartsselskaber (selskabsloven) §58a"
"3TZ9PM","Estonia","EE","","","Aktsiaselts","9LJA","Juhatuse liige","Estonian","et","Juhatuse liige","","","2023-06-28","ACTV","","","","Äriseadustik, 2014 - ss.243.7, 308"
"3VVTPX","Estonia","EE","","","Aktsiaselts","9LJA","Prokuristile","Estonian","et","Prokuristile","","","2023-06-28","ACTV","","","","Äriseadustik, 2014 - s.16.1"
"43JXWW","Estonia","EE","","","Osaühing","JC0Y","Asutaja","Estonian","et","Asutaja","","","2023-06-28","ACTV","","","","Äriseadustik, 2014 - ss.17.1, 137.2"
"5CWZL8","Estonia","EE","","","Aktsiaselts","9LJA","Vahetusvõlakirja omanik","Estonian","et","Vahetusvõlakirja omanik","","","2023-06-28","ACTV","","","","Äriseadustik, 2014 - s.241"
"5RJVJB","Estonia","EE","","","Osaühing","JC0Y","Juhatuse liige","Estonian","et","Juhatuse liige","","","2023-06-28","ACTV","","","","Äriseadustik, 2014 - ss.139.7, 180"
"GD5OBU","Estonia","EE","","","Osaühing","JC0Y","Audiitor","Estonian","et","Audiitor","","","2023-06-28","ACTV","","","","Äriseadustik, 2014 - s.190"
"HK0BV9","Estonia","EE","","","Osaühing","JC0Y","Esimees (Juhatuse esimehe)","Estonian","et","Esimees","","","2023-06-28","ACTV","","","","Äriseadustik, 2014 - s.179.6"
"IXXFE2","Estonia","EE","","","Osaühing","JC0Y","Prokuristile","Estonian","et","Prokuristile","","","2023-06-28","ACTV","","","","Äriseadustik, 2014 - s.16.1"
"K710NY","Estonia","EE","","","Osaühing","JC0Y","Nõukogu liige","Estonian","et","Nõukogu liige","","","2023-06-28","ACTV","","","","Äriseadustik, 2014 - ss.139.7, 180"
"KKXO7H","Estonia","EE","","","Aktsiaselts","9LJA","Asutaja","Estonian","et","Asutaja","","","2023-06-28","ACTV","","","","Äriseadustik, 2014 - ss.17.1, 242"
"PMWIUQ","Estonia","EE","","","Osaühing","JC0Y","Aktsionär","Estonian","et","Aktsionär","","","2023-06-28","ACTV","","","","Äriseadustik, 2014 - ss.135.2, 148"
"QE2F3J","Estonia","EE","","","Aktsiaselts","9LJA","Juhataja","Estonian","et","Juhataja","","","2023-06-28","ACTV","","","","Äriseadustik, 2014 - s.308.1"
"T9HIKN","Estonia","EE","","","Aktsiaselts","9LJA","Likvideerija","Estonian","et","Likvideerija","","","2023-06-28","ACTV","","","","Äriseadustik, 2014 - s.369"
"TV1LWM","Estonia","EE","","","Aktsiaselts","9LJA","Nõukogu liige","Estonian","et","Nõukogu liige","","","2023-06-28","ACTV","","","","Äriseadustik, 2014 - ss.243.7, 318"
"UPGZNU","Estonia","EE","","","Osaühing","JC0Y","Likvideerija","Estonian","et","Likvideerija","","","2023-06-28","ACTV","","","","Äriseadustik, 2014 - s.206"
"VO1S4E","Estonia","EE","","","Aktsiaselts","9LJA","Esimees","Estonian","et","Esimees","","","2023-06-28","ACTV","","","","Äriseadustik, 2014 - s.309.4"
"VS1ENQ","Estonia","EE","","","Aktsiaselts","9LJA","Eelisaktsia omanikule","Estonian","et","Eelisaktsia omanikule","","","2023-06-28","ACTV","","","","Äriseadustik, 2014 - s.238.1"
"X7RR59","Estonia","EE","","","Aktsiaselts","9LJA","Audiitor","Estonian","et","Audiitor","","","2023-06-28","ACTV","","","","Äriseadustik, 2014 - ss.243.7, 328"
"XFIHZL","Estonia","EE","","","Aktsiaselts","9LJA","Aktsionär","Estonian","et","Aktsionär","","","2023-06-28","ACTV","","","","Äriseadustik, 2014 - s.221.2"
"0AHAJA","Finland","FI","","","Aatteellinen yhdistys","UXEW","Selvitysmies","Finnish","fi","Selvitysmies","","","2023-06-28","ACTV","","","","Yhdistyslaki, 1989 - 7 luku: 40"
"0AHAJA","Finland","FI","","","Ideell förening","UXEW","Likvidator","Swedish","sv","Likvidator","","","2023-06-28","ACTV","","","","Föreningslagen, 1989 - 7 kap: 40"
"0CLGDY","Finland","FI","","","Osakeyhtiö","DKUW","Hallituksen jäsen","Finnish","fi","Hallituksen jäsen","","","2023-06-28","ACTV","","","","Osakeyhtiölaki, 2006 - 2 luku: 2"
"0CLGDY","Finland","FI","","","Aktiebolag","DKUW","Ordföranden","Swedish","sv","Ordföranden","","","2023-06-28","ACTV","","","","Aktiebolagslag, 2006 - 2 kap: 2; 6 kap 23"
"8X9HUK","Finland","FI","","","Aatteellinen yhdistys","UXEW","Tilintarkastaja","Finnish","fi","Tilintarkastaja","","","2023-06-28","ACTV","","","","Yhdistyslaki, 1989 - 2 luku: 8"
"8X9HUK","Finland","FI","","","Ideell förening","UXEW","Revisor","Swedish","sv","Revisor","","","2023-06-28","ACTV","","","","Föreningslagen, 1989 - 2 kap: 8"
"ADNR79","Finland","FI","","","Aatteellinen yhdistys","UXEW","Valtuutettujen","Finnish","fi","Valtuutettujen","","","2023-06-28","ACTV","","","","Yhdistyslaki, 1989 - 4 luku: 18"
"ADNR79","Finland","FI","","","Ideell förening","UXEW","Delegat","Swedish","sv","Delegat","","","2023-06-28","ACTV","","","","Föreningslagen, 1989 - 4 kap: 18"
"AYEK8K","Finland","FI","","","Osakeyhtiö","DKUW","Varatilintarkastaja","Finnish","fi","Varatilintarkastaja","","","2023-06-28","ACTV","","","","Osakeyhtiölaki, 2006 - 7 luku: 3"
"AYEK8K","Finland","FI","","","Aktiebolag","DKUW","Revisorssuppleant","Swedish","sv","Revisorssuppleant","","","2023-06-28","ACTV","","","","Aktiebolagslag, 2006 - 7 kap: 3"
"GDQO73","Finland","FI","","","Säätiö","YK5G","Tilintarkastaja","Finnish","fi","Tilintarkastaja","","","2023-06-28","ACTV","","","","Säätiölaki, 2014 - 2 luku: 2"
"GDQO73","Finland","FI","","","Stiftelse","YK5G","Revisor","Swedish","sv","Revisor","","","2023-06-28","ACTV","","","","Stiftelselag, 2014 - 2 kap: 2"
"GLA3NB","Finland","FI","","","Osakeyhtiö","DKUW","Tarkastusvaliokunnan jäsen","Finnish","fi","Tarkastusvaliokunnan jäsen","","","2023-06-28","ACTV","","","","Osakeyhtiölaki, 2006 - 6 luku: 16c"
"GLA3NB","Finland","FI","","","Aktiebolag","DKUW","Ledamot av revisionsutskottet","Swedish","sv","Ledamot av revisionsutskottet","","","2023-06-28","ACTV","","","","Aktiebolagslag, 2006 - 6 kap: 16c"
"GZHAJ5","Finland","FI","","","Aatteellinen yhdistys","UXEW","Puheenjohtaja","Finnish","fi","Puheenjohtaja","","","2023-06-28","ACTV","","","","Yhdistyslaki, 1989 - 6 luku: 35"
"GZHAJ5","Finland","FI","","","Ideell förening","UXEW","Ordförande","Swedish","sv","Ordförande","","","2023-06-28","ACTV","","","","Föreningslagen, 1989 - 6 kap: 35"
"H4BYUL","Finland","FI","","","Osakeyhtiö","DKUW","Varajäsen","Finnish","fi","Varajäsen","","","2023-06-28","ACTV","","","","Osakeyhtiölaki, 2006 - 1 luku: 11"
"H4BYUL","Finland","FI","","","Aktiebolag","DKUW","Ställföreträdare","Swedish","sv","Ställföreträdare","","","2023-06-28","ACTV","","","","Aktiebolagslag, 2006 - 1 kap: 11"
"H4DVWQ","Finland","FI","","","Säätiö","YK5G","Toimitusjohtaja","Finnish","fi","Toimitusjohtaja","","","2023-06-28","ACTV","","","","Säätiölaki, 2014 - 2 luku: 13; 3 luku: 15"
"H4DVWQ","Finland","FI","","","Stiftelse","YK5G","Verkställande direktör","Swedish","sv","Verkställande direktör","","","2023-06-28","ACTV","","","","Stiftelselag, 2014 - 2 kap: 13; 3 kap: 15"
"I6Q16K","Finland","FI","","","Osakeyhtiö","DKUW","Tilintarkastaja","Finnish","fi","Tilintarkastaja","","","2023-06-28","ACTV","","","","Osakeyhtiölaki, 2006 - 2 luku: 2"
"I6Q16K","Finland","FI","","","Aktiebolag","DKUW","Revisor","Swedish","sv","Revisor","","","2023-06-28","ACTV","","","","Aktiebolagslag, 2006 - 2 kap: 2"
"IJ2LSZ","Finland","FI","","","Osakeyhtiö","DKUW","Hallintoneuvoston jäsen","Finnish","fi","Hallintoneuvoston jäsen","","","2023-06-28","ACTV","","","","Osakeyhtiölaki, 2006 - 1 luku: 11"
"IJ2LSZ","Finland","FI","","","Aktiebolag","DKUW","Ledamot av förvaltningsrådet","Swedish","sv","Ledamot av förvaltningsrådet","","","2023-06-28","ACTV","","","","Aktiebolagslag, 2006 - 1 kap: 11; 2 kap: 2"
"IX5FBU","Finland","FI","","","Säätiö","YK5G","Varatilintarkastaja","Finnish","fi","Varatilintarkastaja","","","2023-06-28","ACTV","","","","Säätiölaki, 2014 - 4 luku: 4"
"IX5FBU","Finland","FI","","","Stiftelse","YK5G","Revisorssuppleant","Swedish","sv","Revisorssuppleant","","","2023-06-28","ACTV","","","","Stiftelselag, 2014 - 4 kap: 4"
"KAGFGJ","Finland","FI","","","Aatteellinen yhdistys","UXEW","Perustaja","Finnish","fi","Perustaja","","","2023-06-28","ACTV","","","","Yhdistyslaki, 1989 - 2 luku: 7"
"KAGFGJ","Finland","FI","","","Ideell förening","UXEW","Grundaren","Swedish","sv","Grundaren","","","2023-06-28","ACTV","","","","Föreningslagen, 1989 - 2 kap: 7"
"LJQY8Z","Finland","FI","","","Säätiö","YK5G","Hallintoneuvoston jäsen","Finnish","fi","Hallintoneuvoston jäsen","","","2023-06-28","ACTV","","","","Säätiölaki, 2014 - 2 luku: 2"
"LJQY8Z","Finland","FI","","","Stiftelse","YK5G","Ledamot av förvaltningsrådet","Swedish","sv","Ledamot av förvaltningsrådet","","","2023-06-28","ACTV","","","","Stiftelselag, 2014 - 2 kap: 2"
"MKOKJN","Finland","FI","","","Aatteellinen yhdistys","UXEW","Jäsen","Finnish","fi","Jäsen","","","2023-06-28","ACTV","","","","Yhdistyslaki, 1989 - 2 luku: 7; 3 luku: 10"
"MKOKJN","Finland","FI","","","Ideell förening","UXEW","Medlem","Swedish","sv","Medlem","","","2023-06-28","ACTV","","","","Föreningslagen, 1989 - 2 kap: 7; 3 kap: 10"
"NCLNV6","Finland","FI","","","Säätiö","YK5G","Puheenjohtaja","Finnish","fi","Puheenjohtaja","","","2023-06-28","ACTV","","","","Säätiölaki, 2014 - 3 luku: 5"
"NCLNV6","Finland","FI","","","Stiftelse","YK5G","Ordförande","Swedish","sv","Ordförande","","","2023-06-28","ACTV","","","","Stiftelselag, 2014 - 3 kap: 5"
"ODANZT","Finland","FI","","","Osakeyhtiö","DKUW","Toimitusjohtaja","Finnish","fi","Toimitusjohtaja","","","2023-06-28","ACTV","","","","Osakeyhtiölaki, 2006 - 1 luku: 11"
"ODANZT","Finland","FI","","","Aktiebolag","DKUW","Verkställande direktör","Swedish","sv","Verkställande direktör","","","2023-06-28","ACTV","","","","Aktiebolagslag, 2006 - 1 kap: 11"
"PXTYIY","Finland","FI","","","Säätiö","YK5G","Hallituksen jäsen","Finnish","fi","Hallituksen jäsen","","","2023-06-28","ACTV","","","","Säätiölaki, 2014 - 2 luku: 2"
"PXTYIY","Finland","FI","","","Stiftelse","YK5G","Styrelseledamot","Swedish","sv","Styrelseledamot","","","2023-06-28","ACTV","","","","Stiftelselag, 2014 - 2 kap: 2"
"ROZB5B","Finland","FI","","","Säätiö","YK5G","Perustaja","Finnish","fi","Perustaja","","","2023-06-28","ACTV","","","","Säätiölaki, 2014 - 1 luku: 2"
"ROZB5B","Finland","FI","","","Stiftelse","YK5G","Stiftaren","Swedish","sv","Stiftaren","","","2023-06-28","ACTV","","","","Stiftelselag, 2014 - 1 kap: 2"
"SQKWUM","Finland","FI","","","Osakeyhtiö","DKUW","Osakkeenomistaja","Finnish","fi","Osakkeenomistaja","","","2023-06-28","ACTV","","","","Osakeyhtiölaki, 2006 - 1 luku: 2"
"SQKWUM","Finland","FI","","","Aktiebolag","DKUW","Aktieägare","Swedish","sv","Aktieägare","","","2023-06-28","ACTV","","","","Aktiebolagslag, 2006 - 1 kap: 2"
"VKYQ2O","Finland","FI","","","Osakeyhtiö","DKUW","Selvitysmies","Finnish","fi","Selvitysmies","","","2023-06-28","ACTV","","","","Osakeyhtiölaki, 2006 - 20 luku: 9"
"VKYQ2O","Finland","FI","","","Aktiebolag","DKUW","Likvidator","Swedish","sv","Likvidator","","","2023-06-28","ACTV","","","","Aktiebolagslag, 2006 - 20 kap: 9"
"W8MUZG","Finland","FI","","","Aatteellinen yhdistys","UXEW","Hallituksen jäsen","Finnish","fi","Hallituksen jäsen","","","2023-06-28","ACTV","","","","Yhdistyslaki, 1989 - 2 luku: 8"
"W8MUZG","Finland","FI","","","Ideell förening","UXEW","Styrelseledamot","Swedish","sv","Styrelseledamot","","","2023-06-28","ACTV","","","","Föreningslagen, 1989 - 2 kap: 8"
"X0NZFT","Finland","FI","","","Säätiö","YK5G","Selvitysmies","Finnish","fi","Selvitysmies","","","2023-06-28","ACTV","","","","Säätiölaki, 2014 - 12 luku: 9"
"X0NZFT","Finland","FI","","","Stiftelse","YK5G","Likvidator","Swedish","sv","Likvidator","","","2023-06-28","ACTV","","","","Stiftelselag, 2014 - 12 kap: 9"
"XANCSC","Finland","FI","","","Osakeyhtiö","DKUW","Puheenjohtaja","Finnish","fi","Puheenjohtaja","","","2023-06-28","ACTV","","","","Osakeyhtiölaki, 2006 - 6 luku: 23"
"XANCSC","Finland","FI","","","Aktiebolag","DKUW","Styrelseledamot","Swedish","sv","Styrelseledamot","","","2023-06-28","ACTV","","","","Aktiebolagslag, 2006 - 6 kap: 8"
"ZOLMG3","Finland","FI","","","Säätiö","YK5G","Varajäsen","Finnish","fi","Varajäsen","","","2023-06-28","ACTV","","","","Säätiölaki, 2014 - 3 luku: 8"
"ZOLMG3","Finland","FI","","","Stiftelse","YK5G","Ersättare","Swedish","sv","Ersättare","","","2023-06-28","ACTV","","","","Stiftelselag, 2014 - 3 kap: 8"
"4BIJAS","France","FR","","","Société à responsabilité limitée (sans autre indication)","V9QP","Gérant","French","fr","Gérant","","","2023-06-28","ACTV","","","","Code de commerce: Livre II: Titre II: Chapitre III - Art.L223-10"
"5Z4BUB","France","FR","","","Société anonyme","QVPB","Liquidateur","French","fr","Liquidateur","","","2023-06-28","ACTV","","","","Code de commerce: Livre II: Titre II: Chapitre V - Art.L225-103"
"6F3TTF","France","FR","","","Société à responsabilité limitée (sans autre indication)","V9QP","Commissaire aux apports","French","fr","Commissaire aux apports","","","2023-06-28","ACTV","","","","Code de commerce: Livre II: Titre II: Chapitre III - Art.L223-9"
"6SUCZC","France","FR","","","Société anonyme","QVPB","Administrateur","French","fr","Administrateur","","","2023-06-28","ACTV","","","","Code de commerce: Livre II: Titre II: Chapitre V - Art.L225-18"
"8DLJ60","France","FR","","","Société anonyme","QVPB","Membre du directoire","French","fr","Membre du directoire","","","2023-06-28","ACTV","","","","Code de commerce: Livre II: Titre II: Chapitre V - Art.L225-58"
"BJQQP8","France","FR","","","Société anonyme","QVPB","Directeur général","French","fr","Directeur général","DG","","2023-06-28","ACTV","","","","Code de commerce: Livre II: Titre II: Chapitre V - Art.L225-35"
"CRZGXD","France","FR","","","SAS, société par actions simplifiée","6CHY","Associé","French","fr","Associé","","","2023-06-28","ACTV","","","","Code de commerce: Livre II: Titre II: Chapitre VII - Art.L227-1"
"DGXQ8F","France","FR","","","Organisme de placement collectif en valeurs mobilières sans personnalité morale","MQU9","Gérant","French","fr","Gérant","","","2023-06-28","ACTV","","","","Code monétaire et financier: Livre II: Titre Ier: Chapitre IV: Section 1: Art. 214-8-6"
"EJIQTF","France","FR","","","Organisme de placement collectif en valeurs mobilières sans personnalité morale","MQU9","Directeur général","French","fr","Directeur général","DG","DG","2023-06-28","ACTV","","","","Code monétaire et financier: Livre II: Titre Ier: Chapitre IV: Section 1: Art. 214-7-2"
"EKJBXA","France","FR","","","SAS, société par actions simplifiée","6CHY","Commissaire aux comptes","French","fr","Commissaire aux comptes","","","2023-06-28","ACTV","","","","Code de commerce: Livre II: Titre II: Chapitre VII - Art.L227-9-1"
"EM1G8Z","France","FR","","","Société anonyme","QVPB","Nue-propriété","French","fr","Nue-propriété","","","2023-06-28","ACTV","","","","Code de commerce: Livre II: Titre II: Chapitre V - Art.L225-140"
"G44TSG","France","FR","","","Organisme de placement collectif en valeurs mobilières sans personnalité morale","MQU9","Directeur général","French","fr","Directeur général","DG","DG","2023-06-28","ACTV","","","","Code monétaire et financier: Livre II: Titre Ier: Chapitre IV: Section 1: Art. 214-7-3"
"I4NTAM","France","FR","","","Organisme de placement collectif en valeurs mobilières sans personnalité morale","MQU9","Souscripteur","French","fr","Souscripteur","","","2023-06-28","ACTV","","","","Code monétaire et financier: Livre II: Titre Ier: Chapitre IV: Section 1: Art. 214-7"
"IFHDEO","France","FR","","","Société anonyme","QVPB","Membre du conseil de surveillance","French","fr","Membre du conseil de surveillance","","","2023-06-28","ACTV","","","","Code de commerce: Livre II: Titre II: Chapitre V - Art.L225-17"
"IGV2PA","France","FR","","","SAS, société par actions simplifiée","6CHY","Dirigeant","French","fr","Dirigeant","","","2023-06-28","ACTV","","","","Code de commerce: Livre II: Titre II: Chapitre VII - Art.L227-8"
"J0PRHT","France","FR","","","Société anonyme","QVPB","Directeur général délégué","French","fr","Directeur général délégué","","","2023-06-28","ACTV","","","","Code de commerce: Livre II: Titre II: Chapitre V - Art.L225-53"
"J3FHWJ","France","FR","","","Organisme de placement collectif en valeurs mobilières sans personnalité morale","MQU9","Actionnaire","French","fr","Actionnaire","","","2023-06-28","ACTV","","","","Code monétaire et financier: Livre II: Titre Ier: Chapitre IV: Section 1: Art. 214-7"
"KVEAIC","France","FR","","","Société à responsabilité limitée (sans autre indication)","V9QP","Associé","French","fr","Associé","","","2023-06-28","ACTV","","","","Code de commerce: Livre II: Titre II: Chapitre III - Art.L223-3"
"LZS8Z4","France","FR","","","Société à responsabilité limitée (sans autre indication)","V9QP","Commissaire aux comptes","French","fr","Commissaire aux comptes","","","2023-06-28","ACTV","","","","Code de commerce: Livre II: Titre II: Chapitre III - Art.L223-11"
"MFZN2H","France","FR","","","SAS, société par actions simplifiée","6CHY","Commissaire aux apports","French","fr","Commissaire aux apports","","","2023-06-28","ACTV","","","","Code de commerce: Livre II: Titre II: Chapitre VII - Art.L227-1"
"NCEVTX","France","FR","","","Société anonyme","QVPB","Usufruitier","French","fr","Usufruitier","","","2023-06-28","ACTV","","","","Code de commerce: Livre II: Titre II: Chapitre V - Art.L225-140"
"NEJ9VP","France","FR","","","Société anonyme","QVPB","Vice-président","French","fr","Vice-président","VP","VP","2023-06-28","ACTV","","","","Code de commerce: Livre II: Titre II: Chapitre V - Art.L225-81"
"PKMCES","France","FR","","","Société anonyme","QVPB","Souscripteur","French","fr","Souscripteur","","","2023-06-28","ACTV","","","","Code de commerce: Livre II: Titre II: Chapitre V - Art.L225-7"
"PYWQV0","France","FR","","","Organisme de placement collectif en valeurs mobilières sans personnalité morale","MQU9","Membre de conseil d'administration","French","fr","Membre de conseil d'administration","","","2023-06-28","ACTV","","","","Code monétaire et financier: Livre II: Titre Ier: Chapitre IV: Section 1: Art. 214-7-4"
"QAENXJ","France","FR","","","Société anonyme","QVPB","Actionnaire","French","fr","Actionnaire","","","2023-06-28","ACTV","","","","Code de commerce: Livre II: Titre II: Chapitre V - Art.L225-15"
"QHCHGH","France","FR","","","Organisme de placement collectif en valeurs mobilières sans personnalité morale","MQU9","Membre du directoire","French","fr","Membre du directoire","","","2023-06-28","ACTV","","","","Code monétaire et financier: Livre II: Titre Ier: Chapitre IV: Section 1: Art. 214-7-2"
"RJSTDQ","France","FR","","","SAS, société par actions simplifiée","6CHY","Actionnaire","French","fr","Actionnaire","","","2023-06-28","ACTV","","","","Code de commerce: Livre II: Titre II: Chapitre VII - Art.L227-10"
"SAD64J","France","FR","","","Société anonyme","QVPB","Fondateur","French","fr","Fondateur","","","2023-06-28","ACTV","","","","Code de commerce: Livre II: Titre II: Chapitre V - Art.L225-2"
"SNQPSP","France","FR","","","Société anonyme","QVPB","Président du directoire","French","fr","Président du directoire","","","2023-06-28","ACTV","","","","Code de commerce: Livre II: Titre II: Chapitre V - Art.L225-66"
"SPZYYT","France","FR","","","Société anonyme","QVPB","Président","French","fr","Président","","","2023-06-28","ACTV","","","","Code de commerce: Livre II: Titre II: Chapitre V - Art.L225-17"
"TFEZQY","France","FR","","","Organisme de placement collectif en valeurs mobilières sans personnalité morale","MQU9","Porteur","French","fr","Porteur","","","2023-06-28","ACTV","","","","Code monétaire et financier: Livre II: Titre Ier: Chapitre IV: Section 1: Art. 214-8"
"VJCYXX","France","FR","","","Organisme de placement collectif en valeurs mobilières sans personnalité morale","MQU9","Commissaire aux comptes","French","fr","Commissaire aux comptes","","","2023-06-28","ACTV","","","","Code monétaire et financier: Livre II: Titre Ier: Chapitre IV: Section 1: Art. 214-7-2"
"XEZ0OW","France","FR","","","Société anonyme","QVPB","Commissaire aux apports","French","fr","Commissaire aux apports","","","2023-06-28","ACTV","","","","Code de commerce: Livre II: Titre II: Chapitre V - Art.L225-8"
"Z7VCYB","France","FR","","","Société anonyme","QVPB","Commissaire aux comptes","French","fr","Commissaire aux comptes","","","2023-06-28","ACTV","","","","Code de commerce: Livre II: Titre II: Chapitre V - Art.L225-218"
"ZC65Q9","France","FR","","","SAS, société par actions simplifiée","6CHY","Président","French","fr","Président","","","2023-06-28","ACTV","","","","Code de commerce: Livre II: Titre II: Chapitre VII - Art.L227-6"
"ZNNMDI","France","FR","","","Organisme de placement collectif en valeurs mobilières sans personnalité morale","MQU9","Dirigeant","French","fr","Dirigeant","","","2023-06-28","ACTV","","","","Code monétaire et financier: Livre II: Titre Ier: Chapitre IV: Section 1: Art. 214-7-2"
"5BEOW2","Germany","DE","","","Gesellschaft mit beschränkter Haftung","2HBR","Gesellschafter","German","de","Gesellschafter","","","2023-06-28","ACTV","","","","Gesetz betreffend die Gesellschaften mit beschränkter Haftung (GmbHG) par.2"
"8E5KHZ","Germany","DE","","","Aktiengesellschaft","6QQB","Grűnder","German","de","Grűnder","","","2023-06-28","ACTV","","","","Aktiengesetz (AktG) par. 23"
"AR0T2X","Germany","DE","","","Aktiengesellschaft","6QQB","Mitglied des Vorstands","German","de","Mitglied des Vorstands","","","2023-06-28","ACTV","","","","Aktiengesetz (AktG) par. 23"
"BSPBAI","Germany","DE","","","Gesellschaft mit beschränkter Haftung","2HBR","Liquidator","German","de","Liquidator","","","2023-06-28","ACTV","","","","Gesetz betreffend die Gesellschaften mit beschränkter Haftung (GmbHG) pars.66"
"D2ERA9","Germany","DE","","","Aktiengesellschaft","6QQB","Abwickler","German","de","Abwickler","","","2023-06-28","ACTV","","","","Aktiengesetz (AktG) par. 265"
"DWG1GK","Germany","DE","","","Stiftung des privaten Rechts","V2YH","Stifter","German","de","Stifter","","","2023-06-28","ACTV","","","","Bürgerliches Gesetzbuch: Kapitel 2: Untertitel 2: Stiftungen par.81"
"DXIEOX","Germany","DE","","","Gesellschaft mit beschränkter Haftung","2HBR","Grűnder","German","de","Grűnder","","","2023-06-28","ACTV","","","","Gesetz betreffend die Gesellschaften mit beschränkter Haftung (GmbHG) par.1"
"IJQIIS","Germany","DE","","","Gesellschaft mit beschränkter Haftung","2HBR","Mitglied des Aufsichtsrats","German","de","Mitglied des Aufsichtsrats","","","2023-06-28","ACTV","","","","Gesetz betreffend die Gesellschaften mit beschränkter Haftung (GmbHG) pars.52"
"N41RDB","Germany","DE","","","Aktiengesellschaft","6QQB","Aktionär","German","de","Aktionär","","","2023-06-28","ACTV","","","","Aktiengesetz (AktG) par. 26"
"NGVWW8","Germany","DE","","","Stiftung des privaten Rechts","V2YH","Personenkreis","German","de","Personenkreis","","","2023-06-28","ACTV","","","","Bürgerliches Gesetzbuch: Kapitel 2: Untertitel 2: Stiftungen par.87"
"O3E52H","Germany","DE","","","Gesellschaft mit beschränkter Haftung","2HBR","Geschäftsführer","German","de","Geschäftsführer","","","2023-06-28","ACTV","","","","Gesetz betreffend die Gesellschaften mit beschränkter Haftung (GmbHG) par.6"
"RDR2RE","Germany","DE","","","Stiftung des privaten Rechts","V2YH","Vorstandsmitglied","German","de","Vorstandsmitglied","","","2023-06-28","ACTV","","","","Bürgerliches Gesetzbuch: Kapitel 2: Untertitel 2: Stiftungen par.81"
"SPQZ9E","Germany","DE","","","Kommanditgesellschaft","8Z6G","Kommanditist","German","de","Kommanditist","","","2023-06-28","ACTV","","","","Handelsgesetzbuch: Zweiter Abschnitt: Kommanditgesellschaft par.161"
"T9C2XX","Germany","DE","","","Kommanditgesellschaft","8Z6G","Persönlich haftende Gesellschafter","German","de","Persönlich haftende Gesellschafter","","","2023-06-28","ACTV","","","","Handelsgesetzbuch: Zweiter Abschnitt: Kommanditgesellschaft par.161"
"TFNAV1","Germany","DE","","","Aktiengesellschaft","6QQB","Mitglied des Aufsichtsrats","German","de","Mitglied des Aufsichtsrats","","","2023-06-28","ACTV","","","","Aktiengesetz (AktG) par. 30"
"0JLTEC","Hong Kong, China","HK","","","私人股份有限公司","254M","股东","Chinese","zh","Gudong","","","2023-06-28","ACTV","","","","公司條例 2014 - s.177"
"0JLTEC","Hong Kong, China","HK","","","Private company limited by shares","254M","Shareholder","English","en","Shareholder","","","2023-06-28","ACTV","","","","Companies Ordinance, 2014 - s.177"
"4H5LHZ","Hong Kong, China","HK","","","擔保有限公司","S2E3","創辦成員","Chinese","zh","Chuangban chengyuan","","","2023-06-28","ACTV","","","","公司條例 2014 - ss.68, 453"
"4H5LHZ","Hong Kong, China","HK","","","Company limited by guarantee","S2E3","Founder member","English","en","Founder member","","","2023-06-28","ACTV","","","","Companies Ordinance, 2014 - ss.68, 112"
"8O6C12","Hong Kong, China","HK","","","公眾股份有限公司","EPG7","創辦成員","Chinese","zh","Chuangban chengyuan","","","2023-06-28","ACTV","","","","公司條例 2014 - ss.68, 454"
"8O6C12","Hong Kong, China","HK","","","Public company limited by shares","EPG7","Founder member","English","en","Founder member","","","2023-06-28","ACTV","","","","Companies Ordinance, 2014 - ss.68, 112"
"ADDLWS","Hong Kong, China","HK","","","私人股份有限公司","254M","公司秘書","Chinese","zh","Gongsi mishu","","","2023-06-28","ACTV","","","","公司條例 2014 - ss.2, 474"
"ADDLWS","Hong Kong, China","HK","","","Private company limited by shares","254M","Company secretary","English","en","Company secretary","Co.Sec.","Co.Sec.","2023-06-28","ACTV","","","","Companies Ordinance, 2014 - ss.2, 474"
"APBXY6","Hong Kong, China","HK","","","公眾股份有限公司","EPG7","股东","Chinese","zh","Gudong","","","2023-06-28","ACTV","","","","公司條例 2014 - s.304"
"APBXY6","Hong Kong, China","HK","","","Public company limited by shares","EPG7","Shareholder","English","en","Shareholder","","","2023-06-28","ACTV","","","","Companies Ordinance, 2014 - s.177"
"B4IHLJ","Hong Kong, China","HK","","","擔保有限公司","S2E3","須登記人士","Chinese","zh","Xu dengji renshi","","","2023-06-28","ACTV","","","","公司條例 2014 - s.622"
"B4IHLJ","Hong Kong, China","HK","","","Company limited by guarantee","S2E3","Liquidator","English","en","Liquidator","","","2023-06-28","ACTV","","","","Companies Ordinance, 2014 - s.622.9"
"BEWXRF","Hong Kong, China","HK","","","私人股份有限公司","254M","債權證持有人","Chinese","zh","Zhai quanzheng chi you ren","","","2023-06-28","ACTV","","","","公司條例 2014 - ss.6, 308"
"BEWXRF","Hong Kong, China","HK","","","Private company limited by shares","254M","Debenture holder","English","en","Debenture holder","","","2023-06-28","ACTV","","","","Companies Ordinance, 2014 - ss.6, 308"
"CSKDLG","Hong Kong, China","HK","","","擔保有限公司","S2E3","股东","Chinese","zh","Gudong","","","2023-06-28","ACTV","","","","公司條例 2014 - s.304"
"CSKDLG","Hong Kong, China","HK","","","Company limited by guarantee","S2E3","Auditor","English","en","Auditor","","","2023-06-28","ACTV","","","","Companies Ordinance, 2014 - s.304"
"DCVEUI","Hong Kong, China","HK","","","擔保有限公司","S2E3","董事","Chinese","zh","Dongshi","","","2023-06-28","ACTV","","","","公司條例 2014 - s.177"
"DCVEUI","Hong Kong, China","HK","","","Company limited by guarantee","S2E3","Director","English","en","Director","","","2023-06-28","ACTV","","","","Companies Ordinance, 2014 - ss.68, 453"
"EFQMHN","Hong Kong, China","HK","","","公眾股份有限公司","EPG7","須登記人士","Chinese","zh","Xu dengji renshi","","","2023-06-28","ACTV","","","","公司條例 2014 - s.653C"
"EFQMHN","Hong Kong, China","HK","","","Public company limited by shares","EPG7","Registrable person","English","en","Registrable person","","","2023-06-28","ACTV","","","","Companies Ordinance, 2014 - s.653C"
"FAKNQ2","Hong Kong, China","HK","","","私人股份有限公司","254M","成員","Chinese","zh","Chengyuan","","","2023-06-28","ACTV","","","","公司條例 2014 - ss.8, 11, 84, 112"
"FAKNQ2","Hong Kong, China","HK","","","Private company limited by shares","254M","Member","English","en","Member","","","2023-06-28","ACTV","","","","Companies Ordinance, 2014 - ss.8, 11, 84, 112"
"GQVXWU","Hong Kong, China","HK","","","擔保有限公司","S2E3","債權證持有人","Chinese","zh","Zhai quanzheng chi you ren","","","2023-06-28","ACTV","","","","公司條例 2014 - ss.8, 11, 84, 112"
"GQVXWU","Hong Kong, China","HK","","","Company limited by guarantee","S2E3","Debenture holder","English","en","Debenture holder","","","2023-06-28","ACTV","","","","Companies Ordinance, 2014 - ss.6, 308"
"H6HR87","Hong Kong, China","HK","","","擔保有限公司","S2E3","幕後董事","Chinese","zh","Muhou dongshi","","","2023-06-28","ACTV","","","","公司條例 2014 - ss.6, 308"
"H6HR87","Hong Kong, China","HK","","","Company limited by guarantee","S2E3","Shadow director","English","en","Shadow director","","","2023-06-28","ACTV","","","","Companies Ordinance, 2014 - s.3"
"HDI4SZ","Hong Kong, China","HK","","","公眾股份有限公司","EPG7","經理","Chinese","zh","Jingli","","","2023-06-28","ACTV","","","","公司條例 2014 - ss.2, 348"
"HDI4SZ","Hong Kong, China","HK","","","Public company limited by shares","S2E3","Manager","English","en","Manager","","","2023-06-28","ACTV","","","","Companies Ordinance, 2014 - ss.2, 348"
"HLPGV4","Hong Kong, China","HK","","","私人股份有限公司","254M","幕後董事","Chinese","zh","Muhou dongshi","","","2023-06-28","ACTV","","","","公司條例 2014 - s.3"
"HLPGV4","Hong Kong, China","HK","","","Private company limited by shares","254M","Shadow director","English","en","Shadow director","","","2023-06-28","ACTV","","","","Companies Ordinance, 2014 - s.3"
"IUSEQS","Hong Kong, China","HK","","","私人股份有限公司","254M","創辦成員","Chinese","zh","Chuangban chengyuan","","","2023-06-28","ACTV","","","","公司條例 2014 - ss.68, 112"
"IUSEQS","Hong Kong, China","HK","","","Private company limited by shares","254M","Founder member","English","en","Founder member","","","2023-06-28","ACTV","","","","Companies Ordinance, 2014 - ss.68, 112"
"IYNJOS","Hong Kong, China","HK","","","私人股份有限公司","254M","經理","Chinese","zh","Jingli","","","2023-06-28","ACTV","","","","公司條例 2014 - ss.2, 348"
"IYNJOS","Hong Kong, China","HK","","","Private company limited by shares","254M","Manager","English","en","Manager","","","2023-06-28","ACTV","","","","Companies Ordinance, 2014 - ss.2, 348"
"JHQFEW","Hong Kong, China","HK","","","擔保有限公司","S2E3","公司秘書","Chinese","zh","Gongsi mishu","","","2023-06-28","ACTV","","","","公司條例 2014 - s.653C"
"JHQFEW","Hong Kong, China","HK","","","Company limited by guarantee","S2E3","Registrable person","English","en","Registrable person","","","2023-06-28","ACTV","","","","Companies Ordinance, 2014 - s.653C"
"JRH9TC","Hong Kong, China","HK","","","公眾股份有限公司","EPG7","高級人員","Chinese","zh","Gaoji renyuan","","","2023-06-28","ACTV","","","","公司條例 2014 - s.3"
"JRH9TC","Hong Kong, China","HK","","","Public company limited by shares","EPG7","Officer","English","en","Officer","","","2023-06-28","ACTV","","","","Companies Ordinance, 2014 - s.3"
"KBFZ3T","Hong Kong, China","HK","","","私人股份有限公司","254M","須登記人士","Chinese","zh","Xu dengji renshi","","","2023-06-28","ACTV","","","","公司條例 2014 - s.653C"
"KBFZ3T","Hong Kong, China","HK","","","Private company limited by shares","254M","Registrable person","English","en","Registrable person","","","2023-06-28","ACTV","","","","Companies Ordinance, 2014 - s.653C"
"KRV3YG","Hong Kong, China","HK","","","私人股份有限公司","254M","公司的清盤人","Chinese","zh","Gongsi de qingpan ren","","","2023-06-28","ACTV","","","","公司條例 2014 - s.622"
"KRV3YG","Hong Kong, China","HK","","","Private company limited by shares","254M","Liquidator","English","en","Liquidator","","","2023-06-28","ACTV","","","","Companies Ordinance, 2014 - s.622"
"LJEBJK","Hong Kong, China","HK","","","私人股份有限公司","254M","董事","Chinese","zh","Dongshi","","","2023-06-28","ACTV","","","","公司條例 2014 - ss.68, 454"
"LJEBJK","Hong Kong, China","HK","","","Private company limited by shares","254M","Director","English","en","Director","","","2023-06-28","ACTV","","","","Companies Ordinance, 2014 - ss.68, 454"
"LRHUNU","Hong Kong, China","HK","","","擔保有限公司","S2E3","公司的清盤人","Chinese","zh","Gongsi de qingpan ren","","","2023-06-28","ACTV","","","","公司條例 2014 - ss.2, 348"
"LRHUNU","Hong Kong, China","HK","","","Company limited by guarantee","S2E3","Manager","English","en","Manager","","","2023-06-28","ACTV","","","","Companies Ordinance, 2014 - ss.2, 348"
"LSXNCG","Hong Kong, China","HK","","","擔保有限公司","S2E3","公司核數師","Chinese","zh","Gongsi he shu shi","","","2023-06-28","ACTV","","","","公司條例 2014 - ss.2, 474"
"LSXNCG","Hong Kong, China","HK","","","Company limited by guarantee","S2E3","Company secretary","English","en","Company secretary","","","2023-06-28","ACTV","","","","Companies Ordinance, 2014 - ss.2, 474"
"M6SGAK","Hong Kong, China","HK","","","公眾股份有限公司","EPG7","公司的清盤人","Chinese","zh","Gongsi de qingpan ren","","","2023-06-28","ACTV","","","","公司條例 2014 - s.622"
"M6SGAK","Hong Kong, China","HK","","","Public company limited by shares","EPG7","Liquidator","English","en","Liquidator","","","2023-06-28","ACTV","","","","Companies Ordinance, 2014 - s.622"
"NEYC1O","Hong Kong, China","HK","","","公眾股份有限公司","EPG7","董事","Chinese","zh","Dongshi","","","2023-06-28","ACTV","","","","公司條例 2014 - s.177"
"NEYC1O","Hong Kong, China","HK","","","Public company limited by shares","EPG7","Director","English","en","Director","","","2023-06-28","ACTV","","","","Companies Ordinance, 2014 - ss.68, 453"
"O7TNWX","Hong Kong, China","HK","","","公眾股份有限公司","EPG7","幕後董事","Chinese","zh","Muhou dongshi","","","2023-06-28","ACTV","","","","公司條例 2014 - ss.6, 308"
"O7TNWX","Hong Kong, China","HK","","","Public company limited by shares","EPG7","Shadow director","English","en","Shadow director","","","2023-06-28","ACTV","","","","Companies Ordinance, 2014 - s.3"
"OCIB5S","Hong Kong, China","HK","","","擔保有限公司","S2E3","成員","Chinese","zh","Chengyuan","","","2023-06-28","ACTV","","","","公司條例 2014 - ss.68, 112"
"OCIB5S","Hong Kong, China","HK","","","Company limited by guarantee","S2E3","Member","English","en","Member","","","2023-06-28","ACTV","","","","Companies Ordinance, 2014 - s.9"
"P5KD0R","Hong Kong, China","HK","","","擔保有限公司","S2E3","高級人員","Chinese","zh","Gaoji renyuan","","","2023-06-28","ACTV","","","","公司條例 2014 - s.3"
"P5KD0R","Hong Kong, China","HK","","","Company limited by guarantee","S2E3","Officer","English","en","Officer","","","2023-06-28","ACTV","","","","Companies Ordinance, 2014 - s.3"
"RBBZPR","Hong Kong, China","HK","","","私人股份有限公司","254M","備任董事","Chinese","zh","Bei ren dongshi","","","2023-06-28","ACTV","","","","公司條例 2014 - ss.2, 455"
"RBBZPR","Hong Kong, China","HK","","","Private company limited by shares","254M","Reserve director","English","en","Reserve director","","","2023-06-28","ACTV","","","","Companies Ordinance, 2014 - ss.2, 455"
"RIZTHB","Hong Kong, China","HK","","","私人股份有限公司","254M","高級人員","Chinese","zh","Gaoji renyuan","","","2023-06-28","ACTV","","","","公司條例 2014 - s.3"
"RIZTHB","Hong Kong, China","HK","","","Private company limited by shares","254M","Officer","English","en","Officer","","","2023-06-28","ACTV","","","","Companies Ordinance, 2014 - s.3"
"SHSI1E","Hong Kong, China","HK","","","公眾股份有限公司","EPG7","公司核數師","Chinese","zh","Gongsi he shu shi","","","2023-06-28","ACTV","","","","公司條例 2014 - ss.2, 474"
"SHSI1E","Hong Kong, China","HK","","","Public company limited by shares","EPG7","Auditor","English","en","Auditor","","","2023-06-28","ACTV","","","","Companies Ordinance, 2014 - s.304"
"U4WI3S","Hong Kong, China","HK","","","公眾股份有限公司","EPG7","成員","Chinese","zh","Chengyuan","","","2023-06-28","ACTV","","","","公司條例 2014 - ss.68, 112"
"U4WI3S","Hong Kong, China","HK","","","Public company limited by shares","EPG7","Member","English","en","Member","","","2023-06-28","ACTV","","","","Companies Ordinance, 2014 - ss.8, 11, 84, 112"
"UBWOMA","Hong Kong, China","HK","","","公眾股份有限公司","EPG7","公司秘書","Chinese","zh","Gongsi mishu","","","2023-06-28","ACTV","","","","公司條例 2014 - ss.2, 455"
"UBWOMA","Hong Kong, China","HK","","","Public company limited by shares","EPG7","Company secretary","English","en","Company secretary","Co.Sec.","Co.Sec.","2023-06-28","ACTV","","","","Companies Ordinance, 2014 - ss.2, 474"
"WSBNFT","Hong Kong, China","HK","","","私人股份有限公司","254M","公司核數師","Chinese","zh","Gongsi he shu shi","","","2023-06-28","ACTV","","","","公司條例 2014 - s.304"
"WSBNFT","Hong Kong, China","HK","","","Private company limited by shares","254M","Auditor","English","en","Auditor","","","2023-06-28","ACTV","","","","Companies Ordinance, 2014 - s.304"
"ZD3TN4","Hong Kong, China","HK","","","公眾股份有限公司","EPG7","債權證持有人","Chinese","zh","Zhai quanzheng chi you ren","","","2023-06-28","ACTV","","","","公司條例 2014 - ss.8, 11, 84, 112"
"ZD3TN4","Hong Kong, China","HK","","","Public company limited by shares","EPG7","Debenture holder","English","en","Debenture holder","","","2023-06-28","ACTV","","","","Companies Ordinance, 2014 - ss.6, 308"
"2RDPLW","India","IN","","","Public Limited Company","DDKQ","Promoter","English","en","Promoter","","","2023-06-28","ACTV","","","","The Companies Act, 2013 - s.2"
"4VMWTB","India","IN","","","Public Limited Company","DDKQ","Significant beneficial owner","English","en","Significant beneficial owner","","","2023-06-28","ACTV","","","","The Companies Act, 2013 - s.90"
"57XQNE","India","IN","","","Private Limited Company","YSP9","Chief executive officer","English","en","Chief executive officer","CEO","CEO","2023-06-28","ACTV","","","","The Companies Act, 2013 - s.2"
"7HF3R7","India","IN","","","Private Limited Company","YSP9","Director","English","en","Director","","","2023-06-28","ACTV","","","","The Companies Act, 2013 - s.2, 152"
"80IXGB","India","IN","","","Private Limited Company","YSP9","Managing director","English","en","Managing director","M.D., MD","M.D., MD","2023-06-28","ACTV","","","","The Companies Act, 2013 - s.2"
"9SO7F8","India","IN","","","Limited Liability Partnership","U5S6","Partner","English","en","Partner","","","2023-06-28","ACTV","","","","The Limited Liability Partnership Act, 2008 - ss.2, 22"
"A22WFG","India","IN","","","Private Limited Company","YSP9","Auditor","English","en","Auditor","","","2023-06-28","ACTV","","","","The Companies Act, 2013 - s.139"
"ABUWLB","India","IN","","","Public Limited Company","DDKQ","Auditor","English","en","Auditor","","","2023-06-28","ACTV","","","","The Companies Act, 2013 - s.139"
"AZHO9E","India","IN","","","Public Limited Company","DDKQ","Member","English","en","Member","","","2023-06-28","ACTV","","","","The Companies Act, 2013 - ss.2, 17, 88"
"BMKBOJ","India","IN","","","Public Limited Company","DDKQ","Managing director","English","en","Managing director","M.D., MD","M.D., MD","2023-06-28","ACTV","","","","The Companies Act, 2013 - s.2"
"BSPCYB","India","IN","","","Private Limited Company","YSP9","Officer","English","en","Officer","","","2023-06-28","ACTV","","","","The Companies Act, 2013 - s.2"
"DIBIY4","India","IN","","","Limited Liability Partnership","U5S6","Designated partner","English","en","Designated partner","","","2023-06-28","ACTV","","","","The Limited Liability Partnership Act, 2008 - ss.2, 7"
"HUH8XZ","India","IN","","","Private Limited Company","YSP9","Contributory","English","en","Contributory","","","2023-06-28","ACTV","","","","The Companies Act, 2013 - s.2"
"JHQGBA","India","IN","","","Private Limited Company","YSP9","Debenture holder","English","en","Debenture holder","","","2023-06-28","ACTV","","","","The Companies Act, 2013 - ss.26, 71, 88"
"JKCHFW","India","IN","","","Limited Liability Partnership","U5S6","Liquidator","English","en","Liquidator","","","2023-06-28","ACTV","","","","The Limited Liability Partnership Act, 2008 - s.60"
"JYOZWH","India","IN","","","Private Limited Company","YSP9","Member","English","en","Member","","","2023-06-28","ACTV","","","","The Companies Act, 2013 - ss.2, 17, 88"
"KGJYAB","India","IN","","","Public Limited Company","DDKQ","Independent director","English","en","Independent director","","","2023-06-28","ACTV","","","","The Companies Act, 2013 - ss.2, 149"
"KHX0IC","India","IN","","","Public Limited Company","DDKQ","Shareholder","English","en","Shareholder","","","2023-06-28","ACTV","","","","The Companies Act, 2013 - s.47"
"KLKEPK","India","IN","","","Public Limited Company","DDKQ","Company secretary","English","en","Company secretary","Co.Sec.","Co.Sec.","2023-06-28","ACTV","","","","The Companies Act, 2013 - s.2"
"KMTAX9","India","IN","","","Private Limited Company","YSP9","Promoter","English","en","Promoter","","","2023-06-28","ACTV","","","","The Companies Act, 2013 - s.2"
"KQPW7H","India","IN","","","Public Limited Company","DDKQ","Company Liquidator","English","en","Company Liquidator","","","2023-06-28","ACTV","","","","The Companies Act, 2013 - ss.2, 290"
"N3MOTZ","India","IN","","","Private Limited Company","YSP9","Independent director","English","en","Independent director","","","2023-06-28","ACTV","","","","The Companies Act, 2013 - ss.2, 149"
"OAJVLG","India","IN","","","Private Limited Company","YSP9","Shareholder","English","en","Shareholder","","","2023-06-28","ACTV","","","","The Companies Act, 2013 - s.47"
"PRSJHJ","India","IN","","","Private Limited Company","YSP9","Company Liquidator","English","en","Company Liquidator","","","2023-06-28","ACTV","","","","The Companies Act, 2013 - ss.2, 290"
"QLR28K","India","IN","","","Private Limited Company","YSP9","Significant beneficial owner","English","en","Significant beneficial owner","","","2023-06-28","ACTV","","","","The Companies Act, 2013 - s.90"
"RDWIOA","India","IN","","","Public Limited Company","DDKQ","Chief financial officer","English","en","Chief financial officer","CFO","CFO","2023-06-28","ACTV","","","","The Companies Act, 2013 - s.2"
"T5ZJRB","India","IN","","","Private Limited Company","YSP9","Manager","English","en","Manager","","","2023-06-28","ACTV","","","","The Companies Act, 2013 - s.2"
"TLN5ZA","India","IN","","","Public Limited Company","DDKQ","Debenture holder","English","en","Debenture holder","","","2023-06-28","ACTV","","","","The Companies Act, 2013 - ss.26, 71, 88"
"TMIIXG","India","IN","","","Public Limited Company","DDKQ","Director","English","en","Director","","","2023-06-28","ACTV","","","","The Companies Act, 2013 - s.2, 152"
"UFPRE4","India","IN","","","Private Limited Company","YSP9","Chief financial officer","English","en","Chief financial officer","CFO","CFO","2023-06-28","ACTV","","","","The Companies Act, 2013 - s.2"
"UYA2MO","India","IN","","","Private Limited Company","YSP9","Company secretary","English","en","Company secretary","Co.Sec.","Co.Sec.","2023-06-28","ACTV","","","","The Companies Act, 2013 - s.2"
"WODVSE","India","IN","","","Partnership Firm","A0PS","Partner","English","en","Partner","","","2023-06-28","ACTV","","","","The Indian Partnership Act, 1932 - s.4"
"XEM3X9","India","IN","","","Limited Liability Partnership","U5S6","Company secretary","English","en","Company secretary","Co. Sec.","Co. Sec.","2023-06-28","ACTV","","","","The Limited Liability Partnership Act, 2008 - s.2"
"XOODKP","India","IN","","","Public Limited Company","DDKQ","Officer","English","en","Officer","","","2023-06-28","ACTV","","","","The Companies Act, 2013 - s.2"
"XU3G5Z","India","IN","","","Public Limited Company","DDKQ","Chief executive officer","English","en","Chief executive officer","CEO","CEO","2023-06-28","ACTV","","","","The Companies Act, 2013 - s.2"
"Y1TZHW","India","IN","","","Public Limited Company","DDKQ","Contributory","English","en","Contributory","","","2023-06-28","ACTV","","","","The Companies Act, 2013 - s.2"
"ZECPD4","India","IN","","","Public Limited Company","DDKQ","Manager","English","en","Manager","","","2023-06-28","ACTV","","","","The Companies Act, 2013 - s.2"
"0OIZXQ","Ireland","IE","","","Private Company Limited by Shares","MNQ7","Director","English","en","Director","","","2023-06-28","ACTV","","","","Companies Act 2014 - s.22"
"0OIZXQ","Ireland","IE","","","Teoranta","MNQ7","Stiúrthóir","Irish (Gaeilge)","ga","Stiúrthóir bainistíochta","","","2023-06-28","ACTV","","","","Companies Act 2014 - s.22"
"0WHWDU","Ireland","IE","","","Irish Collective Asset-management Vehicle","2GV9","Subscriber","English","en","Subscriber","","","2023-06-28","ACTV","","","","Irish Collective Asset-management Vehicles Act 2015 - s.6"
"0WHWDU","Ireland","IE","","","Irish Collective Asset-management Vehicle","2GV9","Suibscríobhaí","Irish (Gaeilge)","ga","Suibscríobhaí","","","2023-06-28","ACTV","","","","Irish Collective Asset-management Vehicles Act 2015 - s.6"
"1ZBBT0","Ireland","IE","","","Private Company Limited by Shares","MNQ7","Secretary","English","en","Secretary","","","2023-06-28","ACTV","","","","Companies Act 2014 - s.22"
"1ZBBT0","Ireland","IE","","","Teoranta","MNQ7","Rúnaí","Irish (Gaeilge)","ga","Rúnaí","","","2023-06-28","ACTV","","","","Companies Act 2014 - s.22"
"2JM0P1","Ireland","IE","","","Private Company Limited by Shares","MNQ7","Liquidator","English","en","Liquidator","","","2023-06-28","ACTV","","","","Companies Act 2014 - s.592"
"2JM0P1","Ireland","IE","","","Teoranta","MNQ7","Leachtaitheora","Irish (Gaeilge)","ga","Leachtaitheora","","","2023-06-28","ACTV","","","","Companies Act 2014 - s.592"
"2SUDSJ","Ireland","IE","","","Irish Collective Asset-management Vehicle","2GV9","Shareholder","English","en","Shareholder","","","2023-06-28","ACTV","","","","Irish Collective Asset-management Vehicles Act 2015 - s.6"
"2SUDSJ","Ireland","IE","","","Irish Collective Asset-management Vehicle","2GV9","Scairshealbhóir","Irish (Gaeilge)","ga","Scairshealbhóir","","","2023-06-28","ACTV","","","","Irish Collective Asset-management Vehicles Act 2015 - s.45"
"2YJ8BB","Ireland","IE","","","Public Limited Company","VYAX","Receiver","English","en","Receiver","","","2023-06-28","ACTV","","","","Companies Act 2014 - Part 17 (includes Parts 1-14 as modified/disapplied by the section) - s.428"
"2YJ8BB","Ireland","IE","","","Cuideachta Phoiblí Theoranta","VYAX","Glacadóra","Irish (Gaeilge)","ga","Glacadóra","","","2023-06-28","ACTV","","","","Companies Act 2014 - Part 17 (includes Parts 1-14 as modified/disapplied by the section) - s.428"
"3O5FUD","Ireland","IE","","","Private Company Limited by Shares","MNQ7","Registered person","English","en","Registered person","","","2023-06-28","ACTV","","","","Companies Act 2014 - s.39"
"3O5FUD","Ireland","IE","","","Teoranta","MNQ7","Duine Chláraithe","Irish (Gaeilge)","ga","Duine Chláraithe","","","2023-06-28","ACTV","","","","Companies Act 2014 - s.39"
"3RYMAF","Ireland","IE","","","Irish Collective Asset-management Vehicle","2GV9","Trustee (for debentures)","English","en","Trustee (for debentures)","","","2023-06-28","ACTV","","","","Irish Collective Asset-management Vehicles Act 2015 - s.104"
"3RYMAF","Ireland","IE","","","Irish Collective Asset-management Vehicle","2GV9","Iontaobhaí (do bhintiúir)","Irish (Gaeilge)","ga","Iontaobhaí (do bhintiúir)","","","2023-06-28","ACTV","","","","Irish Collective Asset-management Vehicles Act 2015 - s.6"
"4BABAL","Ireland","IE","","","Designated Activity Company","LGWG","Member","English","en","Member","","","2023-06-28","ACTV","","","","Companies Act 2014 - Part 16 (includes Parts 1-14 as modified by the section) - s.965"
"4BABAL","Ireland","IE","","","Cuideachta Gníomhaíochta Ainmnithe","LGWG","Comhalta","Irish (Gaeilge)","ga","Comhalta","","","2023-06-28","ACTV","","","","Companies Act 2014 - Part 16 (includes Parts 1-14 as modified by the section) - s.965"
"5SMDLD","Ireland","IE","","","Private Company Limited by Shares","MNQ7","Statutory auditor","English","en","Statutory auditor","","","2023-06-28","ACTV","","","","Companies Act 2014 - s.333"
"5SMDLD","Ireland","IE","","","Teoranta","MNQ7","Iniúchóir","Irish (Gaeilge)","ga","Iniúchóir","","","2023-06-28","ACTV","","","","Companies Act 2014 - s.333"
"5YQ1MS","Ireland","IE","","","Designated Activity Company","LGWG","Shadow director","English","en","Shadow director","","","2023-06-28","ACTV","","","","Companies Act 2014 - Part 16 (includes Parts 1-14 as modified by the section) - s.221"
"5YQ1MS","Ireland","IE","","","Cuideachta Gníomhaíochta Ainmnithe","LGWG","Scáthstiúrthóir","Irish (Gaeilge)","ga","Scáthstiúrthóir","","","2023-06-28","ACTV","","","","Companies Act 2014 - Part 16 (includes Parts 1-14 as modified by the section) - s.221"
"8K0LE2","Ireland","IE","","","Designated Activity Company","LGWG","Managing director","English","en","Managing director","MD","MD","2023-06-28","ACTV","","","","Companies Act 2014 - Part 16 (includes Parts 1-14 as modified by the section) - s.159"
"8K0LE2","Ireland","IE","","","Cuideachta Gníomhaíochta Ainmnithe","LGWG","Stiúrthóir bainistíochta","Irish (Gaeilge)","ga","Stiúrthóir bainistíochta","","","2023-06-28","ACTV","","","","Companies Act 2014 - Part 16 (includes Parts 1-14 as modified by the section) - s.159"
"99BNC1","Ireland","IE","","","Designated Activity Company","LGWG","Director","English","en","Director","","","2023-06-28","ACTV","","","","Companies Act 2014 - Part 16 (includes Parts 1-14 as modified by the section) - s.985"
"99BNC1","Ireland","IE","","","Cuideachta Gníomhaíochta Ainmnithe","LGWG","Stiúrthóir","Irish (Gaeilge)","ga","Stiúrthóir","","","2023-06-28","ACTV","","","","Companies Act 2014 - Part 16 (includes Parts 1-14 as modified by the section) - s.985"
"9BVFKY","Ireland","IE","","","Irish Collective Asset-management Vehicle","2GV9","Receiver","English","en","Receiver","","","2023-06-28","ACTV","","","","Irish Collective Asset-management Vehicles Act 2015 - s.153"
"9BVFKY","Ireland","IE","","","Irish Collective Asset-management Vehicle","2GV9","Glacadóra","Irish (Gaeilge)","ga","Glacadóra","","","2023-06-28","ACTV","","","","Irish Collective Asset-management Vehicles Act 2015 - s.36"
"A9XS9G","Ireland","IE","","","Designated Activity Company","LGWG","Contributory","English","en","Contributory","","","2023-06-28","ACTV","","","","Companies Act 2014 - Part 16 (includes Parts 1-14 as modified by the section) - s.654"
"A9XS9G","Ireland","IE","","","Cuideachta Gníomhaíochta Ainmnithe","LGWG","Ranníocach","Irish (Gaeilge)","ga","Ranníocach","","","2023-06-28","ACTV","","","","Companies Act 2014 - Part 16 (includes Parts 1-14 as modified by the section) - s.654"
"AHUWZC","Ireland","IE","","","Designated Activity Company","LGWG","Secretary","English","en","Secretary","","","2023-06-28","ACTV","","","","Companies Act 2014 - Part 16 (includes Parts 1-14 as modified by the section) - s.22"
"AHUWZC","Ireland","IE","","","Cuideachta Gníomhaíochta Ainmnithe","LGWG","Rúnaí","Irish (Gaeilge)","ga","Rúnaí","","","2023-06-28","ACTV","","","","Companies Act 2014 - Part 16 (includes Parts 1-14 as modified by the section) - s.22"
"AWUSGB","Ireland","IE","","","Irish Collective Asset-management Vehicle","2GV9","Debenture holder","English","en","Debenture holder","","","2023-06-28","ACTV","","","","Irish Collective Asset-management Vehicles Act 2015 - s.45"
"AWUSGB","Ireland","IE","","","Irish Collective Asset-management Vehicle","2GV9","Sealbhóir bintiúir","Irish (Gaeilge)","ga","Sealbhóir bintiúir","","","2023-06-28","ACTV","","","","Irish Collective Asset-management Vehicles Act 2015 - s.11"
"BOBGLV","Ireland","IE","","","Private Company Limited by Shares","MNQ7","De facto director","English","en","De facto director","","","2023-06-28","ACTV","","","","Companies Act 2014 - s.222"
"BOBGLV","Ireland","IE","","","Teoranta","MNQ7","Stiúrthóir de facto","Irish (Gaeilge)","ga","Stiúrthóir de facto","","","2023-06-28","ACTV","","","","Companies Act 2014 - s.222"
"DU9M7N","Ireland","IE","","","Public Limited Company","VYAX","Examiner","English","en","Examiner","","","2023-06-28","ACTV","","","","Companies Act 2014 - Part 17 (includes Parts 1-14 as modified/disapplied by the section) - s.509"
"DU9M7N","Ireland","IE","","","Cuideachta Phoiblí Theoranta","VYAX","Scrúdaitheoir","Irish (Gaeilge)","ga","Scrúdaitheoir","","","2023-06-28","ACTV","","","","Companies Act 2014 - Part 17 (includes Parts 1-14 as modified/disapplied by the section) - s.509"
"F3DKPL","Ireland","IE","","","Designated Activity Company","LGWG","Receiver","English","en","Receiver","","","2023-06-28","ACTV","","","","Companies Act 2014 - Part 16 (includes Parts 1-14 as modified by the section) - s.428"
"F3DKPL","Ireland","IE","","","Cuideachta Gníomhaíochta Ainmnithe","LGWG","Glacadóra","Irish (Gaeilge)","ga","Glacadóra","","","2023-06-28","ACTV","","","","Companies Act 2014 - Part 16 (includes Parts 1-14 as modified by the section) - s.428"
"F8BVAZ","Ireland","IE","","","Public Limited Company","VYAX","Shadow director","English","en","Shadow director","","","2023-06-28","ACTV","","","","Companies Act 2014 - Part 17 (includes Parts 1-14 as modified/disapplied by the section) - s.221"
"F8BVAZ","Ireland","IE","","","Cuideachta Phoiblí Theoranta","VYAX","Scáthstiúrthóir","Irish (Gaeilge)","ga","Scáthstiúrthóir","","","2023-06-28","ACTV","","","","Companies Act 2014 - Part 17 (includes Parts 1-14 as modified/disapplied by the section) - s.221"
"FICK9I","Ireland","IE","","","Designated Activity Company","LGWG","De facto director","English","en","De facto director","","","2023-06-28","ACTV","","","","Companies Act 2014 - Part 16 (includes Parts 1-14 as modified by the section) - s.222"
"FICK9I","Ireland","IE","","","Cuideachta Gníomhaíochta Ainmnithe","LGWG","Stiúrthóir de facto","Irish (Gaeilge)","ga","Stiúrthóir de facto","","","2023-06-28","ACTV","","","","Companies Act 2014 - Part 16 (includes Parts 1-14 as modified by the section) - s.222"
"FOWT1A","Ireland","IE","","","Private Company Limited by Shares","MNQ7","Shadow director","English","en","Shadow director","","","2023-06-28","ACTV","","","","Companies Act 2014 - s.221"
"FOWT1A","Ireland","IE","","","Teoranta","MNQ7","Scáthstiúrthóir","Irish (Gaeilge)","ga","Scáthstiúrthóir","","","2023-06-28","ACTV","","","","Companies Act 2014 - s.221"
"GBUL68","Ireland","IE","","","Public Limited Company","VYAX","Secretary","English","en","Secretary","","","2023-06-28","ACTV","","","","Companies Act 2014 - Part 17 (includes Parts 1-14 as modified/disapplied by the section) - s.1112"
"GBUL68","Ireland","IE","","","Cuideachta Phoiblí Theoranta","VYAX","Rúnaí","Irish (Gaeilge)","ga","Rúnaí","","","2023-06-28","ACTV","","","","Companies Act 2014 - Part 17 (includes Parts 1-14 as modified/disapplied by the section) - s.1112"
"GNTNAR","Ireland","IE","","","Irish Collective Asset-management Vehicle","2GV9","Auditor","English","en","Auditor","","","2023-06-28","ACTV","","","","Irish Collective Asset-management Vehicles Act 2015 - s.120"
"GNTNAR","Ireland","IE","","","Irish Collective Asset-management Vehicle","2GV9","Iniúchóir","Irish (Gaeilge)","ga","Iniúchóir","","","2023-06-28","ACTV","","","","Irish Collective Asset-management Vehicles Act 2015 - s.104"
"H08I6S","Ireland","IE","","","Designated Activity Company","LGWG","Examiner","English","en","Examiner","","","2023-06-28","ACTV","","","","Companies Act 2014 - Part 16 (includes Parts 1-14 as modified by the section) - s.509"
"H08I6S","Ireland","IE","","","Cuideachta Gníomhaíochta Ainmnithe","LGWG","Scrúdaitheoir","Irish (Gaeilge)","ga","Scrúdaitheoir","","","2023-06-28","ACTV","","","","Companies Act 2014 - Part 16 (includes Parts 1-14 as modified by the section) - s.509"
"HVPW9I","Ireland","IE","","","Irish Collective Asset-management Vehicle","2GV9","Secretary","English","en","Secretary","","","2023-06-28","ACTV","","","","Irish Collective Asset-management Vehicles Act 2015 - s.11"
"HVPW9I","Ireland","IE","","","Irish Collective Asset-management Vehicle","2GV9","Rúnaí","Irish (Gaeilge)","ga","Rúnaí","","","2023-06-28","ACTV","","","","Irish Collective Asset-management Vehicles Act 2015 - s.37"
"JYI7LS","Ireland","IE","","","Public Limited Company","VYAX","Liquidator","English","en","Liquidator","","","2023-06-28","ACTV","","","","Companies Act 2014 - Part 17 (includes Parts 1-14 as modified/disapplied by the section) - s.592"
"JYI7LS","Ireland","IE","","","Cuideachta Phoiblí Theoranta","VYAX","Leachtaitheora","Irish (Gaeilge)","ga","Leachtaitheora","","","2023-06-28","ACTV","","","","Companies Act 2014 - Part 17 (includes Parts 1-14 as modified/disapplied by the section) - s.592"
"LIDQUF","Ireland","IE","","","Private Company Limited by Shares","MNQ7","Member","English","en","Member","","","2023-06-28","ACTV","","","","Companies Act 2014 - s.17"
"LIDQUF","Ireland","IE","","","Teoranta","MNQ7","Comhalta","Irish (Gaeilge)","ga","Comhalta","","","2023-06-28","ACTV","","","","Companies Act 2014 - s.17"
"LRNFRX","Ireland","IE","","","Private Company Limited by Shares","MNQ7","Examiner","English","en","Examiner","","","2023-06-28","ACTV","","","","Companies Act 2014 - s.509"
"LRNFRX","Ireland","IE","","","Teoranta","MNQ7","Scrúdaitheoir","Irish (Gaeilge)","ga","Scrúdaitheoir","","","2023-06-28","ACTV","","","","Companies Act 2014 - s.509"
"LZ2IMH","Ireland","IE","","","Public Limited Company","VYAX","Registered person","English","en","Registered person","","","2023-06-28","ACTV","","","","Companies Act 2014 - Part 17 (includes Parts 1-14 as modified/disapplied by the section) - s.39"
"LZ2IMH","Ireland","IE","","","Cuideachta Phoiblí Theoranta","VYAX","Duine Chláraithe","Irish (Gaeilge)","ga","Duine Chláraithe","","","2023-06-28","ACTV","","","","Companies Act 2014 - Part 17 (includes Parts 1-14 as modified/disapplied by the section) - s.39"
"MQSY2L","Ireland","IE","","","Public Limited Company","VYAX","Director","English","en","Director","","","2023-06-28","ACTV","","","","Companies Act 2014 - Part 17 (includes Parts 1-14 as modified/disapplied by the section) - s.1088"
"MQSY2L","Ireland","IE","","","Cuideachta Phoiblí Theoranta","VYAX","Stiúrthóir","Irish (Gaeilge)","ga","Stiúrthóir","","","2023-06-28","ACTV","","","","Companies Act 2014 - Part 17 (includes Parts 1-14 as modified/disapplied by the section) - s.1088"
"PMVZFL","Ireland","IE","","","Public Limited Company","VYAX","Contributory","English","en","Contributory","","","2023-06-28","ACTV","","","","Companies Act 2014 - Part 17 (includes Parts 1-14 as modified/disapplied by the section) - s.654"
"PMVZFL","Ireland","IE","","","Cuideachta Phoiblí Theoranta","VYAX","Ranníocach","Irish (Gaeilge)","ga","Ranníocach","","","2023-06-28","ACTV","","","","Companies Act 2014 - Part 17 (includes Parts 1-14 as modified/disapplied by the section) - s.654"
"POWULA","Ireland","IE","","","Irish Collective Asset-management Vehicle","2GV9","Director","English","en","Director","","","2023-06-28","ACTV","","","","Irish Collective Asset-management Vehicles Act 2015 - s.11"
"POWULA","Ireland","IE","","","Irish Collective Asset-management Vehicle","2GV9","Stiúrthóir","Irish (Gaeilge)","ga","Stiúrthóir","","","2023-06-28","ACTV","","","","Irish Collective Asset-management Vehicles Act 2015 - s.11"
"SDFT56","Ireland","IE","","","Irish Collective Asset-management Vehicle","2GV9","Liquidator","English","en","Liquidator","","","2023-06-28","ACTV","","","","Irish Collective Asset-management Vehicles Act 2015 - s.37"
"SDFT56","Ireland","IE","","","Irish Collective Asset-management Vehicle","2GV9","Leachtaitheora","Irish (Gaeilge)","ga","Leachtaitheora","","","2023-06-28","ACTV","","","","Irish Collective Asset-management Vehicles Act 2015 - s.120"
"SPKBWK","Ireland","IE","","","Designated Activity Company","LGWG","Statutory auditor","English","en","Statutory auditor","","","2023-06-28","ACTV","","","","Companies Act 2014 - Part 16 (includes Parts 1-14 as modified by the section) - s.333"
"SPKBWK","Ireland","IE","","","Cuideachta Gníomhaíochta Ainmnithe","LGWG","Iniúchóir","Irish (Gaeilge)","ga","Iniúchóir","","","2023-06-28","ACTV","","","","Companies Act 2014 - Part 16 (includes Parts 1-14 as modified by the section) - s.333"
"U0MKBA","Ireland","IE","","","Private Company Limited by Shares","MNQ7","Contributory","English","en","Contributory","","","2023-06-28","ACTV","","","","Companies Act 2014 - s.654"
"U0MKBA","Ireland","IE","","","Teoranta","MNQ7","Ranníocach","Irish (Gaeilge)","ga","Ranníocach","","","2023-06-28","ACTV","","","","Companies Act 2014 - s.654"
"VAKIU9","Ireland","IE","","","Private Company Limited by Shares","MNQ7","Managing director","English","en","Managing director","MD","MD","2023-06-28","ACTV","","","","Companies Act 2014 - s.159"
"VAKIU9","Ireland","IE","","","Teoranta","MNQ7","Stiúrthóir bainistíochta","Irish (Gaeilge)","ga","Stiúrthóir bainistíochta","","","2023-06-28","ACTV","","","","Companies Act 2014 - s.159"
"VW3DMX","Ireland","IE","","","Irish Collective Asset-management Vehicle","2GV9","Officer","English","en","Officer","","","2023-06-28","ACTV","","","","Irish Collective Asset-management Vehicles Act 2015 - s.36"
"VW3DMX","Ireland","IE","","","Irish Collective Asset-management Vehicle","2GV9","Oifigeach","Irish (Gaeilge)","ga","Oifigeach","","","2023-06-28","ACTV","","","","Irish Collective Asset-management Vehicles Act 2015 - s.153"
"VYUECH","Ireland","IE","","","Irish Collective Asset-management Vehicle","2GV9","Member","English","en","Member","","","2023-06-28","ACTV","","","","Irish Collective Asset-management Vehicles Act 2015 - s.15"
"VYUECH","Ireland","IE","","","Irish Collective Asset-management Vehicle","2GV9","Comhalta","Irish (Gaeilge)","ga","Comhalta","","","2023-06-28","ACTV","","","","Irish Collective Asset-management Vehicles Act 2015 - s.15"
"WFWWDP","Ireland","IE","","","Public Limited Company","VYAX","De facto director","English","en","De facto director","","","2023-06-28","ACTV","","","","Companies Act 2014 - Part 17 (includes Parts 1-14 as modified/disapplied by the section) - s.222"
"WFWWDP","Ireland","IE","","","Cuideachta Phoiblí Theoranta","VYAX","Stiúrthóir de-facto","Irish (Gaeilge)","ga","Stiúrthóir de facto","","","2023-06-28","ACTV","","","","Companies Act 2014 - Part 17 (includes Parts 1-14 as modified/disapplied by the section) - s.222"
"WINEJQ","Ireland","IE","","","Public Limited Company","VYAX","Member","English","en","Member","","","2023-06-28","ACTV","","","","Companies Act 2014 - Part 17 (includes Parts 1-14 as modified/disapplied by the section) - s.1006"
"WINEJQ","Ireland","IE","","","Cuideachta Phoiblí Theoranta","VYAX","Comhalta","Irish (Gaeilge)","ga","Comhalta","","","2023-06-28","ACTV","","","","Companies Act 2014 - Part 17 (includes Parts 1-14 as modified/disapplied by the section) - s.1006"
"X3WSCJ","Ireland","IE","","","Designated Activity Company","LGWG","Liquidator","English","en","Liquidator","","","2023-06-28","ACTV","","","","Companies Act 2014 - Part 16 (includes Parts 1-14 as modified by the section) - s.592"
"X3WSCJ","Ireland","IE","","","Cuideachta Gníomhaíochta Ainmnithe","LGWG","Leachtaitheora","Irish (Gaeilge)","ga","Leachtaitheora","","","2023-06-28","ACTV","","","","Companies Act 2014 - Part 16 (includes Parts 1-14 as modified by the section) - s.592"
"X9ZKMU","Ireland","IE","","","Designated Activity Company","LGWG","Registered person","English","en","Registered person","","","2023-06-28","ACTV","","","","Companies Act 2014 - Part 16 (includes Parts 1-14 as modified by the section) - s.39"
"X9ZKMU","Ireland","IE","","","Cuideachta Gníomhaíochta Ainmnithe","LGWG","Duine Chláraithe","Irish (Gaeilge)","ga","Duine Chláraithe","","","2023-06-28","ACTV","","","","Companies Act 2014 - Part 16 (includes Parts 1-14 as modified by the section) - s.39"
"XQLC1E","Ireland","IE","","","Public Limited Company","VYAX","Managing director","English","en","Managing director","MD","MD","2023-06-28","ACTV","","","","Companies Act 2014 - Part 17 (includes Parts 1-14 as modified/disapplied by the section) - s.159"
"XQLC1E","Ireland","IE","","","Cuideachta Phoiblí Theoranta","VYAX","Stiúrthóir bainistíochta","Irish (Gaeilge)","ga","Stiúrthóir bainistíochta","","","2023-06-28","ACTV","","","","Companies Act 2014 - Part 17 (includes Parts 1-14 as modified/disapplied by the section) - s.159"
"XW9D4X","Ireland","IE","","","Public Limited Company","VYAX","Statutory auditor","English","en","Statutory auditor","","","2023-06-28","ACTV","","","","Companies Act 2014 - Part 17 (includes Parts 1-14 as modified/disapplied by the section) - s.333"
"XW9D4X","Ireland","IE","","","Cuideachta Phoiblí Theoranta","VYAX","Iniúchóir","Irish (Gaeilge)","ga","Iniúchóir","","","2023-06-28","ACTV","","","","Companies Act 2014 - Part 17 (includes Parts 1-14 as modified/disapplied by the section) - s.333"
"YRS5DD","Ireland","IE","","","Private Company Limited by Shares","MNQ7","Receiver","English","en","Receiver","","","2023-06-28","ACTV","","","","Companies Act 2014 - s.428"
"YRS5DD","Ireland","IE","","","Teoranta","MNQ7","Glacadóra","Irish (Gaeilge)","ga","Glacadóra","","","2023-06-28","ACTV","","","","Companies Act 2014 - s.428"
"0RP4QJ","Italy","IT","","","Società Per Azioni","P418","Amministratore","Italian","it","Amministratore","","","2023-06-28","ACTV","","","","Codice Civile Italiano, 1942 (as amended) - Titolo V: Capo V - art.2328(9)"
"0XHWET","Italy","IT","","","Società A Responsabilità Limitata","OV32","Socio","Italian","it","Socio","","","2023-06-28","ACTV","","","","Codice Civile Italiano, 1942 (as amended) - Titolo V: Capo 7 - art.2463"
"26JKZE","Italy","IT","","","Società Semplice","2XXH","Liquidatore","Italian","it","Liquidatore","","","2023-06-28","ACTV","","","","Codice Civile Italiano, 1942 (as amended) - Titolo V: Capo 2 - art.2275"
"3OVPC5","Italy","IT","","","Società Semplice","2XXH","Socio amministratore","Italian","it","Socio amministratore","","","2023-06-28","ACTV","","","","Codice Civile Italiano, 1942 (as amended) - Titolo V: Capo 2 - art.2257"
"3X9AJS","Italy","IT","","","Società Per Azioni","P418","Presidente","Italian","it","Presidente","","","2023-06-28","ACTV","","","","Codice Civile Italiano, 1942 (as amended) - Titolo V: Capo V - art.2381"
"4HPSNN","Italy","IT","","","Società In Nome Collettivo","T2X1","Liquidatore","Italian","it","Liquidatore","","","2023-06-28","ACTV","","","","Codice Civile Italiano, 1942 (as amended) - Titolo V: Capo 3 - art.2309"
"7CZ4FR","Italy","IT","","","Società In Nome Collettivo","T2X1","Amministratore","Italian","it","Amministratore","","","2023-06-28","ACTV","","","","Codice Civile Italiano, 1942 (as amended) - Titolo V: Capo 3 - art.2298"
"7JLAUG","Italy","IT","","","Società A Responsabilità Limitata","OV32","Liquidatore","Italian","it","Liquidatore","","","2023-06-28","ACTV","","","","Codice Civile Italiano, 1942 (as amended) - Titolo V: Capo 7 - art.2487"
"DBFKD4","Italy","IT","","","Società Per Azioni","P418","Promotoro","Italian","it","Promotoro","","","2023-06-28","ACTV","","","","Codice Civile Italiano, 1942 (as amended) - Titolo V: Capo V - art.2328(1)"
"G82UZC","Italy","IT","","","Società Per Azioni","P418","Socio","Italian","it","Socio","","","2023-06-28","ACTV","","","","Codice Civile Italiano, 1942 (as amended) - Titolo V: Capo V - art.2328(1)"
"GDOXDU","Italy","IT","","","Società Semplice","2XXH","Amministratore","Italian","it","Amministratore","","","2023-06-28","ACTV","","","","Codice Civile Italiano, 1942 (as amended) - Titolo V: Capo 2 - art.2277"
"IGKI9C","Italy","IT","","","Società A Responsabilità Limitata","OV32","Amministratore","Italian","it","Amministratore","","","2023-06-28","ACTV","","","","Codice Civile Italiano, 1942 (as amended) - Titolo V: Capo 7 - art.2475"
"LDAIPL","Italy","IT","","","Società Per Azioni","P418","Sottoscrittorio","Italian","it","Sottoscrittorio","","","2023-06-28","ACTV","","","","Codice Civile Italiano, 1942 (as amended) - Titolo V: Capo V - art.2334"
"MCEJOR","Italy","IT","","","Società Per Azioni","P418","Componento del comitato per il controllo sulla gestione","Italian","it","Componento del comitato per il controllo sulla gestione","","","2023-06-28","ACTV","","","","Codice Civile Italiano, 1942 (as amended) - Titolo V: Capo V - art.2409-octiesdecies"
"MPYJGJ","Italy","IT","","","Società Per Azioni","P418","Usufruttuario","Italian","it","Usufruttuario","","","2023-06-28","ACTV","","","","Codice Civile Italiano, 1942 (as amended) - Titolo V: Capo V - art.2352"
"NVKKWC","Italy","IT","","","Società A Responsabilità Limitata","OV32","Sindaco","Italian","it","Sindaco","","","2023-06-28","ACTV","","","","Codice Civile Italiano, 1942 (as amended) - Titolo V: Capo 7 - art.2477"
"O1W90G","Italy","IT","","","Società Per Azioni","P418","Componento del consiglio di sorveglianza","Italian","it","Componento del consiglio di sorveglianza","","","2023-06-28","ACTV","","","","Codice Civile Italiano, 1942 (as amended) - Titolo V: Capo V - art.2328(11)"
"PS6RPZ","Italy","IT","","","Società Semplice","2XXH","Socio","Italian","it","Socio","","","2023-06-28","ACTV","","","","Codice Civile Italiano, 1942 (as amended) - Titolo V: Capo 2 - art.2252"
"Q7DZAK","Italy","IT","","","Società Per Azioni","P418","Direttore generale","Italian","it","Direttore generale","","","2023-06-28","ACTV","","","","Codice Civile Italiano, 1942 (as amended) - Titolo V: Capo V - art.2396"
"QP2WQH","Italy","IT","","","Società In Nome Collettivo","T2X1","Socio","Italian","it","Socio","","","2023-06-28","ACTV","","","","Codice Civile Italiano, 1942 (as amended) - Titolo V: Capo 3 - art.2291"
"U62NMW","Italy","IT","","","Società In Nome Collettivo","T2X1","Socio di opera","Italian","it","Socio di opera","","","2023-06-28","ACTV","","","","Codice Civile Italiano, 1942 (as amended) - Titolo V: Capo 3 - art.2295"
"UQOLOW","Italy","IT","","","Società Per Azioni","P418","Sindaco","Italian","it","Sindaco","","","2023-06-28","ACTV","","","","Codice Civile Italiano, 1942 (as amended) - Titolo V: Capo V - art.2328(11)"
"ZH4NQC","Italy","IT","","","Società Per Azioni","P418","Obbligazionista","Italian","it","Obbligazionista","","","2023-06-28","ACTV","","","","Codice Civile Italiano, 1942 (as amended) - Titolo V: Capo V - art.2411"
"14XRPA","Japan","JP","","","合同会社 /goudougaisya","7QQ0","発起人","Japanese","ja","Hokkinin","","","2023-06-28","ACTV","","","","会社法 第条27"
"1F7ONC","Japan","JP","","","株式会社 / kabusikigaisya","T417","議長","Japanese","ja","Gicho","","","2023-06-28","ACTV","","","","会社法 第条79"
"8VWZDB","Japan","JP","","","株式会社 / kabusikigaisya","T417","支配人","Japanese","ja","Shihainin","","","2023-06-28","ACTV","","","","会社法 第条10"
"AF35FY","Japan","JP","","","合同会社 /goudougaisya","7QQ0","支配人","Japanese","ja","Shihainin","","","2023-06-28","ACTV","","","","会社法 第条10"
"AK1XQE","Japan","JP","","","合同会社 /goudougaisya","7QQ0","株主名簿管理人","Japanese","ja","Kabunushi meibo kanrinin","","","2023-06-28","ACTV","","","","会社法 第条123"
"BF1MYW","Japan","JP","","","株式会社 / kabusikigaisya","T417","発起人","Japanese","ja","Hokkinin","","","2023-06-28","ACTV","","","","会社法 第条27"
"BIIXZN","Japan","JP","","","合同会社 /goudougaisya","7QQ0","取締役","Japanese","ja","Torishimariyaku","","","2023-06-28","ACTV","","","","会社法 第条38"
"D7JMRE","Japan","JP","","","株式会社 / kabusikigaisya","T417","会計監査人","Japanese","ja","Kaikei kansa hito","","","2023-06-28","ACTV","","","","会社法 第条38"
"EP2DQR","Japan","JP","","","株式会社 / kabusikigaisya","T417","取締役","Japanese","ja","Torishimariyaku","","","2023-06-28","ACTV","","","","会社法 第条38"
"GM73JW","Japan","JP","","","合同会社 /goudougaisya","7QQ0","代表取締役","Japanese","ja","Daihyo torishimariyaku","","","2023-06-28","ACTV","","","","会社法 第条47"
"HMO9OY","Japan","JP","","","合同会社 /goudougaisya","7QQ0","社員","Japanese","ja","Shain","","","2023-06-28","ACTV","","","","会社法 第条575"
"JC7W3G","Japan","JP","","","株式会社 / kabusikigaisya","T417","監査役","Japanese","ja","Kansa-yaku","","","2023-06-28","ACTV","","","","会社法 第条38"
"KBMBYX","Japan","JP","","","株式会社 / kabusikigaisya","T417","代表執行役","Japanese","ja","Daihyo Shikko-yaku","","","2023-06-28","ACTV","","","","会社法 第条48"
"KYVUA7","Japan","JP","","","合同会社 /goudougaisya","7QQ0","会計参与","Japanese","ja","Kaikei sanyo","","","2023-06-28","ACTV","","","","会社法 第条38"
"LLSY6G","Japan","JP","","","合同会社 /goudougaisya","7QQ0","執行役","Japanese","ja","Shikko-yaku","","","2023-06-28","ACTV","","","","会社法 第条48"
"LZA4FD","Japan","JP","","","株式会社 / kabusikigaisya","T417","社員","Japanese","ja","Shain","","","2023-06-28","ACTV","","","","会社法 第条575"
"NBJUAX","Japan","JP","","","株式会社 / kabusikigaisya","T417","業務を執行する社員","Japanese","ja","Gyomu o shikko suru shain","","","2023-06-28","ACTV","","","","会社法 第条591"
"NGTSDX","Japan","JP","","","合同会社 /goudougaisya","7QQ0","会計監査人","Japanese","ja","Kaikei kansa hito","","","2023-06-28","ACTV","","","","会社法 第条38"
"NYQKXQ","Japan","JP","","","合同会社 /goudougaisya","7QQ0","業務を執行する社員","Japanese","ja","Gyomu o shikko suru shain","","","2023-06-28","ACTV","","","","会社法 第条591"
"PKGP65","Japan","JP","","","株式会社 / kabusikigaisya","T417","株主名簿管理人","Japanese","ja","Kabunushi meibo kanrinin","","","2023-06-28","ACTV","","","","会社法 第条123"
"QA9D9D","Japan","JP","","","合同会社 /goudougaisya","7QQ0","議長","Japanese","ja","Gicho","","","2023-06-28","ACTV","","","","会社法 第条79"
"SV52Q7","Japan","JP","","","株式会社 / kabusikigaisya","T417","会計参与","Japanese","ja","Kaikei sanyo","","","2023-06-28","ACTV","","","","会社法 第条38"
"TY01AT","Japan","JP","","","合同会社 /goudougaisya","7QQ0","代表執行役","Japanese","ja","Daihyo Shikko-yaku","","","2023-06-28","ACTV","","","","会社法 第条48"
"UNIHEK","Japan","JP","","","合同会社 /goudougaisya","7QQ0","監査役","Japanese","ja","Kansa-yaku","","","2023-06-28","ACTV","","","","会社法 第条38"
"XV1MOQ","Japan","JP","","","株式会社 / kabusikigaisya","T417","代表取締役","Japanese","ja","Daihyo torishimariyaku","","","2023-06-28","ACTV","","","","会社法 第条47"
"ZYIRSZ","Japan","JP","","","株式会社 / kabusikigaisya","T417","執行役","Japanese","ja","Shikko-yaku","","","2023-06-28","ACTV","","","","会社法 第条48"
"28QXAG","Jersey","JE","","","Public Limited Company","JOX1","Officer","English","en","Officer","","","2023-06-28","ACTV","","","","Companies (Jersey) Law 1991 - s.77"
"9DKKIT","Jersey","JE","","","Public Limited Company","JOX1","Auditor","English","en","Auditor","","","2023-06-28","ACTV","","","","Companies (Jersey) Law 1991 - ss.102, 113"
"9ZJISE","Jersey","JE","","","Public Limited Company","JOX1","Subscriber","English","en","Subscriber","","","2023-06-28","ACTV","","","","Companies (Jersey) Law 1991 - s.4"
"A6NSWN","Jersey","JE","","","Private Limited Company","SQXV","Director","English","en","Director","","","2023-06-28","ACTV","","","","Companies (Jersey) Law 1991 - s.73"
"AEMSOX","Jersey","JE","","","Private Limited Company","SQXV","Auditor","English","en","Auditor","","","2023-06-28","ACTV","","","","Companies (Jersey) Law 1991 - ss.102, 113"
"CQBOLR","Jersey","JE","","","Private Limited Company","SQXV","Secretary (Company secretary)","English","en","Secretary (Company secretary)","Sec. (Co.Sec.)","","2023-06-28","ACTV","","","","Companies (Jersey) Law 1991 - s.81"
"DMU1JY","Jersey","JE","","","Private Limited Company","SQXV","Officer","English","en","Officer","","","2023-06-28","ACTV","","","","Companies (Jersey) Law 1991 - s.73"
"EPCFUB","Jersey","JE","","","Public Limited Company","JOX1","Member","English","en","Member","","","2023-06-28","ACTV","","","","Companies (Jersey) Law 1991 - ss.10, 25"
"FG37FB","Jersey","JE","","","Public Limited Company","JOX1","Director","English","en","Director","","","2023-06-28","ACTV","","","","Companies (Jersey) Law 1991 - ss.7, 73"
"ILDFQO","Jersey","JE","","","Private Limited Company","SQXV","Subscriber","English","en","Subscriber","","","2023-06-28","ACTV","","","","Companies (Jersey) Law 1991 - s.4"
"KWYTIN","Jersey","JE","","","Private Limited Company","SQXV","Inspector","English","en","Inspector","","","2023-06-28","ACTV","","","","Companies (Jersey) Law 1991 - s.128"
"OSIZRX","Jersey","JE","","","Private Limited Company","SQXV","Member","English","en","Member","","","2023-06-28","ACTV","","","","Companies (Jersey) Law 1991 - ss.10, 25"
"Q6XX2Z","Jersey","JE","","","Public Limited Company","JOX1","Debenture holder","English","en","Debenture holder","","","2023-06-28","ACTV","","","","Companies (Jersey) Law 1991 - s.126"
"QXHIRN","Jersey","JE","","","Public Limited Company","JOX1","Liquidator","English","en","Liquidator","","","2023-06-28","ACTV","","","","Companies (Jersey) Law 1991 - s.149"
"TB0OCF","Jersey","JE","","","Private Limited Company","SQXV","Debenture holder","English","en","Debenture holder","","","2023-06-28","ACTV","","","","Companies (Jersey) Law 1991 - s.126"
"ULFTR8","Jersey","JE","","","Private Limited Company","SQXV","Liquidator","English","en","Liquidator","","","2023-06-28","ACTV","","","","Companies (Jersey) Law 1991 - s.149"
"UYVVHP","Jersey","JE","","","Public Limited Company","JOX1","Inspector","English","en","Inspector","","","2023-06-28","ACTV","","","","Companies (Jersey) Law 1991 - s.128"
"VNMZL4","Jersey","JE","","","Public Limited Company","JOX1","Secretary (Company secretary)","English","en","Secretary (Company secretary)","Sec. (Co.Sec.)","","2023-06-28","ACTV","","","","Companies (Jersey) Law 1991 - s.81"
"1WBCWF","Luxembourg","LU","","","Société anonyme","5GGB","Fondateur","French","fr","Fondateur","","","2023-06-28","ACTV","","","","Règlement grand-ducal du 5 décembre 2017 portant coordination de la loi modifiée du 10 août 1915 concernant les sociétés commerciales - Titre IV - Art.420-16"
"4NM1JU","Luxembourg","LU","","","Société à responsabilité limitée","DVXS","Membre du conseil de surveillance","French","fr","Membre du conseil de surveillance","","","2023-06-28","ACTV","","","","Règlement grand-ducal du 5 décembre 2017 portant coordination de la loi modifiée du 10 août 1915 concernant les sociétés commerciales - Titre VII - Art.710-27"
"7ATCDI","Luxembourg","LU","","","Société à responsabilité limitée","DVXS","Associé","French","fr","Associé","","","2023-06-28","ACTV","","","","Règlement grand-ducal du 5 décembre 2017 portant coordination de la loi modifiée du 10 août 1915 concernant les sociétés commerciales - Titre VII - Art.710-1"
"8CUYCD","Luxembourg","LU","","","Société d'investissement à capital variable","UDY2","Fondateur","French","fr","Fondateur","","","2023-06-28","ACTV","","","","Loi du 23 juillet 2016 relative aux fonds d'investissement alternatifs réservés - Art.53"
"AWMNI5","Luxembourg","LU","","","Société anonyme","5GGB","Directeur général","French","fr","Directeur général","DG","DG","2023-06-28","ACTV","","","","Règlement grand-ducal du 5 décembre 2017 portant coordination de la loi modifiée du 10 août 1915 concernant les sociétés commerciales - Titre IV - Art.441-3"
"B7JPPF","Luxembourg","LU","","","Société d'investissement à capital variable","UDY2","Porteur de parts","French","fr","Porteur de parts","","","2023-06-28","ACTV","","","","Loi du 23 juillet 2016 relative aux fonds d'investissement alternatifs réservés - Art.27"
"FFFZO2","Luxembourg","LU","","","Société d'investissement à capital variable","UDY2","Dirigeant","French","fr","Dirigeant","","","2023-06-28","ACTV","","","","Loi du 23 juillet 2016 relative aux fonds d'investissement alternatifs réservés - Art.2-1"
"G4UPPC","Luxembourg","LU","","","Société d'investissement à capital variable","UDY2","Gestionnaire","French","fr","Gestionnaire","","","2023-06-28","ACTV","","","","Loi du 23 juillet 2016 relative aux fonds d'investissement alternatifs réservés - Art.4"
"H7BS3Y","Luxembourg","LU","","","Société d'investissement à capital variable","UDY2","Liquidateur","French","fr","Liquidateur","","","2023-06-28","ACTV","","","","Loi du 23 juillet 2016 relative aux fonds d'investissement alternatifs réservés - Art.35"
"I2XJMM","Luxembourg","LU","","","Société en commandite spéciale","U8KA","Associé commanditaire","French","fr","Associé commanditaire","","","2023-06-28","ACTV","","","","Règlement grand-ducal du 5 décembre 2017 portant coordination de la loi modifiée du 10 août 1915 concernant les sociétés commerciales - Titre III - Art.320-4"
"IWVDJR","Luxembourg","LU","","","Société d'investissement à capital variable","UDY2","Actionnaire","French","fr","Actionnaire","","","2023-06-28","ACTV","","","","Loi du 23 juillet 2016 relative aux fonds d'investissement alternatifs réservés - Art.24"
"KYOJP5","Luxembourg","LU","","","Société anonyme","5GGB","Associé","French","fr","Associé","","","2023-06-28","ACTV","","","","Règlement grand-ducal du 5 décembre 2017 portant coordination de la loi modifiée du 10 août 1915 concernant les sociétés commerciales - Titre IV - Art.410-1"
"NUKJB9","Luxembourg","LU","","","Société anonyme","5GGB","Membre du conseil de surveillance","French","fr","Membre du conseil de surveillance","","","2023-06-28","ACTV","","","","Règlement grand-ducal du 5 décembre 2017 portant coordination de la loi modifiée du 10 août 1915 concernant les sociétés commerciales - Titre IV - Art.442-16"
"NYYW7M","Luxembourg","LU","","","Société à responsabilité limitée","DVXS","Souscripteur","French","fr","Souscripteur","","","2023-06-28","ACTV","","","","Règlement grand-ducal du 5 décembre 2017 portant coordination de la loi modifiée du 10 août 1915 concernant les sociétés commerciales - Titre VII - Art.710-6"
"OLV3BI","Luxembourg","LU","","","Société anonyme","5GGB","Administrateur","French","fr","Administrateur","","","2023-06-28","ACTV","","","","Règlement grand-ducal du 5 décembre 2017 portant coordination de la loi modifiée du 10 août 1915 concernant les sociétés commerciales - Titre IV - Art.441-2"
"QZPA1R","Luxembourg","LU","","","Société anonyme","5GGB","Commissaire","French","fr","Commissaire","","","2023-06-28","ACTV","","","","Règlement grand-ducal du 5 décembre 2017 portant coordination de la loi modifiée du 10 août 1915 concernant les sociétés commerciales - Titre IV - Art.443-1"
"RNLMPQ","Luxembourg","LU","","","Société en commandite spéciale","U8KA","Associé commandité","French","fr","Associé commandité","","","2023-06-28","ACTV","","","","Règlement grand-ducal du 5 décembre 2017 portant coordination de la loi modifiée du 10 août 1915 concernant les sociétés commerciales - Titre III - Art.320-1"
"TAKWXW","Luxembourg","LU","","","Société en commandite spéciale","U8KA","Gérant","French","fr","Gérant","","","2023-06-28","ACTV","","","","Règlement grand-ducal du 5 décembre 2017 portant coordination de la loi modifiée du 10 août 1915 concernant les sociétés commerciales - Titre III - Art.320-3"
"TMNTXV","Luxembourg","LU","","","Société d'investissement à capital variable","UDY2","Réviseur d'entreprises","French","fr","Réviseur d'entreprises","","","2023-06-28","ACTV","","","","Loi du 23 juillet 2016 relative aux fonds d'investissement alternatifs réservés - Art.43"
"TZ59KH","Luxembourg","LU","","","Société à responsabilité limitée","DVXS","Fondateur","French","fr","Fondateur","","","2023-06-28","ACTV","","","","Règlement grand-ducal du 5 décembre 2017 portant coordination de la loi modifiée du 10 août 1915 concernant les sociétés commerciales - Titre VII - Art.710-6"
"VCD724","Luxembourg","LU","","","Société d'investissement à capital variable","UDY2","Gérant","French","fr","Gérant","","","2023-06-28","ACTV","","","","Loi du 23 juillet 2016 relative aux fonds d'investissement alternatifs réservés - Art.28"
"WSMGOF","Luxembourg","LU","","","Société d'investissement à capital variable","UDY2","Administrateur","French","fr","Administrateur","","","2023-06-28","ACTV","","","","Loi du 23 juillet 2016 relative aux fonds d'investissement alternatifs réservés - Art.28"
"X1S47F","Luxembourg","LU","","","Société à responsabilité limitée","DVXS","Commissaire","French","fr","Commissaire","","","2023-06-28","ACTV","","","","Règlement grand-ducal du 5 décembre 2017 portant coordination de la loi modifiée du 10 août 1915 concernant les sociétés commerciales - Titre VII - Art.710-27"
"ZULBC6","Luxembourg","LU","","","Société à responsabilité limitée","DVXS","Gérant","French","fr","Gérant","","","2023-06-28","ACTV","","","","Règlement grand-ducal du 5 décembre 2017 portant coordination de la loi modifiée du 10 août 1915 concernant les sociétés commerciales - Titre VII - Art.710-7"
"ZYKUUH","Luxembourg","LU","","","Société anonyme","5GGB","Membre du directoire","French","fr","Membre du directoire","","","2023-06-28","ACTV","","","","Règlement grand-ducal du 5 décembre 2017 portant coordination de la loi modifiée du 10 août 1915 concernant les sociétés commerciales - Titre IV - Art.442-3"
"080BGK","Netherlands","NL","","","besloten vennootschap met beperkte aansprakelijkheid","54M6","Voorzitter bestuur","Dutch","nl","Voorzitter bestuur","","","2023-06-28","ACTV","","","","Burgerlijk Wetboek Boek 2 Titel 5 art. 239a"
"1AHQJK","Netherlands","NL","","","vereniging","33MN","Lid","Dutch","nl","Lid","","","2023-06-28","ACTV","","","","Burgerlijk Wetboek Boek 2 Titel 2 art. 26"
"6ITGMW","Netherlands","NL","","","naamloze vennootschap","B5PM","Oprichter","Dutch","nl","Oprichter","","","2023-06-28","ACTV","","","","Burgerlijk Wetboek Boek 2 Titel 4 art. 64"
"7BGHMI","Netherlands","NL","","","naamloze vennootschap","B5PM","Uitvoerend bestuurder","Dutch","nl","Uitvoerend bestuurder","","","2023-06-28","ACTV","","","","Burgerlijk Wetboek Boek 2 Titel 4 art. 129a"
"7PTVPF","Netherlands","NL","","","besloten vennootschap met beperkte aansprakelijkheid","54M6","Vereffenaar","Dutch","nl","Vereffenaar","","","2023-06-28","ACTV","","","","Burgerlijk Wetboek Boek 2 Titel 1 art. 4"
"934G9A","Netherlands","NL","","","naamloze vennootschap","B5PM","Voorzitter bestuur","Dutch","nl","Voorzitter bestuur","","","2023-06-28","ACTV","","","","Burgerlijk Wetboek Boek 2 Titel 4 art. 129a"
"9W99BU","Netherlands","NL","","","vereniging","33MN","Voorzitter","Dutch","nl","Voorzitter","","","2023-06-28","ACTV","","","","Burgerlijk Wetboek Boek 2 Titel 2 art. 37"
"AJ86T4","Netherlands","NL","","","besloten vennootschap met beperkte aansprakelijkheid","54M6","Oprichter","Dutch","nl","Oprichter","","","2023-06-28","ACTV","","","","Burgerlijk Wetboek Boek 2 Titel 5 art. 175"
"ALIVPM","Netherlands","NL","","","naamloze vennootschap","B5PM","Curator","Dutch","nl","Curator","","","2023-06-28","ACTV","","","","Burgerlijk Wetboek Boek 2 Titel 1 art. 19"
"BF4XP2","Netherlands","NL","","","vennootschap onder firma","62Y3","Beheerder / Beherend Vennoot","Dutch","nl","Beheerder / Beherend Vennoot","","","2023-06-28","ACTV","","","","Burgerlijk Wetboek Boek 7A Titel 9 art. 1673"
"BKH1IX","Netherlands","NL","","","commanditaire vennootschap","CODH","Beherend Vennoot","Dutch","nl","Beherend Vennoot","","","2023-06-28","ACTV","","","","Wetboek van Koophandel - Arts.19-21; Burgerlijk Wetboek Boek 7A Titel 9 art. 1673"
"CHOFER","Netherlands","NL","","","besloten vennootschap met beperkte aansprakelijkheid","54M6","Vertegenwoordigingsbevoegde","Dutch","nl","Vertegenwoordigingsbevoegde","","","2023-06-28","ACTV","","","","Burgerlijk Wetboek Boek 2 Titel 5 art. 240"
"DJJTS2","Netherlands","NL","","","commanditaire vennootschap","CODH","Vennoot","Dutch","nl","Vennoot","","","2023-06-28","ACTV","","","","Wetboek van Koophandel - Arts.13, 17; Burgerlijk Wetboek Boek 7A Titel 9 art. 1662"
"FKHPYN","Netherlands","NL","","","besloten vennootschap met beperkte aansprakelijkheid","54M6","Houder van certificaten (van aandelen)","Dutch","nl","Houder van certificaten (van aandelen)","","","2023-06-28","ACTV","","","","Burgerlijk Wetboek Boek 2 Titel 5 art. 187"
"GPMRMA","Netherlands","NL","","","vennootschap onder firma","62Y3","Vennoot","Dutch","nl","Vennoot","","","2023-06-28","ACTV","","","","Burgerlijk Wetboek Boek 7A Titel 9 art. 1662"
"GQ8JOW","Netherlands","NL","","","vereniging","33MN","Penningmeester","Dutch","nl","Penningmeester","","","2023-06-28","ACTV","","","","Burgerlijk Wetboek Boek 2 Titel 2 art. 37"
"GRP0OJ","Netherlands","NL","","","besloten vennootschap met beperkte aansprakelijkheid","54M6","Commissaris","Dutch","nl","Commissaris","","","2023-06-28","ACTV","","","","Burgerlijk Wetboek Boek 2 Titel 5 art. 217"
"HHZHF9","Netherlands","NL","","","naamloze vennootschap","B5PM","Niet uitvoerend bestuurder","Dutch","nl","Niet uitvoerend bestuurder","","","2023-06-28","ACTV","","","","Burgerlijk Wetboek Boek 2 Titel 4 art. 129a"
"KHNVNO","Netherlands","NL","","","besloten vennootschap met beperkte aansprakelijkheid","54M6","Bestuurder","Dutch","nl","Bestuurder","","","2023-06-28","ACTV","","","","Burgerlijk Wetboek Boek 2 Titel 5 art. 180"
"KLUFYX","Netherlands","NL","","","stichting","V44D","Oprichter","Dutch","nl","Oprichter","","","2023-06-28","ACTV","","","","Burgerlijk Wetboek Boek 2 Titel 6 art. 289"
"KQVLFP","Netherlands","NL","","","maatschap","9AAK","Vennoot / Maat","Dutch","nl","Vennoot / Maat","","","2023-06-28","ACTV","","","","Wetboek van Koophandel & Burgerlijk Wetboek Boek 7A Titel 9 art. 1662"
"LMY8OH","Netherlands","NL","","","vereniging","33MN","Commissaris","Dutch","nl","Commissaris","","","2023-06-28","ACTV","","","","Burgerlijk Wetboek Boek 2 Titel 2 art. 47"
"NULHXC","Netherlands","NL","","","naamloze vennootschap","B5PM","Aandeelhouder","Dutch","nl","Aandeelhouder","","","2023-06-28","ACTV","","","","Burgerlijk Wetboek Boek 2 Titel 4 art. 64"
"ODTFB0","Netherlands","NL","","","besloten vennootschap met beperkte aansprakelijkheid","54M6","Aandeelhouder","Dutch","nl","Aandeelhouder","","","2023-06-28","ACTV","","","","Burgerlijk Wetboek Boek 2 Titel 5 art. 175"
"OIEAWD","Netherlands","NL","","","maatschap","9AAK","Beheerder","Dutch","nl","Beheerder","","","2023-06-28","ACTV","","","","Wetboek van Koophandel & Burgerlijk Wetboek Boek 7A Titel 9 art. 1673"
"PPIUMW","Netherlands","NL","","","stichting","V44D","Bestuurder","Dutch","nl","Bestuurder","","","2023-06-28","ACTV","","","","Burgerlijk Wetboek Boek 2 Titel 6 art. 286"
"PV9S1F","Netherlands","NL","","","vereniging","33MN","Secretaris","Dutch","nl","Secretaris","","","2023-06-28","ACTV","","","","Burgerlijk Wetboek Boek 2 Titel 2 art. 37"
"RERTFR","Netherlands","NL","","","stichting","V44D","Commissaris","Dutch","nl","Commissaris","","","2023-06-28","ACTV","","","","Burgerlijk Wetboek Boek 2 Titel 6 art. 292a"
"RPL5H6","Netherlands","NL","","","naamloze vennootschap","B5PM","Vertegenwoordigingsbevoegde","Dutch","nl","Vertegenwoordigingsbevoegde","","","2023-06-28","ACTV","","","","Burgerlijk Wetboek Boek 2 Titel 4 art. 130"
"SXRUU6","Netherlands","NL","","","vereniging","33MN","Vertegenwoordigingsbevoegde","Dutch","nl","Vertegenwoordigingsbevoegde","","","2023-06-28","ACTV","","","","Burgerlijk Wetboek Boek 2 Titel 2 art. 45"
"SYLJPO","Netherlands","NL","","","besloten vennootschap met beperkte aansprakelijkheid","54M6","Curator","Dutch","nl","Curator","","","2023-06-28","ACTV","","","","Burgerlijk Wetboek Boek 2 Titel 1 art. 19"
"TA1W8W","Netherlands","NL","","","naamloze vennootschap","B5PM","Houder van certificaten (van aandelen)","Dutch","nl","Houder van certificaten (van aandelen)","","","2023-06-28","ACTV","","","","Burgerlijk Wetboek Boek 2 Titel 4 art. 88"
"TFPVDK","Netherlands","NL","","","besloten vennootschap met beperkte aansprakelijkheid","54M6","Uitvoerend bestuurder","Dutch","nl","Uitvoerend bestuurder","","","2023-06-28","ACTV","","","","Burgerlijk Wetboek Boek 2 Titel 5 art. 239a"
"TK4BXG","Netherlands","NL","","","naamloze vennootschap","B5PM","Bestuurder","Dutch","nl","Bestuurder","","","2023-06-28","ACTV","","","","Burgerlijk Wetboek Boek 2 Titel 4 art. 69"
"TP7XTW","Netherlands","NL","","","naamloze vennootschap","B5PM","Commissaris","Dutch","nl","Commissaris","","","2023-06-28","ACTV","","","","Burgerlijk Wetboek Boek 2 Titel 4 art. 140"
"UWAQQT","Netherlands","NL","","","commanditaire vennootschap","CODH","Stille Vennoot / Commanditaire Vennoot","Dutch","nl","Stille Vennoot / Commanditaire Vennoot","","","2023-06-28","ACTV","","","","Wetboek van Koophandel - Art.32"
"VA30FP","Netherlands","NL","","","besloten vennootschap met beperkte aansprakelijkheid","54M6","Niet uitvoerend bestuurder","Dutch","nl","Niet uitvoerend bestuurder","","","2023-06-28","ACTV","","","","Burgerlijk Wetboek Boek 2 Titel 5 art. 239a"
"W9JQJP","Netherlands","NL","","","vereniging","33MN","Bestuurder / bestuurslid","Dutch","nl","Bestuurder / bestuurslid","","","2023-06-28","ACTV","","","","Burgerlijk Wetboek Boek 2 Titel 2 art. 27"
"WBJNBK","Netherlands","NL","","","naamloze vennootschap","B5PM","Vereffenaar","Dutch","nl","Vereffenaar","","","2023-06-28","ACTV","","","","Burgerlijk Wetboek Boek 2 Titel 1 art. 4"
"WNHFP9","Netherlands","NL","","","stichting","V44D","Vertegenwoordigingsbevoegde","Dutch","nl","Vertegenwoordigingsbevoegde","","","2023-06-28","ACTV","","","","Burgerlijk Wetboek Boek 2 Titel 6 art. 292"
"WPGA3Y","Netherlands","NL","","","naamloze vennootschap","B5PM","Voorzitter raad van commissaren","Dutch","nl","Voorzitter raad van commissaren","","","2023-06-28","ACTV","","","","Burgerlijk Wetboek Boek 2 Titel 4 art. 132a"
"83QC2K","New Zealand","NZ","","","Limited Partnership","F7KI","Limited partner","English","en","Limited partner","LP","LP","2023-06-28","ACTV","","","","Limited Partnerships Act 2008 - s.8"
"F3W6RD","New Zealand","NZ","","","Limited Liability Company","P2R9","Receiver","English","en","Receiver","","","2023-06-28","ACTV","","","","Companies Act 1993 - s.228"
"GB4PJ6","New Zealand","NZ","","","Limited Partnership","F7KI","Auditor","English","en","Auditor","","","2023-06-28","ACTV","","","","Limited Partnerships Act 2008 - s.75A"
"ILFORX","New Zealand","NZ","","","Limited Liability Company","P2R9","Liquidator","English","en","Liquidator","","","2023-06-28","ACTV","","","","Companies Act 1993 - s.239J"
"IT8MA7","New Zealand","NZ","","","Limited Partnership","F7KI","Liquidator","English","en","Liquidator","","","2023-06-28","ACTV","","","","Limited Partnerships Act 2008 - s.88"
"OLRY5U","New Zealand","NZ","","","Limited Liability Company","P2R9","Administrator","English","en","Administrator","","","2023-06-28","ACTV","","","","Companies Act 1993 - s.239B"
"OQDTGX","New Zealand","NZ","","","Limited Liability Company","P2R9","Director","English","en","Director","","","2023-06-28","ACTV","","","","Companies Act 1993 - ss.10, 126"
"P0H6RJ","New Zealand","NZ","","","Limited Liability Company","P2R9","Deed administrator","English","en","Deed administrator","","","2023-06-28","ACTV","","","","Companies Act 1993 - s.239ACC"
"Q1PK3F","New Zealand","NZ","","","Limited Partnership","F7KI","General partner","English","en","General partner","GP","GP","2023-06-28","ACTV","","","","Limited Partnerships Act 2008 - s.8"
"RVQTEK","New Zealand","NZ","","","Limited Liability Company","P2R9","Auditor","English","en","Auditor","","","2023-06-28","ACTV","","","","Companies Act 1993 - s.207A"
"UM0KQK","New Zealand","NZ","","","Limited Liability Company","P2R9","Debenture holder","English","en","Debenture holder","","","2023-06-28","ACTV","","","","Companies Act 1993 - s.377"
"XSLEA6","New Zealand","NZ","","","Limited Liability Company","P2R9","Shareholder","English","en","Shareholder","","","2023-06-28","ACTV","","","","Companies Act 1993 - ss.10, 96"
"0UWDPO","North Macedonia","MK","","","Командитно друштво со акции","149O","Член на надзорен одбор","Macedonian","mk","Chlen na nadzoren odbor","","","2023-06-28","ACTV","","","","Law on companies (Official Gazette of Republic of North Macedonia No.99/2022 last revision dated 22.04.2022), article 466"
"0VWEWG","North Macedonia","MK","","","Командитно друштво","XH7Z","Командитор","Macedonian","mk","Komanditor","","","2023-06-28","ACTV","","","","Law on companies (Official Gazette of Republic of North Macedonia No.99/2022 last revision dated 22.04.2022), article 156"
"2T8AGJ","North Macedonia","MK","","","Јавно трговско друштво","HEXO","Управител","Macedonian","mk","Upravitel","","","2023-06-28","ACTV","","","","Law on companies (Official Gazette of Republic of North Macedonia No.99/2022 last revision dated 22.04.2022), article 125,126"
"35RWAH","North Macedonia","MK","","","Акционерско друштво","DTIU","Ревизор","Macedonian","mk","Revizor","","","2023-06-28","ACTV","","","","Law on companies (Official Gazette of Republic of North Macedonia No.99/2022 last revision dated 22.04.2022), article 342"
"4YQ2HR","North Macedonia","MK","","","Друштво со ограничена одговорност","KHAB","Управител","Macedonian","mk","Upravitel","","","2023-06-28","ACTV","","","","Law on companies (Official Gazette of Republic of North Macedonia No.99/2022 last revision dated 22.04.2022), article 231"
"8ERTCY","North Macedonia","MK","","","Јавно трговско друштво","HEXO","Содржуник","Macedonian","mk","Sodruzhnik","","","2023-06-28","ACTV","","","","Law on companies (Official Gazette of Republic of North Macedonia No.99/2022 last revision dated 22.04.2022), article 125,126"
"AXLDSK","North Macedonia","MK","","","Акционерско друштво","DTIU","Член на извршен одбор","Macedonian","mk","Chlen na izvrshen odbor","","","2023-06-28","ACTV","","","","Law on companies (Official Gazette of Republic of North Macedonia No.99/2022 last revision dated 22.04.2022), article 342"
"DTG6LJ","North Macedonia","MK","","","Командитно друштво со акции","149O","Ревизор","Macedonian","mk","Revizor","","","2023-06-28","ACTV","","","","Law on companies (Official Gazette of Republic of North Macedonia No.99/2022 last revision dated 22.04.2022), article 466"
"EL2INI","North Macedonia","MK","","","Командитно друштво со акции","149O","Комплементар","Macedonian","mk","Komplementar","","","2023-06-28","ACTV","","","","Law on companies (Official Gazette of Republic of North Macedonia No.99/2022 last revision dated 22.04.2022), article 466"
"IPRUAR","North Macedonia","MK","","","Стопанска интересна заедница","JCK1","Управител","Macedonian","mk","Upravitel","","","2023-06-28","ACTV","","","","Law on companies (Official Gazette of Republic of North Macedonia No.99/2022 last revision dated 22.04.2022), article 562"
"JBKMCM","North Macedonia","MK","","","Трговец поединец","VPFY","Трговец поединец","Macedonian","mk","Trgovec poedinec","","","2023-06-28","ACTV","","","","Law on companies (Official Gazette of Republic of North Macedonia No.99/2022 last revision dated 22.04.2022), article 12"
"KLX77S","North Macedonia","MK","","","Подружница на странско трговско друштво, односно на странски трговец поединец","KXDY","Раководител","Macedonian","mk","Rakovoditel","","","2023-06-28","ACTV","","","","Law on companies (Official Gazette of Republic of North Macedonia No.99/2022 last revision dated 22.04.2022), article 591"
"LB0VUR","North Macedonia","MK","","","Командитно друштво со акции","149O","Командитор","Macedonian","mk","Komanditor","","","2023-06-28","ACTV","","","","Law on companies (Official Gazette of Republic of North Macedonia No.99/2022 last revision dated 22.04.2022), article 466"
"MVM3YS","North Macedonia","MK","","","Акционерско друштво","DTIU","Главен извршен директор","Macedonian","mk","Glaven izvrshen direktor","","","2023-06-28","ACTV","","","","Law on companies (Official Gazette of Republic of North Macedonia No.99/2022 last revision dated 22.04.2022), article 342"
"NFYKS8","North Macedonia","MK","","","Акционерско друштво","DTIU","Член на надзорен одбор","Macedonian","mk","Chlen na nadzoren odbor","","","2023-06-28","ACTV","","","","Law on companies (Official Gazette of Republic of North Macedonia No.99/2022 last revision dated 22.04.2022), article 342"
"NZNAUR","North Macedonia","MK","","","Друштво со ограничена одговорност","KHAB","Содржуник","Macedonian","mk","Sodruzhnik","","","2023-06-28","ACTV","","","","Law on companies (Official Gazette of Republic of North Macedonia No.99/2022 last revision dated 22.04.2022), article 231"
"PIQ9WA","North Macedonia","MK","","","Акционерско друштво","DTIU","Претседател на извршен одбор","Macedonian","mk","Pretsedatel na izvrshen odbor","","","2023-06-28","ACTV","","","","Law on companies (Official Gazette of Republic of North Macedonia No.99/2022 last revision dated 22.04.2022), article 342"
"TH2LEX","North Macedonia","MK","","","Акционерско друштво","DTIU","Претседател на надзорен одбор","Macedonian","mk","Pretsedatel na nadzoren odbor","","","2023-06-28","ACTV","","","","Law on companies (Official Gazette of Republic of North Macedonia No.99/2022 last revision dated 22.04.2022), article 342"
"VB9ZHX","North Macedonia","MK","","","Командитно друштво","XH7Z","Управител","Macedonian","mk","Upravitel","","","2023-06-28","ACTV","","","","Law on companies (Official Gazette of Republic of North Macedonia No.99/2022 last revision dated 22.04.2022), article 156"
"WBHIRB","North Macedonia","MK","","","Стопанска интересна заедница","JCK1","Асоцијативен член","Macedonian","mk","Asocijativen chlen","","","2023-06-28","ACTV","","","","Law on companies (Official Gazette of Republic of North Macedonia No.99/2022 last revision dated 22.04.2022), article 562"
"WCNOAD","North Macedonia","MK","","","Командитно друштво","XH7Z","Комплементар","Macedonian","mk","Komplementar","","","2023-06-28","ACTV","","","","Law on companies (Official Gazette of Republic of North Macedonia No.99/2022 last revision dated 22.04.2022), article 156"
"WKATIG","North Macedonia","MK","","","Командитно друштво со акции","149O","Контролор","Macedonian","mk","Kontrolor","","","2023-06-28","ACTV","","","","Law on companies (Official Gazette of Republic of North Macedonia No.99/2022 last revision dated 22.04.2022), article 466"
"3BF7SV","Norway","NO","","","Aksjeselskap","YI42","Aksjeeier","Norwegian","no","Aksjeeier","","","2023-06-28","ACTV","","","","Lov 13. juni 1997 nr. 44 om aksjeselskaper (aksjeloven) - §1.2"
"AQHKLL","Norway","NO","","","Aksjeselskap","YI42","revisor","Norwegian","no","revisor","","","2023-06-28","ACTV","","","","Lov 13. juni 1997 nr. 44 om aksjeselskaper (aksjeloven) - §2.3, Ch7"
"BWYHQQ","Norway","NO","","","Aksjeselskap","YI42","varamedlem","Norwegian","no","varamedlem","","","2023-06-28","ACTV","","","","Lov 13. juni 1997 nr. 44 om aksjeselskaper (aksjeloven) - §6.3.1"
"NE38A7","Norway","NO","","","Aksjeselskap","YI42","styremedlem","Norwegian","no","styremedlem","","","2023-06-28","ACTV","","","","Lov 13. juni 1997 nr. 44 om aksjeselskaper (aksjeloven) - §3.8.1"
"NWM5IB","Norway","NO","","","Aksjeselskap","YI42","stedfortreder","Norwegian","no","stedfortreder","","","2023-06-28","ACTV","","","","Lov 13. juni 1997 nr. 44 om aksjeselskaper (aksjeloven) - §5.4.1"
"PMJSLX","Norway","NO","","","Aksjeselskap","YI42","styreleder","Norwegian","no","styreleder","","","2023-06-28","ACTV","","","","Lov 13. juni 1997 nr. 44 om aksjeselskaper (aksjeloven) - §5.4.1"
"PNR8CG","Norway","NO","","","Aksjeselskap","YI42","stifte","Norwegian","no","stifte","","","2023-06-28","ACTV","","","","Lov 13. juni 1997 nr. 44 om aksjeselskaper (aksjeloven) - §2.1"
"TUKACA","Norway","NO","","","Aksjeselskap","YI42","tegneren","Norwegian","no","tegneren","","","2023-06-28","ACTV","","","","Lov 13. juni 1997 nr. 44 om aksjeselskaper (aksjeloven) - §2.10"
"V7D6LM","Norway","NO","","","Aksjeselskap","YI42","gransker","Norwegian","no","gransker","","","2023-06-28","ACTV","","","","Lov 13. juni 1997 nr. 44 om aksjeselskaper (aksjeloven) - §5.28"
"YYLH4K","Norway","NO","","","Aksjeselskap","YI42","daglig leder","Norwegian","no","daglig leder","","","2023-06-28","ACTV","","","","Lov 13. juni 1997 nr. 44 om aksjeselskaper (aksjeloven) - §3.8.1"
"01D0O4","Qatar","QA","","","شركة التوصية بالأسهم","RN1W","موظف","Arabic","ar","muwadaf","","","2023-06-28","ACTV","","","","قانون الشركات التجارية"
"1JZSJZ","Qatar","QA","","","شركة التضامن","OR18","مدير إدارة","Arabic","ar","mudir edara","","","2023-06-28","ACTV","","","","قانون الشركات التجارية"
"1LWHIS","Qatar","QA","","","شركة التضامن","OR18","نائب الرئيس التنفيذي","Arabic","ar","nayib alraees altanfidi","","","2023-06-28","ACTV","","","","قانون الشركات التجارية"
"1QEA5H","Qatar","QA","","","شركة التضامن","OR18","عضو مؤسس","Arabic","ar","oudw muasis","","","2023-06-28","ACTV","","","","قانون الشركات التجارية"
"1ZRC4T","Qatar","QA","","","شركة المحاصة","B4L0","المدير المالي","Arabic","ar","almudir almali","","","2023-06-28","ACTV","","","","قانون الشركات التجارية"
"3XK0GZ","Qatar","QA","","","شركة المساهمة العامة","QZ95","المصفي","Arabic","ar","almusafi","","","2023-06-28","ACTV","","","","قانون الشركات التجارية"
"4JZ0LQ","Qatar","QA","","","الشركة ذات المسؤولية المحدودة","ADV0","سكرتير الشركة","Arabic","ar","sikirtair alsharikah","","","2023-06-28","ACTV","","","","قانون الشركات التجارية"
"5GJYOT","Qatar","QA","","","شركة التوصية البسيطة","KHBL","المصفي","Arabic","ar","almusafi","","","2023-06-28","ACTV","","","","قانون الشركات التجارية"
"5PKJ6I","Qatar","QA","","","شركة المساهمة العامة","QZ92","مدير","Arabic","ar","mudir","","","2023-06-28","ACTV","","","","قانون الشركات التجارية"
"6X3RP4","Qatar","QA","","","شركة التوصية بالأسهم","RN1W","مدير مستتر","Arabic","ar","mudir mustatr","","","2023-06-28","ACTV","","","","قانون الشركات التجارية"
"9YGNDH","Qatar","QA","","","شركة المساهمة العامة","QZ89","المدير المالي","Arabic","ar","almudir almali","","","2023-06-28","ACTV","","","","قانون الشركات التجارية"
"AHF1K6","Qatar","QA","","","شركة التضامن","OR18","الرئيس التنفيذي","Arabic","ar","alraees altanfidi","","","2023-06-28","ACTV","","","","قانون الشركات التجارية"
"AYEO89","Qatar","QA","","","الشركة ذات المسؤولية المحدودة","ADV0","عضو","Arabic","ar","oudw","","","2023-06-28","ACTV","","","","قانون الشركات التجارية"
"BA9XVE","Qatar","QA","","","شركة المساهمة الخاصة","W50Q","سكرتير الشركة","Arabic","ar","sikirtair alsharikah","","","2023-06-28","ACTV","","","","قانون الشركات التجارية"
"BNSZDK","Qatar","QA","","","شركة التوصية البسيطة","KHBL","المدير المالي","Arabic","ar","almudir almali","","","2023-06-28","ACTV","","","","قانون الشركات التجارية"
"BYSGZ6","Qatar","QA","","","شركة التوصية البسيطة","KHBL","سكرتير الشركة","Arabic","ar","sikirtair alsharikah","","","2023-06-28","ACTV","","","","قانون الشركات التجارية"
"C3HT2E","Qatar","QA","","","شركة المحاصة","B4L0","مدير مستتر","Arabic","ar","mudir mustatr","","","2023-06-28","ACTV","","","","قانون الشركات التجارية"
"C7WTL2","Qatar","QA","","","الشركة ذات المسؤولية المحدودة","ADV0","موظف","Arabic","ar","muwadaf","","","2023-06-28","ACTV","","","","قانون الشركات التجارية"
"COUIHZ","Qatar","QA","","","شركة المساهمة الخاصة","W50Q","نائب الرئيس التنفيذي","Arabic","ar","nayib alraees altanfidi","","","2023-06-28","ACTV","","","","قانون الشركات التجارية"
"CTITX2","Qatar","QA","","","شركة التوصية بالأسهم","RN1W","عضو","Arabic","ar","oudw","","","2023-06-28","ACTV","","","","قانون الشركات التجارية"
"CWFMV9","Qatar","QA","","","شركة المساهمة العامة","QZ91","عضو","Arabic","ar","oudw","","","2023-06-28","ACTV","","","","قانون الشركات التجارية"
"CZGPC4","Qatar","QA","","","شركة التضامن","OR18","مدير مستتر","Arabic","ar","mudir mustatr","","","2023-06-28","ACTV","","","","قانون الشركات التجارية"
"CZKSGF","Qatar","QA","","","شركة التوصية البسيطة","KHBL","الرئيس التنفيذي","Arabic","ar","alraees altanfidi","","","2023-06-28","ACTV","","","","قانون الشركات التجارية"
"DGV8IV","Qatar","QA","","","الشركة ذات المسؤولية المحدودة","ADV0","مدير إدارة","Arabic","ar","mudir edara","","","2023-06-28","ACTV","","","","قانون الشركات التجارية"
"DTDUOV","Qatar","QA","","","شركة المحاصة","B4L0","سكرتير الشركة","Arabic","ar","sikirtair alsharikah","","","2023-06-28","ACTV","","","","قانون الشركات التجارية"
"EUHRUG","Qatar","QA","","","شركة التوصية بالأسهم","RN1W","المدير المالي","Arabic","ar","almudir almali","","","2023-06-28","ACTV","","","","قانون الشركات التجارية"
"FBCOSA","Qatar","QA","","","الشركة ذات المسؤولية المحدودة","ADV0","مدير","Arabic","ar","mudir","","","2023-06-28","ACTV","","","","قانون الشركات التجارية"
"G5VME1","Qatar","QA","","","شركة التوصية البسيطة","KHBL","مدير","Arabic","ar","mudir","","","2023-06-28","ACTV","","","","قانون الشركات التجارية"
"GGAESA","Qatar","QA","","","شركة التوصية البسيطة","KHBL","عضو مؤسس","Arabic","ar","oudw muasis","","","2023-06-28","ACTV","","","","قانون الشركات التجارية"
"GKKAOZ","Qatar","QA","","","شركة المحاصة","B4L0","مدير إدارة","Arabic","ar","mudir edara","","","2023-06-28","ACTV","","","","قانون الشركات التجارية"
"GMFR8Z","Qatar","QA","","","الشركة ذات المسؤولية المحدودة","ADV0","عضو مؤسس","Arabic","ar","oudw muasis","","","2023-06-28","ACTV","","","","قانون الشركات التجارية"
"GQDWWU","Qatar","QA","","","شركة المساهمة العامة","QZ87","المدير التنفيذي","Arabic","ar","almudir altanfidi","","","2023-06-28","ACTV","","","","قانون الشركات التجارية"
"GS24ML","Qatar","QA","","","شركة المساهمة العامة","QZ85","الرئيس التنفيذي","Arabic","ar","alraees altanfidi","","","2023-06-28","ACTV","","","","قانون الشركات التجارية"
"H5JIEC","Qatar","QA","","","شركة التضامن","OR18","المصفي","Arabic","ar","almusafi","","","2023-06-28","ACTV","","","","قانون الشركات التجارية"
"H9F8RP","Qatar","QA","","","الشركة ذات المسؤولية المحدودة","ADV0","الرئيس التنفيذي","Arabic","ar","alraees altanfidi","","","2023-06-28","ACTV","","","","قانون الشركات التجارية"
"HAMAHI","Qatar","QA","","","شركة التضامن","OR18","مدير","Arabic","ar","mudir","","","2023-06-28","ACTV","","","","قانون الشركات التجارية"
"HBZALQ","Qatar","QA","","","شركة المساهمة الخاصة","W50Q","المدير التنفيذي","Arabic","ar","almudir altanfidi","","","2023-06-28","ACTV","","","","قانون الشركات التجارية"
"HOLG3U","Qatar","QA","","","شركة التوصية بالأسهم","RN1W","نائب الرئيس التنفيذي","Arabic","ar","nayib alraees altanfidi","","","2023-06-28","ACTV","","","","قانون الشركات التجارية"
"I40VN4","Qatar","QA","","","شركة التوصية البسيطة","KHBL","موظف","Arabic","ar","muwadaf","","","2023-06-28","ACTV","","","","قانون الشركات التجارية"
"IHQF7B","Qatar","QA","","","شركة المحاصة","B4L0","عضو","Arabic","ar","oudw","","","2023-06-28","ACTV","","","","قانون الشركات التجارية"
"K0LVKR","Qatar","QA","","","شركة المحاصة","B4L0","نائب الرئيس التنفيذي","Arabic","ar","nayib alraees altanfidi","","","2023-06-28","ACTV","","","","قانون الشركات التجارية"
"KAJJJK","Qatar","QA","","","شركة التوصية بالأسهم","RN1W","المصفي","Arabic","ar","almusafi","","","2023-06-28","ACTV","","","","قانون الشركات التجارية"
"LGUK8J","Qatar","QA","","","شركة التوصية بالأسهم","RN1W","سكرتير الشركة","Arabic","ar","sikirtair alsharikah","","","2023-06-28","ACTV","","","","قانون الشركات التجارية"
"LN1IMN","Qatar","QA","","","شركة التضامن","OR18","موظف","Arabic","ar","muwadaf","","","2023-06-28","ACTV","","","","قانون الشركات التجارية"
"LOEGAR","Qatar","QA","","","شركة التوصية بالأسهم","RN1W","مدير إدارة","Arabic","ar","mudir edara","","","2023-06-28","ACTV","","","","قانون الشركات التجارية"
"LOVKCT","Qatar","QA","","","شركة التوصية بالأسهم","RN1W","الرئيس التنفيذي","Arabic","ar","alraees altanfidi","","","2023-06-28","ACTV","","","","قانون الشركات التجارية"
"LZZOPS","Qatar","QA","","","شركة المساهمة الخاصة","W50Q","المدير المالي","Arabic","ar","almudir almali","","","2023-06-28","ACTV","","","","قانون الشركات التجارية"
"M0JVPK","Qatar","QA","","","شركة المحاصة","B4L0","المصفي","Arabic","ar","almusafi","","","2023-06-28","ACTV","","","","قانون الشركات التجارية"
"M9WMMX","Qatar","QA","","","الشركة ذات المسؤولية المحدودة","ADV0","مدير مستتر","Arabic","ar","mudir mustatr","","","2023-06-28","ACTV","","","","قانون الشركات التجارية"
"MONXE1","Qatar","QA","","","شركة التضامن","OR18","سكرتير الشركة","Arabic","ar","sikirtair alsharikah","","","2023-06-28","ACTV","","","","قانون الشركات التجارية"
"MRHZ8R","Qatar","QA","","","شركة التوصية البسيطة","KHBL","نائب الرئيس التنفيذي","Arabic","ar","nayib alraees altanfidi","","","2023-06-28","ACTV","","","","قانون الشركات التجارية"
"N4C3WG","Qatar","QA","","","شركة المساهمة الخاصة","W50Q","مدير مستتر","Arabic","ar","mudir mustatr","","","2023-06-28","ACTV","","","","قانون الشركات التجارية"
"NFLQSK","Qatar","QA","","","شركة التوصية البسيطة","KHBL","عضو","Arabic","ar","oudw","","","2023-06-28","ACTV","","","","قانون الشركات التجارية"
"NN44TU","Qatar","QA","","","شركة التضامن","OR18","المدير التنفيذي","Arabic","ar","almudir altanfidi","","","2023-06-28","ACTV","","","","قانون الشركات التجارية"
"OTNCLI","Qatar","QA","","","شركة المحاصة","B4L0","المدير التنفيذي","Arabic","ar","almudir altanfidi","","","2023-06-28","ACTV","","","","قانون الشركات التجارية"
"OV9FVQ","Qatar","QA","","","شركة المساهمة الخاصة","W50Q","عضو مؤسس","Arabic","ar","oudw muasis","","","2023-06-28","ACTV","","","","قانون الشركات التجارية"
"PH4FGH","Qatar","QA","","","شركة المساهمة الخاصة","W50Q","مدير","Arabic","ar","mudir","","","2023-06-28","ACTV","","","","قانون الشركات التجارية"
"PH5VW9","Qatar","QA","","","شركة المساهمة العامة","QZ88","سكرتير الشركة","Arabic","ar","sikirtair alsharikah","","","2023-06-28","ACTV","","","","قانون الشركات التجارية"
"PNAUF1","Qatar","QA","","","الشركة ذات المسؤولية المحدودة","ADV0","المصفي","Arabic","ar","almusafi","","","2023-06-28","ACTV","","","","قانون الشركات التجارية"
"PPLXEC","Qatar","QA","","","شركة المساهمة العامة","QZ84","مدير إدارة","Arabic","ar","mudir edara","","","2023-06-28","ACTV","","","","قانون الشركات التجارية"
"PZS3SV","Qatar","QA","","","الشركة ذات المسؤولية المحدودة","ADV0","المدير التنفيذي","Arabic","ar","almudir altanfidi","","","2023-06-28","ACTV","","","","قانون الشركات التجارية"
"Q38LYW","Qatar","QA","","","شركة المساهمة الخاصة","W50Q","مدير إدارة","Arabic","ar","mudir edara","","","2023-06-28","ACTV","","","","قانون الشركات التجارية"
"Q6PHN0","Qatar","QA","","","شركة المحاصة","B4L0","عضو مؤسس","Arabic","ar","oudw muasis","","","2023-06-28","ACTV","","","","قانون الشركات التجارية"
"QMIXGG","Qatar","QA","","","شركة التوصية بالأسهم","RN1W","المدير التنفيذي","Arabic","ar","almudir altanfidi","","","2023-06-28","ACTV","","","","قانون الشركات التجارية"
"QNNC11","Qatar","QA","","","الشركة ذات المسؤولية المحدودة","ADV0","المدير المالي","Arabic","ar","almudir almali","","","2023-06-28","ACTV","","","","قانون الشركات التجارية"
"QOGXSF","Qatar","QA","","","شركة التوصية بالأسهم","RN1W","مدير","Arabic","ar","mudir","","","2023-06-28","ACTV","","","","قانون الشركات التجارية"
"RFKWMW","Qatar","QA","","","شركة المساهمة الخاصة","W50Q","الرئيس التنفيذي","Arabic","ar","alraees altanfidi","","","2023-06-28","ACTV","","","","قانون الشركات التجارية"
"RJTENX","Qatar","QA","","","شركة المحاصة","B4L0","مدير","Arabic","ar","mudir","","","2023-06-28","ACTV","","","","قانون الشركات التجارية"
"S8AGXF","Qatar","QA","","","شركة المساهمة العامة","QZ90","عضو مؤسس","Arabic","ar","oudw muasis","","","2023-06-28","ACTV","","","","قانون الشركات التجارية"
"SOBEXU","Qatar","QA","","","شركة التوصية البسيطة","KHBL","مدير مستتر","Arabic","ar","mudir mustatr","","","2023-06-28","ACTV","","","","قانون الشركات التجارية"
"SSCXAC","Qatar","QA","","","شركة المحاصة","B4L0","الرئيس التنفيذي","Arabic","ar","alraees altanfidi","","","2023-06-28","ACTV","","","","قانون الشركات التجارية"
"TZ1LVC","Qatar","QA","","","شركة المحاصة","B4L0","موظف","Arabic","ar","muwadaf","","","2023-06-28","ACTV","","","","قانون الشركات التجارية"
"U4LBCV","Qatar","QA","","","شركة المساهمة الخاصة","W50Q","عضو","Arabic","ar","oudw","","","2023-06-28","ACTV","","","","قانون الشركات التجارية"
"V9O8MR","Qatar","QA","","","شركة التوصية البسيطة","KHBL","المدير التنفيذي","Arabic","ar","almudir altanfidi","","","2023-06-28","ACTV","","","","قانون الشركات التجارية"
"WF4F1A","Qatar","QA","","","شركة المساهمة العامة","QZ93","مدير مستتر","Arabic","ar","mudir mustatr","","","2023-06-28","ACTV","","","","قانون الشركات التجارية"
"WJ3ODF","Qatar","QA","","","شركة المساهمة الخاصة","W50Q","المصفي","Arabic","ar","almusafi","","","2023-06-28","ACTV","","","","قانون الشركات التجارية"
"WNIKCI","Qatar","QA","","","شركة المساهمة الخاصة","W50Q","موظف","Arabic","ar","muwadaf","","","2023-06-28","ACTV","","","","قانون الشركات التجارية"
"WPLY1Q","Qatar","QA","","","شركة المساهمة العامة","QZ94","موظف","Arabic","ar","muwadaf","","","2023-06-28","ACTV","","","","قانون الشركات التجارية"
"XE7ATR","Qatar","QA","","","شركة المساهمة العامة","QZ86","نائب الرئيس التنفيذي","Arabic","ar","nayib alraees altanfidi","","","2023-06-28","ACTV","","","","قانون الشركات التجارية"
"XMOC21","Qatar","QA","","","شركة التضامن","OR18","المدير المالي","Arabic","ar","almudir almali","","","2023-06-28","ACTV","","","","قانون الشركات التجارية"
"YJB133","Qatar","QA","","","شركة التضامن","OR18","عضو","Arabic","ar","oudw","","","2023-06-28","ACTV","","","","قانون الشركات التجارية"
"YZQ82T","Qatar","QA","","","شركة التوصية البسيطة","KHBL","مدير إدارة","Arabic","ar","mudir edara","","","2023-06-28","ACTV","","","","قانون الشركات التجارية"
"ZKDH1Q","Qatar","QA","","","الشركة ذات المسؤولية المحدودة","ADV0","نائب الرئيس التنفيذي","Arabic","ar","nayib alraees altanfidi","","","2023-06-28","ACTV","","","","قانون الشركات التجارية"
"ZOQCXL","Qatar","QA","","","شركة التوصية بالأسهم","RN1W","عضو مؤسس","Arabic","ar","oudw muasis","","","2023-06-28","ACTV","","","","قانون الشركات التجارية"
"0K7ZB1","Saudi Arabia","SA","","","شركة التضامن","T2NA","عضو مجلس ادارة","Arabic","ar","Adhw Majlis Aledarah","","","2023-06-28","ACTV","","","","Royal Degree (M/132)"
"4ALSPL","Saudi Arabia","SA","","","شركة التضامن","T2NA","رئيس تنفيذي","Arabic","ar","Ra'is Tanfithi","","","2023-06-28","ACTV","","","","Royal Degree (M/132)"
"9TPLB2","Saudi Arabia","SA","","","شركه ذات مسؤولية محدودة","TTE8","عضو مجلس ادارة","Arabic","ar","Adhw Majlis Aledarah","","","2023-06-28","ACTV","","","","Royal Degree (M/132)"
"ANRDNO","Saudi Arabia","SA","","","شركة التضامن","T2NA","رئيس مجلس الادارة","Arabic","ar","Ra'is Majlis Aledarah","","","2023-06-28","ACTV","","","","Royal Degree (M/132)"
"APSJPF","Saudi Arabia","SA","","","شركه توصية بسيطة","WHCI","نائب رئيس مجلس الادارة","Arabic","ar","Na'eb Ra'is Majlis Aledarah","","","2023-06-28","ACTV","","","","Royal Degree (M/132)"
"D9ISL0","Saudi Arabia","SA","","","شركة مساهمة","78VH","مدير مال","Arabic","ar","Mudeer Mali","","","2023-06-28","ACTV","","","","Royal Degree (M/132)"
"DTIMOO","Saudi Arabia","SA","","","شركة مساهمة","78VH","رئيس تنفيذي","Arabic","ar","Ra'is Tanfithi","","","2023-06-28","ACTV","","","","Royal Degree (M/132)"
"EPFZSN","Saudi Arabia","SA","","","شركه توصية بسيطة","WHCI","مدير مال","Arabic","ar","Mudeer Mali","","","2023-06-28","ACTV","","","","Royal Degree (M/132)"
"GNXC5E","Saudi Arabia","SA","","","شركة التضامن","T2NA","مدير مال","Arabic","ar","Mudeer Mali","","","2023-06-28","ACTV","","","","Royal Degree (M/132)"
"OJEU6V","Saudi Arabia","SA","","","شركه توصية بسيطة","WHCI","رئيس تنفيذي","Arabic","ar","Ra'is Tanfithi","","","2023-06-28","ACTV","","","","Royal Degree (M/132)"
"ON3SPP","Saudi Arabia","SA","","","شركة مساهمة","78VH","عضو مجلس ادارة","Arabic","ar","Adhw Majlis Aledarah","","","2023-06-28","ACTV","","","","Royal Degree (M/132)"
"Q53VA7","Saudi Arabia","SA","","","شركة مساهمة","78VH","نائب رئيس مجلس الادارة","Arabic","ar","Na'eb Ra'is Majlis Aledarah","","","2023-06-28","ACTV","","","","Royal Degree (M/132)"
"QKNNUI","Saudi Arabia","SA","","","شركة مساهمة","78VH","رئيس مجلس الادارة","Arabic","ar","Ra'is Majlis Aledarah","","","2023-06-28","ACTV","","","","Royal Degree (M/132)"
"QRLRFX","Saudi Arabia","SA","","","شركه ذات مسؤولية محدودة","TTE8","رئيس مجلس الادارة","Arabic","ar","Ra'is Majlis Aledarah","","","2023-06-28","ACTV","","","","Royal Degree (M/132)"
"RIGZWO","Saudi Arabia","SA","","","شركه توصية بسيطة","WHCI","عضو مجلس ادارة","Arabic","ar","Adhw Majlis Aledarah","","","2023-06-28","ACTV","","","","Royal Degree (M/132)"
"WEJFIO","Saudi Arabia","SA","","","شركة التضامن","T2NA","نائب رئيس مجلس الادارة","Arabic","ar","Na'eb Ra'is Majlis Aledarah","","","2023-06-28","ACTV","","","","Royal Degree (M/132)"
"Y04VS0","Saudi Arabia","SA","","","شركه توصية بسيطة","WHCI","رئيس مجلس الادارة","Arabic","ar","Ra'is Majlis Aledarah","","","2023-06-28","ACTV","","","","Royal Degree (M/132)"
"YHRGMD","Saudi Arabia","SA","","","شركه ذات مسؤولية محدودة","TTE8","رئيس تنفيذي","Arabic","ar","Ra'is Tanfithi","","","2023-06-28","ACTV","","","","Royal Degree (M/132)"
"YKH7JW","Saudi Arabia","SA","","","شركه ذات مسؤولية محدودة","TTE8","نائب رئيس مجلس الادارة","Arabic","ar","Na'eb Ra'is Majlis Aledarah","","","2023-06-28","ACTV","","","","Royal Degree (M/132)"
"ZSUORF","Saudi Arabia","SA","","","شركه ذات مسؤولية محدودة","TTE8","مدير مال","Arabic","ar","Mudeer Mali","","","2023-06-28","ACTV","","","","Royal Degree (M/132)"
"0DJNNP","Serbia","RS","","","Задружни савез","6UPM","члан управног одбора","Serbian","rs","član upravnog odbora","","","2023-06-28","ACTV","","","","Закон о задругама - члан 72. став 2; члан 77. став 8. тачка 11)"
"0TULUO","Serbia","RS","","","Задруга","E7W8","задругар","Serbian","rs","zadrugar","","","2023-06-28","ACTV","","","","Закон о задругама - чл. 2-3; члан 15. став 3; члан 19. став 2. тачке 4), 5), 6), 8); члан 23; члан 24; члан 25. сав 1; члан 28; члан 29; члан 30; члан 31; члан 32. ст. 3. и 7; члан 33."
"0VIBFY","Serbia","RS","","","Друштво са ограниченом одговорношћу","KIU5","остали заступник","Serbian","rs","ostali zastupnik","","","2023-06-28","ACTV","","","","Закон о привредним друштвима - члан 32"
"2YWGIQ","Serbia","RS","","","Акционарско друштво","YVPW","остали заступник","Serbian","rs","оstali zastupnik","","","2023-06-28","ACTV","","","","Закон о привредним друштвима - члан 32."
"3JSRS7","Serbia","RS","","","Задруга","E7W8","остали заступник","Serbian","rs","ostali zastupnik","","","2023-06-28","ACTV","","","","Закон о задругама - члан 13. и Закон о привредним друштвима - члан 32."
"4BVENA","Serbia","RS","","","Задружни савез","6UPM","члан надзорног одбора","Serbian","rs","član nadzornog odbora","","","2023-06-28","ACTV","","","","Закон о задругама - члан 72. став 2; члан 77. став 8. тачка 12)"
"5FPTNL","Serbia","RS","","","Акционарско друштво","YVPW","генерални директор","Serbian","rs","generalni direktor","","","2023-06-28","ACTV","","","","Закон о привредним друштвима - члан 389; члан 423."
"5TWBNO","Serbia","RS","","","Друштвено предузеће","88TX","члан извршног одбора директора","Serbian","rs","član izvršnog odbora direktora","","","2023-06-28","ACTV","","","","Закон о предузећима - члан 397. тачке (3) и (4)"
"632TOS","Serbia","RS","","","Друштво са ограниченом одговорношћу","KIU5","привремени заступник","Serbian","rs","privremeni zastupnik","","","2023-06-28","ACTV","","","","Закон о привредним друштвима - члан 221. став 4."
"73GXXV","Serbia","RS","","","Друштво са ограниченом одговорношћу","KIU5","ликвидациони управник","Serbian","rs","likvidacioni upravnik","","","2023-06-28","ACTV","","","","Закон о привредним друштвима - члан 529. став 1. и 2."
"7KKWCN","Serbia","RS","","","Задруга","E7W8","вршилац дужности директора","Serbian","rs","vršilac dužnosti direktora","","","2023-06-28","ACTV","","","","Закон о задругама - члан 18. став 3. тачка 4); члан 49; члан 77. став 1. тачка 11); члан 102. став 3. тачка 2)"
"8HZXEU","Serbia","RS","","","Задружни савез","6UPM","председник надзорног одбора","Serbian","rs","predsednik nadzornog odbora","","","2023-06-28","ACTV","","","","Закон о задругама - члан 73. став 1 тачка 6)"
"9U8JKO","Serbia","RS","","","Акционарско друштво","YVPW","ликвидациони управник","Serbian","rs","likvidacioni upravnik","","","2023-06-28","ACTV","","","","Закон о привредним друштвима - члан 529. став 1. и 2."
"9XZ5Y4","Serbia","RS","","","Предузетник","9O67","предузетник","Serbian","rs","preduzetnik","","","2023-06-28","ACTV","","","","Закон о привредним друштвима - члан 83."
"AXEMEP","Serbia","RS","","","Друштвено предузеће","88TX","члан надзорног одбора","Serbian","rs","član nadzornog odbora","","","2023-06-28","ACTV","","","","Закон о предузећима - члан 398."
"BKDS0C","Serbia","RS","","","Ортачко друштво","ZPOY","остали заступник","Serbian","rs","ostali zastupnik","","","2023-06-28","ACTV","","","","Закон о привредним друштвима - члан 32."
"BOBSWX","Serbia","RS","","","Командитно друштво","73PZ","комплементар","Serbian","rs","komplementar","","","2023-06-28","ACTV","","","","Закон о привредним друштвима - члан 9. ст. 1. тачка 2)"
"CSBUXY","Serbia","RS","","","Јавно предузеће","DEF6","извршни директор","Serbian","rs","izvršni direktor","","","2023-06-28","ACTV","","","","Закон о јавним предузећима - члан 26. став 1. тачка 9); чл. 27-28."
"EGRYYC","Serbia","RS","","","Друштво са ограниченом одговорношћу","KIU5","директор","Serbian","rs","direktor","","","2023-06-28","ACTV","","","","Закон о привредним друштвима - члан 198. став 2. тачка 2) и члан 218. став 1."
"F1F7YQ","Serbia","RS","","","Акционарско друштво","YVPW","председник надзорног одбора","Serbian","rs","predsednik nadzornog odbora","","","2023-06-28","ACTV","","","","Закон о привредним друштвима - члан"
"FHKYYF","Serbia","RS","","","Јавно предузеће","DEF6","председник надзорног одбора","Serbian","rs","predsednik nadzornog odbora","","","2023-06-28","ACTV","","","","Закон о јавним предузећима - чл. 16-18."
"GHKFXX","Serbia","RS","","","Акционарско друштво","YVPW","секретар друштва","Serbian","rs","sekretar društva","","","2023-06-28","ACTV","","","","Закон о привредним друштвима - чл. 448-450"
"GLKRQT","Serbia","RS","","","Друштво са ограниченом одговорношћу","KIU5","председник скупштине","Serbian","rs","predsednik skupštine","","","2023-06-28","ACTV","","","","Закон о привредним друштвима - члан 209. став 2."
"HD8ZLC","Serbia","RS","","","Акционарско друштво","YVPW","ревизор","Serbian","rs","revizor","","","2023-06-28","ACTV","","","","Закон о привредним друштвима - члан 329. став 1. тачка 14)"
"HS3EIZ","Serbia","RS","","","Акционарско друштво","YVPW","члан надзорног одбора","Serbian","rs","član nadzornog odbora","","","2023-06-28","ACTV","","","","Закон о привредним друштвима - члан 326. став 3. тачка 2)"
"HTNRVD","Serbia","RS","","","Јавно предузеће","DEF6","директор","Serbian","rs","direktor","","","2023-06-28","ACTV","","","","Закон о јавним предузећима - члан 15. став 1; чл. 30-51."
"IDNRXK","Serbia","RS","","","Задружни савез","6UPM","задружни ревизор","Serbian","rs","zadružni revizor","","","2023-06-28","ACTV","","","","Закон о задругама - члан 84. став 1. тачка 3); члан 85. члан 85. став 1. тачке 1)4); члан 92."
"IXGJRQ","Serbia","RS","","","Ортачко друштво","ZPOY","ликвидациони управник","Serbian","rs","likvidacioni upravnik","","","2023-06-28","ACTV","","","","Закон о привредним друштвима - члан 529. став 1. и 2."
"JDPRKJ","Serbia","RS","","","Акционарско друштво","YVPW","привремени старалац заоставштине","Serbian","rs","privremeni staralac zaostavštine","","","2023-06-28","ACTV","","","","Закон о привредним друштвима - члан 172. став 2."
"JEX9BE","Serbia","RS","","","Командитно друштво","73PZ","прокуриста","Serbian","rs","prokurista","","","2023-06-28","ACTV","","","","Закон о привредним друштвима - члан 36."
"KLCKQH","Serbia","RS","","","Задруга","E7W8","директор","Serbian","rs","direktor","","","2023-06-28","ACTV","","","","Закон о задругама - члан 18. став 3. тачка 4); члан 34. ст. 1 и 3; члан 37. став 3. тачка 14); члан 41. став 1. тачка 7); члан 47; члан 48; члан 50; чл. 51-52; члан 77. став 1. тачка 11); члан 102. став 3. тачка 1)"
"L7SBB0","Serbia","RS","","","Акционарско друштво","YVPW","неизвршни директор","Serbian","rs","neizvršni direktor","","","2023-06-28","ACTV","","","","Закон о привредним друштвима - члан 387. став 1. тачка 2); чл. 390-391."
"L87ZMD","Serbia","RS","","","Задруга","E7W8","члан управног одбора","Serbian","rs","član upravnog odbora","","","2023-06-28","ACTV","","","","Закон о задругама - члан 34. став 3; члан 37. став 3. тачка 20); члан 40; чл. 41-42; чл. 51-52; члан 77. став 2. тачка 1)"
"LDGU6Y","Serbia","RS","","","Јавно предузеће","DEF6","вршилац дужности директора","Serbian","rs","vršilac dužnosti direktora","","","2023-06-28","ACTV","","","","Закон о јавним предузећима - чл. 52-54."
"LIJ0MT","Serbia","RS","","","Задруга","E7W8","председник скупштине","Serbian","rs","predsednik skupštine","","","2023-06-28","ACTV","","","","Закон о задругама - члан 34. став 3; члан 37. став 3. тачка 20); члан 37. став 5; члан 38. ст. 5-6; члан 43. став 4."
"LYV33D","Serbia","RS","","","Задружни савез","6UPM","председник управног одбора","Serbian","rs","predsednik upravnog odbora","","","2023-06-28","ACTV","","","","Закон о задругама - члан 73. став 1 тачка 6)"
"MAL9WJ","Serbia","RS","","","Задруга","E7W8","председник управног одбора","Serbian","rs","predsednik upravnog odbora","","","2023-06-28","ACTV","","","","Закон о задругама - члан 34. став 3; члан 40. став 5."
"MDFWGK","Serbia","RS","","","Друштво са ограниченом одговорношћу","KIU5","привремени старалац заоставштине","Serbian","rs","privremeni staralac zaostavštine","","","2023-06-28","ACTV","","","","Закон о привредним друштвима - члан 172. став 2."
"MHY44N","Serbia","RS","","","Командитно друштво","73PZ","ликвидациони управник","Serbian","rs","likvidacioni upravnik","","","2023-06-28","ACTV","","","","Закон о привредним друштвима - члан 529. став 1. и 2."
"NA315M","Serbia","RS","","","Акционарско друштво","YVPW","директор","Serbian","rs","direktor","","","2023-06-28","ACTV","","","","Закон о привредним друштвима - члан 326. став 2. тачка 2); чл. 382-386"
"NPDR9L","Serbia","RS","","","Друштво са ограниченом одговорношћу","KIU5","члан надзорног одбора","Serbian","rs","član nadzornog odbora","","","2023-06-28","ACTV","","","","Закон о привредним друштвима - члан 198. став 3. тачка 2); члан 228. став 1; члан 229. став 2; чл. 432. и 433"
"OJBADQ","Serbia","RS","","","Јавно предузеће","DEF6","члан комисије за ревизују","Serbian","rs","član komisije za revizuju","","","2023-06-28","ACTV","","","","Закон о јавним предузећима - члан 55. став 2."
"P4LTRV","Serbia","RS","","","Командитно друштво","73PZ","остали заступник","Serbian","rs","ostali zastupnik","","","2023-06-28","ACTV","","","","Закон о привредним друштвима - члан 32."
"PKPG28","Serbia","RS","","","Друштво са ограниченом одговорношћу","KIU5","члан","Serbian","rs","član","","","2023-06-28","ACTV","","","","Закон о привредним друштвима - члан 9. став 1. тачка 3)"
"Q1SUG1","Serbia","RS","","","Задруга","E7W8","ликвидациони управник","Serbian","rs","likvidacioni upravnik","","","2023-06-28","ACTV","","","","Закон о задругама - члан 13. и Закон о привредним друштвима - члан 529. став 1. и 2."
"QHXUWG","Serbia","RS","","","Командитно друштво","73PZ","командитор","Serbian","rs","komanditor","","","2023-06-28","ACTV","","","","Закон о привредним друштвима - члан 9. ст. 1. тачка 2)"
"QKCJ8Z","Serbia","RS","","","Акционарско друштво","YVPW","акционар","Serbian","rs","akcionar","","","2023-06-28","ACTV","","","","Закон о привредним друштвима - члан 9. став 1. тачка 4)"
"QYFLBU","Serbia","RS","","","Акционарско друштво","YVPW","прокуриста","Serbian","rs","prokurista","","","2023-06-28","ACTV","","","","Закон о привредним друштвима - чл. 35-36."
"RCHAA0","Serbia","RS","","","Друштво са ограниченом одговорношћу","KIU5","прокуриста","Serbian","rs","prokurista","","","2023-06-28","ACTV","","","","Закон о привредним друштвима - члан 35-36."
"RI2Z1M","Serbia","RS","","","Задружни савез","6UPM","председник","Serbian","rs","predsednik","","","2023-06-28","ACTV","","","","Закон о задругама - члан 72. ст. 2-3; члан 77. став 8. тачка 10)"
"SGJ0FU","Serbia","RS","","","Задруга","E7W8","члан надзорног одбора","Serbian","rs","član nadzornog odbora","","","2023-06-28","ACTV","","","","Закон о задругама - члан 34. став 3; члан 37. став 3. тачка 20); члан 43; члан 46; чл. 51-52; члан 77. став 2. тачка 1)"
"SK9ZJQ","Serbia","RS","","","Друштвено предузеће","88TX","члан управног одбора","Serbian","rs","član upravnog odbora","","","2023-06-28","ACTV","","","","Закон о предузећима – члан 395."
"SOAKUK","Serbia","RS","","","Предузетник","9O67","пословођа","Serbian","rs","poslovođa","","","2023-06-28","ACTV","","","","Закон о привредним друштвима - члан 89."
"SRFJZM","Serbia","RS","","","Јавно предузеће","DEF6","прокуриста","Serbian","rs","prokurista","","","2023-06-28","ACTV","","","","Закон о јавним предузећима - члан 76. и Закон о привредним друштвима - члан 36."
"TAUMEJ","Serbia","RS","","","Задруга","E7W8","ревизор","Serbian","rs","revizor","","","2023-06-28","ACTV","","","","Закон о задругама - члан 19. став 2. тачка 15); члан 37. став 3. тачке 15)-16); члан 84. став 1. тачка 3); члан 85; члан 88. став 3. тачке 1), 4); чл. 90-93; члан 95. ст. 3. и 5: члан 105."
"TZEDSZ","Serbia","RS","","","Ортачко друштво","ZPOY","прокуриста","Serbian","rs","prokurista","","","2023-06-28","ACTV","","","","Закон о привредним друштвима - чл. 35-36"
"U7CKFK","Serbia","RS","","","Друштвено предузеће","88TX","вршилац дужности директора","Serbian","rs","vršilac dužnosti direktora","","","2023-06-28","ACTV","","","","Закон о предузећима - члан 396. тачка (3)"
"UIKY2W","Serbia","RS","","","Акционарско друштво","YVPW","привремени заступник","Serbian","rs","privremeni zastupnik","","","2023-06-28","ACTV","","","","Закон о привредним друштвима - члан 397. став 1."
"UOX1F4","Serbia","RS","","","Друштво са ограниченом одговорношћу","KIU5","ревизор","Serbian","rs","revizor","","","2023-06-28","ACTV","","","","Закон о привредним друштвима - члан 200. став 1. тачка 9)"
"VIXII9","Serbia","RS","","","Друштво са ограниченом одговорношћу","KIU5","председник надзорног одбора","Serbian","rs","predsednik nadzornog odbora","","","2023-06-28","ACTV","","","","Закон о привредним друштвима - члан 229. став 2."
"VUL9BD","Serbia","RS","","","Акционарско друштво","YVPW","извршни директор","Serbian","rs","izvršni direktor","","","2023-06-28","ACTV","","","","Закон о привредним друштвима - члан 326. став 3. тачка 3); члан 387. став 1. тачка 1); члан 388."
"WKZEBT","Serbia","RS","","","Јавно предузеће","DEF6","члан надзорног одбора","Serbian","rs","član nadzornog odbora","","","2023-06-28","ACTV","","","","Закон о јавним предузећима - чл. 16-18."
"WRGNWO","Serbia","RS","","","Ортачко друштво","ZPOY","ортак","Serbian","rs","ortak","","","2023-06-28","ACTV","","","","Закон о привредним друштвима - члан 9. став 1. тачка 1)"
"WUMYGP","Serbia","RS","","","Акционарско друштво","YVPW","председник скупштине","Serbian","rs","predsednik skupštine","","","2023-06-28","ACTV","","","","Закон о привредним друштвима - члaн 333. став 1."
"X4PLZA","Serbia","RS","","","Друштвено предузеће","88TX","директор","Serbian","rs","direktor","","","2023-06-28","ACTV","","","","Закон о предузећима - члан 396."
"XPWFMN","Serbia","RS","","","Задруга","E7W8","прокуриста","Serbian","rs","prokurista","","","2023-06-28","ACTV","","","","Закон о задругама - члан 13. и Закон о привредним друштвима - члан 36."
"Y8IMO5","Serbia","RS","","","Командитно друштво","73PZ","привремени старалац заоставштине","Serbian","rs","privremeni staralac zaostavštine","","","2023-06-28","ACTV","","","","Закон о привредним друштвима - члан 172. став 2."
"YEM75J","Serbia","RS","","","Задруга","E7W8","председник надзорног одбора","Serbian","rs","predsednik nadzornog odbora","","","2023-06-28","ACTV","","","","Закон о задругама - члан 34. став 3; члан 37. став 3. тачка 20); члан 43. став 5; чл. 51-52."
"YGCDHC","Serbia","RS","","","Акционарско друштво","YVPW","председник одбора директора","Serbian","rs","predsednik odbora direktora","","","2023-06-28","ACTV","","","","Закон о привредним друштвима - члан 400."
"YGMW7H","Serbia","RS","","","Јавно предузеће","DEF6","председник комисије за ревизију","Serbian","rs","predsednik komisije za reviziju","","","2023-06-28","ACTV","","","","Закон о јавним предузећима - члан 55. став 3."
"YGVQZW","Serbia","RS","","","Ортачко друштво","ZPOY","законски заступник","Serbian","rs","zakonski zastupnik","","","2023-06-28","ACTV","","","","Закон о привредним друштвима - члан 111."
"YGWHFW","Serbia","RS","","","Предузетник","9О67","прокуриста","Serbian","rs","prokurista","","","2023-06-28","ACTV","","","","Закон о привредним друштвима - члан 40."
"YU30ZY","Serbia","RS","","","Јавно предузеће","DEF6","остали заступник","Serbian","rs","ostali zastupnik","","","2023-06-28","ACTV","","","","Закон о јавним предузећима - члан 76. и Закон о привредним друштвима - члан 32."
"ZKYDCF","Serbia","RS","","","Ортачко друштво","ZPOY","привремени старалац заоставштине","Serbian","rs","privremeni staralac zaostavštine","","","2023-06-28","ACTV","","","","Закон о привредним друштвима - члан 172. став 2."
"0FDTAA","South Africa","ZA","","","Private Company","GQVQ","Director","English","en","Director","","","2023-06-28","ACTV","","","","Companies Act, 2008 - ss.1, 66"
"5J20CY","South Africa","ZA","","","Public Company","XE4Z","Auditor","English","en","Auditor","","","2023-06-28","ACTV","","","","Companies Act, 2008 - ss.1, 90"
"ALI7XW","South Africa","ZA","","","Private Company","GQVQ","Company secretary","English","en","Company secretary","Co.Sec.","Co.Sec.","2023-06-28","ACTV","","","","Companies Act, 2008 - s.85"
"DJKF41","South Africa","ZA","","","Private Company","GQVQ","Business rescue practitioner (practitioner)","English","en","Business rescue practitioner","","","2023-06-28","ACTV","","","","Companies Act, 2008 - s.129"
"FWQQPO","South Africa","ZA","","","Private Company","GQVQ","Liquidator","English","en","Liquidator","","","2023-06-28","ACTV","","","","Companies Act, 2008 - s.80"
"L7SFLO","South Africa","ZA","","","Private Company","GQVQ","Shareholder","English","en","Shareholder","","","2023-06-28","ACTV","","","","Companies Act, 2008 - ss.1, 15, 57"
"LRNOSE","South Africa","ZA","","","Private Company","GQVQ","Auditor","English","en","Auditor","","","2023-06-28","ACTV","","","","Companies Act, 2008 - s.1"
"MKXXED","South Africa","ZA","","","Public Company","XE4Z","Liquidator","English","en","Liquidator","","","2023-06-28","ACTV","","","","Companies Act, 2008 - s.80"
"P44KQC","South Africa","ZA","","","Private Company","GQVQ","Prescribed officer","English","en","Prescribed officer","","","2023-06-28","ACTV","","","","Companies Act, 2008 - ss.1, 66"
"R6I32R","South Africa","ZA","","","Public Company","XE4Z","Business rescue practitioner (practitioner)","English","en","Business rescue practitioner","","","2023-06-28","ACTV","","","","Companies Act, 2008 - s.129"
"SVHWED","South Africa","ZA","","","Public Company","XE4Z","Alternate director","English","en","Alternate director","","","2023-06-28","ACTV","","","","Companies Act, 2008 - s.1"
"T4GLS7","South Africa","ZA","","","Private Company","GQVQ","Incorporator","English","en","Incorporator","","","2023-06-28","ACTV","","","","Companies Act, 2008 - ss.1, 13, 67"
"TFWSXR","South Africa","ZA","","","Public Company","XE4Z","Incorporator","English","en","Incorporator","","","2023-06-28","ACTV","","","","Companies Act, 2008 - ss.1, 13, 67"
"TH3CFG","South Africa","ZA","","","Private Company","GQVQ","Alternate director","English","en","Alternate director","","","2023-06-28","ACTV","","","","Companies Act, 2008 - s.1"
"THWYVW","South Africa","ZA","","","Public Company","XE4Z","Company secretary","English","en","Company secretary","Co.Sec.","Co.Sec.","2023-06-28","ACTV","","","","Companies Act, 2008 - s.86"
"WDPAVU","South Africa","ZA","","","Public Company","XE4Z","Shareholder","English","en","Shareholder","","","2023-06-28","ACTV","","","","Companies Act, 2008 - ss.1, 15, 57"
"YGVBL6","South Africa","ZA","","","Public Company","XE4Z","Director","English","en","Director","","","2023-06-28","ACTV","","","","Companies Act, 2008 - ss.1, 66"
"YLJAZF","South Africa","ZA","","","Public Company","XE4Z","Prescribed officer","English","en","Prescribed officer","","","2023-06-28","ACTV","","","","Companies Act, 2008 - ss.1, 66"
"0O2NY5","Spain","ES","","","Sociedad Anonima","5RDO","Socio","Spanish","es","Socio","","","2023-06-28","ACTV","","","","Ley de Sociedades de Capital (Real Decreto Legislativo 1/2010, de 2 de julio) - Art.1"
"0TVOSI","Spain","ES","","","Fondo de Inversion","S0Z5","Depositario","Spanish","es","Depositario","","","2023-06-28","ACTV","","","","Ley 35/2003, de 4 de noviembre, de Instituciones de Inversión Colectiva - Art.4"
"2RAQSL","Spain","ES","","","Sociedad de Responsabilidad Limitada","DP3Q","Consejero delegado","Spanish","es","Consejero delegado","","","2023-06-28","ACTV","","","","Ley de Sociedades de Capital (Real Decreto Legislativo 1/2010, de 2 de julio) - Art.249"
"3IWUYU","Spain","ES","","","Sociedad Anonima","5RDO","Promotor","Spanish","es","Promotor","","","2023-06-28","ACTV","","","","Ley de Sociedades de Capital (Real Decreto Legislativo 1/2010, de 2 de julio) - Art.27"
"6WP4DW","Spain","ES","","","Sociedad Anonima","5RDO","Usufructuario","Spanish","es","Usufructuario","","","2023-06-28","ACTV","","","","Ley de Sociedades de Capital (Real Decreto Legislativo 1/2010, de 2 de julio) - Art.121"
"9C5AFP","Spain","ES","","","Sociedad de Responsabilidad Limitada","DP3Q","Administrador suplente","Spanish","es","Administrador suplente","","","2023-06-28","ACTV","","","","Ley de Sociedades de Capital (Real Decreto Legislativo 1/2010, de 2 de julio) - Art.216"
"9JM0XD","Spain","ES","","","Sociedad Anonima","5RDO","Interventor","Spanish","es","Interventor","","","2023-06-28","ACTV","","","","Ley de Sociedades de Capital (Real Decreto Legislativo 1/2010, de 2 de julio) - Art.381"
"9WBLF0","Spain","ES","","","Sociedad de Responsabilidad Limitada","DP3Q","Presidente","Spanish","es","Presidente","","","2023-06-28","ACTV","","","","Ley de Sociedades de Capital (Real Decreto Legislativo 1/2010, de 2 de julio) - Art.191"
"A18GLE","Spain","ES","","","Sociedad Anonima","5RDO","Secretario","Spanish","es","Secretario","","","2023-06-28","ACTV","","","","Ley de Sociedades de Capital (Real Decreto Legislativo 1/2010, de 2 de julio) - Art.191"
"CAWALQ","Spain","ES","","","Sociedad de Responsabilidad Limitada","DP3Q","Auditor","Spanish","es","Auditor","","","2023-06-28","ACTV","","","","Ley de Sociedades de Capital (Real Decreto Legislativo 1/2010, de 2 de julio) - Art.263"
"CZHEPZ","Spain","ES","","","Fondo de Inversion","S0Z5","Partícipe","Spanish","es","Partícipe","","","2023-06-28","ACTV","","","","Ley 35/2003, de 4 de noviembre, de Instituciones de Inversión Colectiva - Art.5"
"EALQDL","Spain","ES","","","Sociedad Anonima","5RDO","Obligacionista","Spanish","es","Obligacionista","","","2023-06-28","ACTV","","","","Ley de Sociedades de Capital (Real Decreto Legislativo 1/2010, de 2 de julio) - Art.265"
"FQFPM7","Spain","ES","","","Sociedad de Responsabilidad Limitada","DP3Q","Fundador","Spanish","es","Fundador","","","2023-06-28","ACTV","","","","Ley de Sociedades de Capital (Real Decreto Legislativo 1/2010, de 2 de julio) - Art.73"
"FVJMXB","Spain","ES","","","Sociedad de Responsabilidad Limitada","DP3Q","Obligacionista","Spanish","es","Obligacionista","","","2023-06-28","ACTV","","","","Ley de Sociedades de Capital (Real Decreto Legislativo 1/2010, de 2 de julio) - Art.265"
"G8HYXM","Spain","ES","","","Sociedad Anonima","5RDO","Otorgante","Spanish","es","Otorgante","","","2023-06-28","ACTV","","","","Ley de Sociedades de Capital (Real Decreto Legislativo 1/2010, de 2 de julio) - Art.51"
"JJFGDT","Spain","ES","","","Sociedad de Responsabilidad Limitada","DP3Q","Usufructuario","Spanish","es","Usufructuario","","","2023-06-28","ACTV","","","","Ley de Sociedades de Capital (Real Decreto Legislativo 1/2010, de 2 de julio) - Art.121"
"KGJBSM","Spain","ES","","","Sociedad de Responsabilidad Limitada","DP3Q","Otorgante","Spanish","es","Otorgante","","","2023-06-28","ACTV","","","","Ley de Sociedades de Capital (Real Decreto Legislativo 1/2010, de 2 de julio) - Art.51"
"KSL1MQ","Spain","ES","","","Sociedad Anonima","5RDO","Fundador","Spanish","es","Fundador","","","2023-06-28","ACTV","","","","Ley de Sociedades de Capital (Real Decreto Legislativo 1/2010, de 2 de julio) - Art.27"
"KUVVBS","Spain","ES","","","Sociedad Anonima","5RDO","Auditor","Spanish","es","Auditor","","","2023-06-28","ACTV","","","","Ley de Sociedades de Capital (Real Decreto Legislativo 1/2010, de 2 de julio) - Art.107"
"L82TON","Spain","ES","","","Sociedad Anonima","5RDO","Accionista","Spanish","es","Accionista","","","2023-06-28","ACTV","","","","Ley de Sociedades de Capital (Real Decreto Legislativo 1/2010, de 2 de julio) - Art.81"
"LC1PXN","Spain","ES","","","Sociedad Anonima","5RDO","Liquidador","Spanish","es","Liquidador","","","2023-06-28","ACTV","","","","Ley de Sociedades de Capital (Real Decreto Legislativo 1/2010, de 2 de julio) - Art.160"
"LCZIP3","Spain","ES","","","Sociedad Anonima","5RDO","Presidente","Spanish","es","Presidente","","","2023-06-28","ACTV","","","","Ley de Sociedades de Capital (Real Decreto Legislativo 1/2010, de 2 de julio) - Art.191"
"NVGUJ4","Spain","ES","","","Sociedad de Responsabilidad Limitada","DP3Q","Liquidador","Spanish","es","Liquidador","","","2023-06-28","ACTV","","","","Ley de Sociedades de Capital (Real Decreto Legislativo 1/2010, de 2 de julio) - Art.74"
"PUXJE0","Spain","ES","","","Sociedad de Responsabilidad Limitada","DP3Q","Administrador","Spanish","es","Administrador","","","2023-06-28","ACTV","","","","Ley de Sociedades de Capital (Real Decreto Legislativo 1/2010, de 2 de julio) - Art.4bis"
"SBU5KZ","Spain","ES","","","Sociedad de Responsabilidad Limitada","DP3Q","Socio","Spanish","es","Socio","","","2023-06-28","ACTV","","","","Ley de Sociedades de Capital (Real Decreto Legislativo 1/2010, de 2 de julio) - Art.1"
"SOX39V","Spain","ES","","","Sociedad de Responsabilidad Limitada","DP3Q","Secretario","Spanish","es","Secretario","","","2023-06-28","ACTV","","","","Ley de Sociedades de Capital (Real Decreto Legislativo 1/2010, de 2 de julio) - Art.191"
"TIDY0P","Spain","ES","","","Sociedad Anonima","5RDO","Administrador","Spanish","es","Administrador","","","2023-06-28","ACTV","","","","Ley de Sociedades de Capital (Real Decreto Legislativo 1/2010, de 2 de julio) - Art.23"
"WUGLAN","Spain","ES","","","Sociedad Anonima","5RDO","Consejero delegado","Spanish","es","Consejero delegado","","","2023-06-28","ACTV","","","","Ley de Sociedades de Capital (Real Decreto Legislativo 1/2010, de 2 de julio) - Art.249"
"ZNV3EG","Spain","ES","","","Sociedad Anonima","5RDO","Administrador suplente","Spanish","es","Administrador suplente","","","2023-06-28","ACTV","","","","Ley de Sociedades de Capital (Real Decreto Legislativo 1/2010, de 2 de julio) - Art.216"
"ZXWEMF","Spain","ES","","","Fondo de Inversion","S0Z5","Sociedad gestora","Spanish","es","Sociedad gestora","","","2023-06-28","ACTV","","","","Ley 35/2003, de 4 de noviembre, de Instituciones de Inversión Colectiva - Art.1"
"2JT8JQ","Sweden","SE","","","Aktiebolag","XJHM","Styrelsesuppleant","Swedish","sv","Styrelsesuppleant","","","2023-06-28","ACTV","","","","Aktiebolagslag, 2005 - 3 kap: s.1"
"3NXF5M","Sweden","SE","","","Aktiebolag","XJHM","Ordförande","Swedish","sv","Ordförande","","","2023-06-28","ACTV","","","","Aktiebolagslag, 2005 - 7 kap: s.27"
"7QXJJ4","Sweden","SE","","","Ideell förening (som bedriver näringsverksamhet)","1TN0","Verkställande direktör","Swedish","sv","Verkställande direktör","","","2023-06-28","ACTV","","","","Lag om ekonomiska föreningar - 7 kap: s.27"
"AOVXXS","Sweden","SE","","","Aktiebolag","XJHM","Revisor","Swedish","sv","Revisor","","","2023-06-28","ACTV","","","","Aktiebolagslag, 2005 - 1 kap: s.12b"
"BF3W0F","Sweden","SE","","","Aktiebolag","XJHM","Verkställande direktör","Swedish","sv","Verkställande direktör","","","2023-06-28","ACTV","","","","Aktiebolagslag, 2005 - 7 kap: s.32; 8 kap: ss.27, 50"
"C3LXOF","Sweden","SE","","","Kommanditbolag","CX05","Komplementär","Swedish","sv","Komplementär","","","2023-06-28","ACTV","","","","Lag om handelsbolag och enkla bolag, 1980 - 1 kap: s.2"
"EOWVDR","Sweden","SE","","","Ideell förening (som bedriver näringsverksamhet)","1TN0","Ordförande","Swedish","sv","Ordförande","","","2023-06-28","ACTV","","","","Lag om ekonomiska föreningar - 7 kap: s.17"
"GT988T","Sweden","SE","","","Ideell förening (som bedriver näringsverksamhet)","1TN0","Medlem","Swedish","sv","Medlem","","","2023-06-28","ACTV","","","","Lag om ekonomiska föreningar - 1 kap: s.3"
"MIYY5K","Sweden","SE","","","Aktiebolag","XJHM","Stiftaren","Swedish","sv","Stiftaren","","","2023-06-28","ACTV","","","","Aktiebolagslag, 2005 - 2 kap: s.1"
"MLTDPF","Sweden","SE","","","Kommanditbolag","CX05","Särskild likvidator","Swedish","sv","Särskild likvidator","","","2023-06-28","ACTV","","","","Lag om handelsbolag och enkla bolag, 1980 - 2 kap: s.31"
"MLWKUB","Sweden","SE","","","Aktiebolag","XJHM","Aktieägare","Swedish","sv","Aktieägare","","","2023-06-28","ACTV","","","","Aktiebolagslag, 2005 - 1kap: s.3"
"NU2JF8","Sweden","SE","","","Aktiebolag","XJHM","Vice verkställande direktör","Swedish","sv","Vice verkställande direktör","","","2023-06-28","ACTV","","","","Aktiebolagslag, 2005 - 8 kap: s.28"
"ONVWJA","Sweden","SE","","","Kommanditbolag","CX05","Kommanditdelägaren","Swedish","sv","Kommanditdelägaren","","","2023-06-28","ACTV","","","","Lag om handelsbolag och enkla bolag, 1980 - 1 kap: s.2"
"OWYDPK","Sweden","SE","","","Aktiebolag","XJHM","Styrelseledamot","Swedish","sv","Styrelseledamot","","","2023-06-28","ACTV","","","","Aktiebolagslag, 2005 - 3 kap: s.1"
"PQOSPI","Sweden","SE","","","Aktiebolag","XJHM","Lekmannarevisor","Swedish","sv","Lekmannarevisor","","","2023-06-28","ACTV","","","","Aktiebolagslag, 2005 - 10 kap: s.1"
"PSIVOD","Sweden","SE","","","Aktiebolag","XJHM","Revisorssuppleant","Swedish","sv","Revisorssuppleant","","","2023-06-28","ACTV","","","","Aktiebolagslag, 2005 - 9 kap: s.2"
"SCP321","Sweden","SE","","","Kommanditbolag","CX05","Bolagsman","Swedish","sv","Bolagsman","","","2023-06-28","ACTV","","","","Lag om handelsbolag och enkla bolag, 1980 - 3 kap: s.2"
"UYV5ER","Sweden","SE","","","Ideell förening (som bedriver näringsverksamhet)","1TN0","Revisor","Swedish","sv","Revisor","","","2023-06-28","ACTV","","","","Lag om ekonomiska föreningar - 1 kap: s.3"
"V3W0IA","Sweden","SE","","","Aktiebolag","XJHM","Arbetstagarrepresentant","Swedish","sv","Arbetstagarrepresentant","","","2023-06-28","ACTV","","","","Aktiebolagslag, 2005 - 8 kap: s.2"
"VD29ZN","Sweden","SE","","","Ideell förening (som bedriver näringsverksamhet)","1TN0","Styrelseledamot","Swedish","sv","Styrelseledamot","","","2023-06-28","ACTV","","","","Lag om ekonomiska föreningar - 1 kap: s.3"
"09VUYQ","Switzerland","CH","","","Fonds","FLNB","Commandité","French","fr","Commandité","","","2023-06-28","ACTV","","","","Loi fédérale, sur les placements collectifs de capitaux, (Loi sur les placements collectifs, LPCC), du 23 juin 2006 (Etat le 1er janvier 2020) - Art.98"
"09VUYQ","Switzerland","CH","","","Fonds","FLNB","Kommanditärinnen und Kommanditäre","German","de","Kommanditärinnen und Kommanditäre","","","2023-06-28","ACTV","","","","Bundesgesetz über die kollektiven Kapitalanlagen (Kollektivanlagengesetz, KAG) vom 23. Juni 2006 (Stand am 1. Januar 2020) - Art.98"
"09VUYQ","Switzerland","CH","","","Fondo","FLNB","Accomandatario","Italian","it","Accomandatario","","","2023-06-28","ACTV","","","","Legge federale sugli investimenti collettivi di capitale (Legge sugli investimenti collettivi, LICol) del 23 giugno 2006 (Stato 1° gennaio 2020) - Art.98"
"521C1R","Switzerland","CH","","","Société à responsabilité limitée","3EKS","Président","French","fr","Président","","","2023-06-28","ACTV","","","","Loi fédérale complétant le Code civil suisse (Livre cinquième: Droit des obligations) du 30 mars 1911 (Etat le 1er juillet 2021) - Art.809"
"521C1R","Switzerland","CH","","","Gesellschaft mit beschränkter Haftung","3EKS","Vorsitz","German","de","Vorsitz","","","2023-06-28","ACTV","","","","Bundesgesetz betreffend die Ergänzung des Schweizerischen Zivilgesetzbuches (Fünfter Teil: Obligationenrecht) vom 30. März 1911 (Stand am 1. Juli 2021) - Art.809"
"521C1R","Switzerland","CH","","","Società a garanzia limitata","3EKS","Presidenza","Italian","it","Presidenza","","","2023-06-28","ACTV","","","","Legge federale di complemento del Codice civile svizzero (Libro quinto: Diritto delle obbligazioni) del 30 marzo 1911 (Stato 1° luglio 2021) - Art.809"
"5DSFUY","Switzerland","CH","","","Fonds","FLNB","Commanditaire","French","fr","Commanditaire","","","2023-06-28","ACTV","","","","Loi fédérale, sur les placements collectifs de capitaux, (Loi sur les placements collectifs, LPCC), du 23 juin 2006 (Etat le 1er janvier 2020) - Art.98"
"5DSFUY","Switzerland","CH","","","Fonds","FLNB","Komplementär","German","de","Komplementär","","","2023-06-28","ACTV","","","","Bundesgesetz über die kollektiven Kapitalanlagen (Kollektivanlagengesetz, KAG) vom 23. Juni 2006 (Stand am 1. Januar 2020) - Art.98"
"5DSFUY","Switzerland","CH","","","Fondo","FLNB","Accomandanto","Italian","it","Accomandanto","","","2023-06-28","ACTV","","","","Legge federale sugli investimenti collettivi di capitale (Legge sugli investimenti collettivi, LICol) del 23 giugno 2006 (Stato 1° gennaio 2020) - Art.98"
"6BIUGL","Switzerland","CH","","","Société anonyme","MVII","Secrétaire","French","fr","Secrétaire","","","2023-06-28","ACTV","","","","Loi fédérale complétant le Code civil suisse (Livre cinquième: Droit des obligations) du 30 mars 1911 (Etat le 1er juillet 2021) - Art.712"
"6BIUGL","Switzerland","CH","","","Aktiengesellschaft","MVII","Sekretär","German","de","Sekretär","","","2023-06-28","ACTV","","","","Bundesgesetz betreffend die Ergänzung des Schweizerischen Zivilgesetzbuches (Fünfter Teil: Obligationenrecht) vom 30. März 1911 (Stand am 1. Juli 2021) - Art.712"
"6BIUGL","Switzerland","CH","","","Società anonima","MVII","Segretario","Italian","it","Segretario","","","2023-06-28","ACTV","","","","Legge federale di complemento del Codice civile svizzero (Libro quinto: Diritto delle obbligazioni) del 30 marzo 1911 (Stato 1° luglio 2021) - Art.712"
"7HGGJ7","Switzerland","CH","","","Société à responsabilité limitée","3EKS","Organe de révision","French","fr","Organe de révision","","","2023-06-28","ACTV","","","","Loi fédérale complétant le Code civil suisse (Livre cinquième: Droit des obligations) du 30 mars 1911 (Etat le 1er juillet 2021) - Art.818"
"7HGGJ7","Switzerland","CH","","","Gesellschaft mit beschränkter Haftung","3EKS","Revisionsstelle","German","de","Revisionsstelle","","","2023-06-28","ACTV","","","","Bundesgesetz betreffend die Ergänzung des Schweizerischen Zivilgesetzbuches (Fünfter Teil: Obligationenrecht) vom 30. März 1911 (Stand am 1. Juli 2021) - Art.818"
"7HGGJ7","Switzerland","CH","","","Società a garanzia limitata","3EKS","Ufficio di revisione","Italian","it","Ufficio di revisione","","","2023-06-28","ACTV","","","","Legge federale di complemento del Codice civile svizzero (Libro quinto: Diritto delle obbligazioni) del 30 marzo 1911 (Stato 1° luglio 2021) - Art.818"
"BD5PBL","Switzerland","CH","","","Fonds","FLNB","Société d’audit agréée","French","fr","Société d’audit agréée","","","2023-06-28","ACTV","","","","Loi fédérale, sur les placements collectifs de capitaux, (Loi sur les placements collectifs, LPCC), du 23 juin 2006 (Etat le 1er janvier 2020) - Art.126"
"BD5PBL","Switzerland","CH","","","Fonds","FLNB","Prüfgesellschaft","German","de","Prüfgesellschaft","","","2023-06-28","ACTV","","","","Bundesgesetz über die kollektiven Kapitalanlagen (Kollektivanlagengesetz, KAG) vom 23. Juni 2006 (Stand am 1. Januar 2020) - Art.126"
"BD5PBL","Switzerland","CH","","","Fondo","FLNB","Società di audit","Italian","it","Società di audit","","","2023-06-28","ACTV","","","","Legge federale sugli investimenti collettivi di capitale (Legge sugli investimenti collettivi, LICol) del 23 giugno 2006 (Stato 1° gennaio 2020) - Art.126"
"BZSNV5","Switzerland","CH","","","Société à responsabilité limitée","3EKS","Associé","French","fr","Associé","","","2023-06-28","ACTV","","","","Loi fédérale complétant le Code civil suisse (Livre cinquième: Droit des obligations) du 30 mars 1911 (Etat le 1er juillet 2021) - Art.775"
"BZSNV5","Switzerland","CH","","","Gesellschaft mit beschränkter Haftung","3EKS","Gesellschafter","German","de","Gesellschafter","","","2023-06-28","ACTV","","","","Bundesgesetz betreffend die Ergänzung des Schweizerischen Zivilgesetzbuches (Fünfter Teil: Obligationenrecht) vom 30. März 1911 (Stand am 1. Juli 2021) - Art.775"
"BZSNV5","Switzerland","CH","","","Società a garanzia limitata","3EKS","Soco","Italian","it","Soco","","","2023-06-28","ACTV","","","","Legge federale di complemento del Codice civile svizzero (Libro quinto: Diritto delle obbligazioni) del 30 marzo 1911 (Stato 1° luglio 2021) - Art.775"
"CNNGBH","Switzerland","CH","","","Fonds","FLNB","Liquidateur","French","fr","Liquidateur","","","2023-06-28","ACTV","","","","Loi fédérale, sur les placements collectifs de capitaux, (Loi sur les placements collectifs, LPCC), du 23 juin 2006 (Etat le 1er janvier 2020) - Art.138a"
"CNNGBH","Switzerland","CH","","","Fonds","FLNB","Konkursliquidatorin","German","de","Konkursliquidatorin","","","2023-06-28","ACTV","","","","Bundesgesetz über die kollektiven Kapitalanlagen (Kollektivanlagengesetz, KAG) vom 23. Juni 2006 (Stand am 1. Januar 2020) - Art.138a"
"CNNGBH","Switzerland","CH","","","Fondo","FLNB","Liquidatore","Italian","it","Liquidatore","","","2023-06-28","ACTV","","","","Legge federale sugli investimenti collettivi di capitale (Legge sugli investimenti collettivi, LICol) del 23 giugno 2006 (Stato 1° gennaio 2020) - Art.138a"
"CUKVBB","Switzerland","CH","","","Société anonyme","MVII","Participant","French","fr","Participant","","","2023-06-28","ACTV","","","","Loi fédérale complétant le Code civil suisse (Livre cinquième: Droit des obligations) du 30 mars 1911 (Etat le 1er juillet 2021) - Art.656c"
"CUKVBB","Switzerland","CH","","","Aktiengesellschaft","MVII","Partizipant","German","de","Partizipant","","","2023-06-28","ACTV","","","","Bundesgesetz betreffend die Ergänzung des Schweizerischen Zivilgesetzbuches (Fünfter Teil: Obligationenrecht) vom 30. März 1911 (Stand am 1. Juli 2021) - Art.656c"
"CUKVBB","Switzerland","CH","","","Società anonima","MVII","Partecipante","Italian","it","Partecipante","","","2023-06-28","ACTV","","","","Legge federale di complemento del Codice civile svizzero (Libro quinto: Diritto delle obbligazioni) del 30 marzo 1911 (Stato 1° luglio 2021) - Art.656c"
"DGX1LL","Switzerland","CH","","","Société anonyme","MVII","Représentant dépositaire","French","fr","Représentant dépositaire","","","2023-06-28","ACTV","","","","Loi fédérale complétant le Code civil suisse (Livre cinquième: Droit des obligations) du 30 mars 1911 (Etat le 1er juillet 2021) - Art.689"
"DGX1LL","Switzerland","CH","","","Aktiengesellschaft","MVII","Depotvertrete","German","de","Depotvertrete","","","2023-06-28","ACTV","","","","Bundesgesetz betreffend die Ergänzung des Schweizerischen Zivilgesetzbuches (Fünfter Teil: Obligationenrecht) vom 30. März 1911 (Stand am 1. Juli 2021) - Art.689"
"DGX1LL","Switzerland","CH","","","Società anonima","MVII","Rappresentante depositare","Italian","it","Rappresentante depositare","","","2023-06-28","ACTV","","","","Legge federale di complemento del Codice civile svizzero (Libro quinto: Diritto delle obbligazioni) del 30 marzo 1911 (Stato 1° luglio 2021) - Art.689"
"DIWYAR","Switzerland","CH","","","Société à responsabilité limitée","3EKS","Gérant","French","fr","Gérant","","","2023-06-28","ACTV","","","","Loi fédérale complétant le Code civil suisse (Livre cinquième: Droit des obligations) du 30 mars 1911 (Etat le 1er juillet 2021) - Art.809"
"DIWYAR","Switzerland","CH","","","Gesellschaft mit beschränkter Haftung","3EKS","Geschäftsführer","German","de","Geschäftsführer","","","2023-06-28","ACTV","","","","Bundesgesetz betreffend die Ergänzung des Schweizerischen Zivilgesetzbuches (Fünfter Teil: Obligationenrecht) vom 30. März 1911 (Stand am 1. Juli 2021) - Art.809"
"DIWYAR","Switzerland","CH","","","Società a garanzia limitata","3EKS","Gerente","Italian","it","Gerente","","","2023-06-28","ACTV","","","","Legge federale di complemento del Codice civile svizzero (Libro quinto: Diritto delle obbligazioni) del 30 marzo 1911 (Stato 1° luglio 2021) - Art.809"
"DYAOED","Switzerland","CH","","","Fondation","2JZ4","Organe de révision","French","fr","Organe de révision","","","2023-06-28","ACTV","","","","Code civil suisse du 10 décembre 1907 (Etat le 1er janvier 2021) - Art.83b"
"DYAOED","Switzerland","CH","","","Stiftung","2JZ4","Revisionsstelle","German","de","Revisionsstelle","","","2023-06-28","ACTV","","","","Schweizerisches Zivilgesetzbuch vom 10. Dezember 1907 (Stand am 1. Januar 2021) - Art.83b"
"DYAOED","Switzerland","CH","","","Fondazione","2JZ4","Ufficio di revisione","Italian","it","Ufficio di revisione","","","2023-06-28","ACTV","","","","Codice civile svizzero del 10 dicembre 1907 (Stato 1° gennaio 2021) - Art.83b"
"EWZ8HD","Switzerland","CH","","","Fondation","2JZ4","[Membre de] L’organe suprême de la fondation","French","fr","[Membre de] L’organe suprême de la fondation","","","2023-06-28","ACTV","","","","Code civil suisse du 10 décembre 1907 (Etat le 1er janvier 2021) - Art.83b"
"EWZ8HD","Switzerland","CH","","","Stiftung","2JZ4","[Mitglied des] Oberste[n] Stiftungsorgan[s]","German","de","[Mitglied des] Oberste[n] Stiftungsorgan[s]","","","2023-06-28","ACTV","","","","Schweizerisches Zivilgesetzbuch vom 10. Dezember 1907 (Stand am 1. Januar 2021) - Art.83b"
"EWZ8HD","Switzerland","CH","","","Fondazione","2JZ4","[Membro di] l’organo superiore della fondazione","Italian","it","[Membro di] l’organo superiore della fondazione","","","2023-06-28","ACTV","","","","Codice civile svizzero del 10 dicembre 1907 (Stato 1° gennaio 2021) - Art.83b"
"GV4RSJ","Switzerland","CH","","","Société anonyme","MVII","Membre du conseil d’administration","French","fr","Membre du conseil d’administration","","","2023-06-28","ACTV","","","","Loi fédérale complétant le Code civil suisse (Livre cinquième: Droit des obligations) du 30 mars 1911 (Etat le 1er juillet 2021) - Art.707"
"GV4RSJ","Switzerland","CH","","","Aktiengesellschaft","MVII","Mitglied des Verwaltungsrat der Gesellschaft","German","de","Mitglied des Verwaltungsrat der Gesellschaft","","","2023-06-28","ACTV","","","","Bundesgesetz betreffend die Ergänzung des Schweizerischen Zivilgesetzbuches (Fünfter Teil: Obligationenrecht) vom 30. März 1911 (Stand am 1. Juli 2021) - Art.707"
"GV4RSJ","Switzerland","CH","","","Società anonima","MVII","Membro di consiglio d’amministrazione","Italian","it","Membro di consiglio d’amministrazione","","","2023-06-28","ACTV","","","","Legge federale di complemento del Codice civile svizzero (Libro quinto: Diritto delle obbligazioni) del 30 marzo 1911 (Stato 1° luglio 2021) - Art.707"
"HBF4SK","Switzerland","CH","","","Société anonyme","MVII","Représentant indépendant","French","fr","Représentant indépendant","","","2023-06-28","ACTV","","","","Loi fédérale complétant le Code civil suisse (Livre cinquième: Droit des obligations) du 30 mars 1911 (Etat le 1er juillet 2021) - Art.689"
"HBF4SK","Switzerland","CH","","","Aktiengesellschaft","MVII","Unabhängige Stimmrechtsvertrete","German","de","Unabhängige Stimmrechtsvertrete","","","2023-06-28","ACTV","","","","Bundesgesetz betreffend die Ergänzung des Schweizerischen Zivilgesetzbuches (Fünfter Teil: Obligationenrecht) vom 30. März 1911 (Stand am 1. Juli 2021) - Art.689"
"HBF4SK","Switzerland","CH","","","Società anonima","MVII","Rappresentante indipendente","Italian","it","Rappresentante indipendente","","","2023-06-28","ACTV","","","","Legge federale di complemento del Codice civile svizzero (Libro quinto: Diritto delle obbligazioni) del 30 marzo 1911 (Stato 1° luglio 2021) - Art.689"
"HOAP51","Switzerland","CH","","","Société à responsabilité limitée","3EKS","Usufruitier","French","fr","Usufruitier","","","2023-06-28","ACTV","","","","Loi fédérale complétant le Code civil suisse (Livre cinquième: Droit des obligations) du 30 mars 1911 (Etat le 1er juillet 2021) - Art.806b"
"HOAP51","Switzerland","CH","","","Gesellschaft mit beschränkter Haftung","3EKS","Nutzniesser","German","de","Nutzniesser","","","2023-06-28","ACTV","","","","Bundesgesetz betreffend die Ergänzung des Schweizerischen Zivilgesetzbuches (Fünfter Teil: Obligationenrecht) vom 30. März 1911 (Stand am 1. Juli 2021) - Art.806b"
"HOAP51","Switzerland","CH","","","Società a garanzia limitata","3EKS","Usufrutto","Italian","it","Usufrutto","","","2023-06-28","ACTV","","","","Legge federale di complemento del Codice civile svizzero (Libro quinto: Diritto delle obbligazioni) del 30 marzo 1911 (Stato 1° luglio 2021) - Art.806b"
"JYC364","Switzerland","CH","","","Société anonyme","MVII","Curateur","French","fr","Curateur","","","2023-06-28","ACTV","","","","Loi fédérale complétant le Code civil suisse (Livre cinquième: Droit des obligations) du 30 mars 1911 (Etat le 1er juillet 2021) - Art.725a"
"JYC364","Switzerland","CH","","","Aktiengesellschaft","MVII","Sachwalter","German","de","Sachwalter","","","2023-06-28","ACTV","","","","Bundesgesetz betreffend die Ergänzung des Schweizerischen Zivilgesetzbuches (Fünfter Teil: Obligationenrecht) vom 30. März 1911 (Stand am 1. Juli 2021) - Art.725a"
"JYC364","Switzerland","CH","","","Società anonima","MVII","Commissario","Italian","it","Commissario","","","2023-06-28","ACTV","","","","Legge federale di complemento del Codice civile svizzero (Libro quinto: Diritto delle obbligazioni) del 30 marzo 1911 (Stato 1° luglio 2021) - Art.725a"
"MLVNXU","Switzerland","CH","","","Fonds","FLNB","Actionnaire","French","fr","Actionnaire","","","2023-06-28","ACTV","","","","Loi fédérale, sur les placements collectifs de capitaux, (Loi sur les placements collectifs, LPCC), du 23 juin 2006 (Etat le 1er janvier 2020) - Art.41"
"MLVNXU","Switzerland","CH","","","Fonds","FLNB","Unternehmeraktionärinnen und -aktionäre","German","de","Unternehmer Aktionär / Aktionär","","","2023-06-28","ACTV","","","","Bundesgesetz über die kollektiven Kapitalanlagen (Kollektivanlagengesetz, KAG) vom 23. Juni 2006 (Stand am 1. Januar 2020) - Art.41"
"MLVNXU","Switzerland","CH","","","Fondo","FLNB","Azionista","Italian","it","Azionista","","","2023-06-28","ACTV","","","","Legge federale sugli investimenti collettivi di capitale (Legge sugli investimenti collettivi, LICol) del 23 giugno 2006 (Stato 1° gennaio 2020) - Art.41"
"NFHSCS","Switzerland","CH","","","Société à responsabilité limitée","3EKS","Liquidateur","French","fr","Liquidateur","","","2023-06-28","ACTV","","","","Loi fédérale complétant le Code civil suisse (Livre cinquième: Droit des obligations) du 30 mars 1911 (Etat le 1er juillet 2021) - Art.826"
"NFHSCS","Switzerland","CH","","","Gesellschaft mit beschränkter Haftung","3EKS","Liquidator","German","de","Liquidator","","","2023-06-28","ACTV","","","","Bundesgesetz betreffend die Ergänzung des Schweizerischen Zivilgesetzbuches (Fünfter Teil: Obligationenrecht) vom 30. März 1911 (Stand am 1. Juli 2021) - Art.826"
"NFHSCS","Switzerland","CH","","","Società a garanzia limitata","3EKS","Liquidatore","Italian","it","Liquidatore","","","2023-06-28","ACTV","","","","Legge federale di complemento del Codice civile svizzero (Libro quinto: Diritto delle obbligazioni) del 30 marzo 1911 (Stato 1° luglio 2021) - Art.826"
"RSGCDV","Switzerland","CH","","","Société anonyme","MVII","Liquidateur","French","fr","Liquidateur","","","2023-06-28","ACTV","","","","Loi fédérale complétant le Code civil suisse (Livre cinquième: Droit des obligations) du 30 mars 1911 (Etat le 1er juillet 2021) - Art.740"
"RSGCDV","Switzerland","CH","","","Aktiengesellschaft","MVII","Liquidator","German","de","Liquidator","","","2023-06-28","ACTV","","","","Bundesgesetz betreffend die Ergänzung des Schweizerischen Zivilgesetzbuches (Fünfter Teil: Obligationenrecht) vom 30. März 1911 (Stand am 1. Juli 2021) - Art.740"
"RSGCDV","Switzerland","CH","","","Società anonima","MVII","Liquidatore","Italian","it","Liquidatore","","","2023-06-28","ACTV","","","","Legge federale di complemento del Codice civile svizzero (Libro quinto: Diritto delle obbligazioni) del 30 marzo 1911 (Stato 1° luglio 2021) - Art.740"
"S7E6SG","Switzerland","CH","","","Fondation","2JZ4","Fondateur","French","fr","Fondateur","","","2023-06-28","ACTV","","","","Code civil suisse du 10 décembre 1907 (Etat le 1er janvier 2021) - Art.81"
"S7E6SG","Switzerland","CH","","","Stiftung","2JZ4","Stifter","German","de","Stifter","","","2023-06-28","ACTV","","","","Schweizerisches Zivilgesetzbuch vom 10. Dezember 1907 (Stand am 1. Januar 2021) - Art.81"
"S7E6SG","Switzerland","CH","","","Fondazione","2JZ4","Fondatore","Italian","it","Fondatore","","","2023-06-28","ACTV","","","","Codice civile svizzero del 10 dicembre 1907 (Stato 1° gennaio 2021) - Art.81"
"SD3IEC","Switzerland","CH","","","Société anonyme","MVII","Membre d’un organe de la société (Organe)","French","fr","Membre d’un organe de la société (Organe)","","","2023-06-28","ACTV","","","","Loi fédérale complétant le Code civil suisse (Livre cinquième: Droit des obligations) du 30 mars 1911 (Etat le 1er juillet 2021) - Art.689"
"SD3IEC","Switzerland","CH","","","Aktiengesellschaft","MVII","Organvertreter","German","de","Organvertreter","","","2023-06-28","ACTV","","","","Bundesgesetz betreffend die Ergänzung des Schweizerischen Zivilgesetzbuches (Fünfter Teil: Obligationenrecht) vom 30. März 1911 (Stand am 1. Juli 2021) - Art.689"
"SD3IEC","Switzerland","CH","","","Società anonima","MVII","Membro di un organo della società","Italian","it","Membro di un organo della società","","","2023-06-28","ACTV","","","","Legge federale di complemento del Codice civile svizzero (Libro quinto: Diritto delle obbligazioni) del 30 marzo 1911 (Stato 1° luglio 2021) - Art.689"
"SGF5C3","Switzerland","CH","","","Société à responsabilité limitée","3EKS","Fondateur","French","fr","Fondateur","","","2023-06-28","ACTV","","","","Loi fédérale complétant le Code civil suisse (Livre cinquième: Droit des obligations) du 30 mars 1911 (Etat le 1er juillet 2021) - Art.777"
"SGF5C3","Switzerland","CH","","","Gesellschaft mit beschränkter Haftung","3EKS","Grűnder","German","de","Grűnder","","","2023-06-28","ACTV","","","","Bundesgesetz betreffend die Ergänzung des Schweizerischen Zivilgesetzbuches (Fünfter Teil: Obligationenrecht) vom 30. März 1911 (Stand am 1. Juli 2021) - Art.777"
"SGF5C3","Switzerland","CH","","","Società a garanzia limitata","3EKS","Promotoro","Italian","it","Promotoro","","","2023-06-28","ACTV","","","","Legge federale di complemento del Codice civile svizzero (Libro quinto: Diritto delle obbligazioni) del 30 marzo 1911 (Stato 1° luglio 2021) - Art.777"
"SORBMB","Switzerland","CH","","","Société anonyme","MVII","Président","French","fr","Président","","","2023-06-28","ACTV","","","","Loi fédérale complétant le Code civil suisse (Livre cinquième: Droit des obligations) du 30 mars 1911 (Etat le 1er juillet 2021) - Art.712"
"SORBMB","Switzerland","CH","","","Aktiengesellschaft","MVII","Präsident","German","de","Präsident","","","2023-06-28","ACTV","","","","Bundesgesetz betreffend die Ergänzung des Schweizerischen Zivilgesetzbuches (Fünfter Teil: Obligationenrecht) vom 30. März 1911 (Stand am 1. Juli 2021) - Art.712"
"SORBMB","Switzerland","CH","","","Società anonima","MVII","Presidente","Italian","it","Presidente","","","2023-06-28","ACTV","","","","Legge federale di complemento del Codice civile svizzero (Libro quinto: Diritto delle obbligazioni) del 30 marzo 1911 (Stato 1° luglio 2021) - Art.712"
"UXZPKZ","Switzerland","CH","","","Société anonyme","MVII","Fondateur","French","fr","Fondateur","","","2023-06-28","ACTV","","","","Loi fédérale complétant le Code civil suisse (Livre cinquième: Droit des obligations) du 30 mars 1911 (Etat le 1er juillet 2021) - Art.635"
"UXZPKZ","Switzerland","CH","","","Aktiengesellschaft","MVII","Grűnder","German","de","Grűnder","","","2023-06-28","ACTV","","","","Bundesgesetz betreffend die Ergänzung des Schweizerischen Zivilgesetzbuches (Fünfter Teil: Obligationenrecht) vom 30. März 1911 (Stand am 1. Juli 2021) - Art.635"
"UXZPKZ","Switzerland","CH","","","Società anonima","MVII","Promotoro","Italian","it","Promotoro","","","2023-06-28","ACTV","","","","Legge federale di complemento del Codice civile svizzero (Libro quinto: Diritto delle obbligazioni) del 30 marzo 1911 (Stato 1° luglio 2021) - Art.635"
"WE9R0G","Switzerland","CH","","","Société à responsabilité limitée","3EKS","Ayant droit économique","French","fr","Ayant droit économique","","","2023-06-28","ACTV","","","","Loi fédérale complétant le Code civil suisse (Livre cinquième: Droit des obligations) du 30 mars 1911 (Etat le 1er juillet 2021) - Art.790a"
"WE9R0G","Switzerland","CH","","","Gesellschaft mit beschränkter Haftung","3EKS","Wirtschaftlich berechtigte Person","German","de","Wirtschaftlich berechtigte Person","","","2023-06-28","ACTV","","","","Bundesgesetz betreffend die Ergänzung des Schweizerischen Zivilgesetzbuches (Fünfter Teil: Obligationenrecht) vom 30. März 1911 (Stand am 1. Juli 2021) - Art.790a"
"WE9R0G","Switzerland","CH","","","Società a garanzia limitata","3EKS","Avente economicamente diritto","Italian","it","Avente economicamente diritto","","","2023-06-28","ACTV","","","","Legge federale di complemento del Codice civile svizzero (Libro quinto: Diritto delle obbligazioni) del 30 marzo 1911 (Stato 1° luglio 2021) - Art.790a"
"XJGBVH","Switzerland","CH","","","Société anonyme","MVII","Organe de révision","French","fr","Organe de révision","","","2023-06-28","ACTV","","","","Loi fédérale complétant le Code civil suisse (Livre cinquième: Droit des obligations) du 30 mars 1911 (Etat le 1er juillet 2021) - Art.727"
"XJGBVH","Switzerland","CH","","","Aktiengesellschaft","MVII","Revisionsstelle","German","de","Revisionsstelle","","","2023-06-28","ACTV","","","","Bundesgesetz betreffend die Ergänzung des Schweizerischen Zivilgesetzbuches (Fünfter Teil: Obligationenrecht) vom 30. März 1911 (Stand am 1. Juli 2021) - Art.727"
"XJGBVH","Switzerland","CH","","","Società anonima","MVII","Ufficio di revisione","Italian","it","Ufficio di revisione","","","2023-06-28","ACTV","","","","Legge federale di complemento del Codice civile svizzero (Libro quinto: Diritto delle obbligazioni) del 30 marzo 1911 (Stato 1° luglio 2021) - Art.727"
"Y1QHMK","Switzerland","CH","","","Fonds","FLNB","Membre du conseil d’administration","French","fr","Membre du conseil d’administration","","","2023-06-28","ACTV","","","","Loi fédérale, sur les placements collectifs de capitaux, (Loi sur les placements collectifs, LPCC), du 23 juin 2006 (Etat le 1er janvier 2020) - Art.51"
"Y1QHMK","Switzerland","CH","","","Fonds","FLNB","Mitglied von der Verwaltungsrat","German","de","Mitglied von der Verwaltungsrat","","","2023-06-28","ACTV","","","","Bundesgesetz über die kollektiven Kapitalanlagen (Kollektivanlagengesetz, KAG) vom 23. Juni 2006 (Stand am 1. Januar 2020) - Art.51"
"Y1QHMK","Switzerland","CH","","","Fondo","FLNB","Membro di consiglio di amministrazione","Italian","it","Membro di consiglio di amministrazione","","","2023-06-28","ACTV","","","","Legge federale sugli investimenti collettivi di capitale (Legge sugli investimenti collettivi, LICol) del 23 giugno 2006 (Stato 1° gennaio 2020) - Art.51"
"ZLAQ04","Switzerland","CH","","","Société anonyme","MVII","Ayant droit économique","French","fr","Ayant droit économique","","","2023-06-28","ACTV","","","","Loi fédérale complétant le Code civil suisse (Livre cinquième: Droit des obligations) du 30 mars 1911 (Etat le 1er juillet 2021) - Art.697j"
"ZLAQ04","Switzerland","CH","","","Aktiengesellschaft","MVII","Wirtschaftlich berechtigte Person","German","de","Wirtschaftlich berechtigte Person","","","2023-06-28","ACTV","","","","Bundesgesetz betreffend die Ergänzung des Schweizerischen Zivilgesetzbuches (Fünfter Teil: Obligationenrecht) vom 30. März 1911 (Stand am 1. Juli 2021) - Art.697j"
"ZLAQ04","Switzerland","CH","","","Società anonima","MVII","Avente economicamente diritto","Italian","it","Avente economicamente diritto","","","2023-06-28","ACTV","","","","Legge federale di complemento del Codice civile svizzero (Libro quinto: Diritto delle obbligazioni) del 30 marzo 1911 (Stato 1° luglio 2021) - Art.697j"
"ZNTXJT","Switzerland","CH","","","Société anonyme","MVII","Actionnaire","French","fr","Actionnaire","","","2023-06-28","ACTV","","","","Loi fédérale complétant le Code civil suisse (Livre cinquième: Droit des obligations) du 30 mars 1911 (Etat le 1er juillet 2021) - Art.689"
"ZNTXJT","Switzerland","CH","","","Aktiengesellschaft","MVII","Aktionär","German","de","Aktionär","","","2023-06-28","ACTV","","","","Bundesgesetz betreffend die Ergänzung des Schweizerischen Zivilgesetzbuches (Fünfter Teil: Obligationenrecht) vom 30. März 1911 (Stand am 1. Juli 2021) - Art.689"
"ZNTXJT","Switzerland","CH","","","Società anonima","MVII","Azionista","Italian","it","Azionista","","","2023-06-28","ACTV","","","","Legge federale di complemento del Codice civile svizzero (Libro quinto: Diritto delle obbligazioni) del 30 marzo 1911 (Stato 1° luglio 2021) - Art.689"
"BG76UD","United Kingdom","GB","","","Private Limited by Guarantee/No Share Capital","G12F","Secretary","English","en","Secretary","","","2023-06-28","ACTV","","","","Companies Act 2006 - s.12"
"BMXCX3","United Kingdom","GB","","","Private Limited Company","H0PO","Shadow director","English","en","Shadow director","","","2023-06-28","ACTV","","","","Companies Act 2006 - s.157"
"DI1GV9","United Kingdom","GB","","","Public Limited Company","B6ES","Shadow director","English","en","Shadow director","","","2023-06-28","ACTV","","","","Companies Act 2006 - s.157"
"DIUHJM","United Kingdom","GB","","","Private Limited Company","H0PO","Person with significant control","English","en","Person with significant control","PSC","PSC","2023-06-28","ACTV","","","","Companies Act 2006 - Part 21A"
"EU95JU","United Kingdom","GB","","","Private Limited by Guarantee/No Share Capital","G12F","Member","English","en","Member","","","2023-06-28","ACTV","","","","Companies Act 2006 - s.112"
"F7OSXY","United Kingdom","GB","","","Public Limited Company","B6ES","Person with significant control","English","en","Person with significant control","PSC","PSC","2023-06-28","ACTV","","","","Companies Act 2006 - Part 21A"
"FKY9GU","United Kingdom","GB","","","Limited Liability Partnership","Z0EY","Designated member","English","en","Designated member","","","2023-06-28","ACTV","","","","Limited Liability Partnership Act 2000 - s.2"
"IVYF9L","United Kingdom","GB","","","Private Limited by Guarantee/No Share Capital","G12F","Person with significant control","English","en","Person with significant control","PSC","PSC","2023-06-28","ACTV","","","","Companies Act 2006 - Part 21A"
"IWFKSE","United Kingdom","GB","","","Public Limited Company","B6ES","Subscriber","English","en","Subscriber","","","2023-06-28","ACTV","","","","Companies Act 2006 - s.112"
"JKPKHT","United Kingdom","GB","","","Private Limited by Guarantee/No Share Capital","G12F","Director","English","en","Director","","","2023-06-28","ACTV","","","","Companies Act 2006 - s.12"
"K7VXGZ","United Kingdom","GB","","","Public Limited Company","B6ES","Auditor","English","en","Auditor","","","2023-06-28","ACTV","","","","Companies Act 2006 - s.489"
"KGSO0G","United Kingdom","GB","","","Private Limited by Guarantee/No Share Capital","G12F","Shadow director","English","en","Shadow director","","","2023-06-28","ACTV","","","","Companies Act 2006 - s.157"
"L02DFG","United Kingdom","GB","","","Limited Liability Partnership","Z0EY","Member","English","en","Member","","","2023-06-28","ACTV","","","","Limited Liability Partnership Act 2000 - s.2"
"LLUSVP","United Kingdom","GB","","","Public Limited Company","B6ES","Member/shareholder","English","en","Member/shareholder","","","2023-06-28","ACTV","","","","Companies Act 2006 - s.112"
"PKFFIH","United Kingdom","GB","","","Private Limited Company","H0PO","Auditor","English","en","Auditor","","","2023-06-28","ACTV","","","","Companies Act 2006 - s.485"
"QKAYAH","United Kingdom","GB","","","Public Limited Company","B6ES","Secretary","English","en","Secretary","","","2023-06-28","ACTV","","","","Companies Act 2006 - s.12"
"RWQCDJ","United Kingdom","GB","","","Private Limited Company","H0PO","Member/shareholder","English","en","Member/shareholder","","","2023-06-28","ACTV","","","","Companies Act 2006 - s.112"
"S3MHKP","United Kingdom","GB","","","Private Limited by Guarantee/No Share Capital","G12F","Auditor","English","en","Auditor","","","2023-06-28","ACTV","","","","Companies Act 2006 - s.485"
"UDU176","United Kingdom","GB","","","Private Limited Company","H0PO","Director","English","en","Director","","","2023-06-28","ACTV","","","","Companies Act 2006 - s.12"
"V7RKAI","United Kingdom","GB","","","Private Limited Company","H0PO","Secretary","English","en","Secretary","","","2023-06-28","ACTV","","","","Companies Act 2006 - s.12"
"VXSNEB","United Kingdom","GB","","","Public Limited Company","B6ES","Director","English","en","Director","","","2023-06-28","ACTV","","","","Companies Act 2006 - s.12"
"WKICVF","United Kingdom","GB","","","Limited Partnership","ID30","General partner","English","en","General partner","GP","GP","2023-06-28","ACTV","","","","Limited Partnerships Act 1907 - s.4"
"YABZY8","United Kingdom","GB","","","Private Limited Company","H0PO","Subscriber","English","en","Subscriber","","","2023-06-28","ACTV","","","","Companies Act 2006 - s.112"
"ZPFJX7","United Kingdom","GB","","","Limited Partnership","ID30","Limited partner","English","en","Limited partner","LP","LP","2023-06-28","ACTV","","","","Limited Partnerships Act 1907 - s.4"
"0SDYW9","United States of America","US","","","National Bank","62VJ","Shareholder","English","en","Shareholder","","","2023-06-28","ACTV","","","","CFR: Title 12 Volume 1: Chapter I: Part 7: SUBPART B - National Bank Corporate Practices - s.7.2003"
"5KH7EZ","United States of America","US","","","Mutual Savings and Loan Holding Company","Z7ER","Officer","English","en","Officer","","","2023-06-28","ACTV","","","","Code of Federal Regulations (CFR): Title 12 Chapter II Subchapter A Part 238 - SAVINGS AND LOAN HOLDING COMPANIES (REGULATION LL) - s.238.2"
"6ILXH9","United States of America","US","","","Federal Savings Association","380O","Officer","English","en","Officer","","","2023-06-28","ACTV","","","","US Code Title 12 Chapter I Part 161- DEFINITIONS FOR REGULATIONS AFFECTING ALL SAVINGS ASSOCIATIONS - s.161.35"
"6TUU6C","United States of America","US","","","Edge Act Corporation","3MM4","Director","English","en","Director","","","2023-06-28","ACTV","","","","CFR: Title 12 Chapter II Subchapter A Part 211 Subpart A - International Operations of U.S. Banking Organizations - s.211.5"
"7KHGX6","United States of America","US","","","Federal Savings Association","380O","Controlling person","English","en","Controlling person","","","2023-06-28","ACTV","","","","US Code Title 12 Chapter I Part 161- DEFINITIONS FOR REGULATIONS AFFECTING ALL SAVINGS ASSOCIATIONS - s.161.14"
"82HHKL","United States of America","US","","","Federal Savings Association","380O","President","English","en","President","","","2023-06-28","ACTV","","","","US Code Title 12 Chapter I Part 161- DEFINITIONS FOR REGULATIONS AFFECTING ALL SAVINGS ASSOCIATIONS - s.161.35"
"APGQHA","United States of America","US","","","National Bank","62VJ","Director","English","en","Director","","","2023-06-28","ACTV","","","","CFR: Title 12 Volume 1: Chapter I: Part 7: SUBPART B - National Bank Corporate Practices - s.7.2005"
"DO3ULL","United States of America","US","","","National Bank","62VJ","President","English","en","President","","","2023-06-28","ACTV","","","","CFR: Title 12 Volume 1: Chapter I: Part 7: SUBPART B - National Bank Corporate Practices - s.7.2012"
"EDN1SD","United States of America","US","","","Federal Savings Association","380O","Vice-president","English","en","Vice-president","VP","VP","2023-06-28","ACTV","","","","US Code Title 12 Chapter I Part 161- DEFINITIONS FOR REGULATIONS AFFECTING ALL SAVINGS ASSOCIATIONS - s.161.35"
"EHY3DF","United States of America","US","","","Mutual Savings and Loan Holding Company","Z7ER","Principal shareholder","English","en","Principal shareholder","","","2023-06-28","ACTV","","","","Code of Federal Regulations (CFR): Title 12 Chapter II Subchapter A Part 238 - SAVINGS AND LOAN HOLDING COMPANIES (REGULATION LL) - s.238.2"
"ESHOHN","United States of America","US","","","Federal Savings Association","380O","Chairman","English","en","Chairman","","","2023-06-28","ACTV","","","","US Code Title 12 Chapter I Part 161- DEFINITIONS FOR REGULATIONS AFFECTING ALL SAVINGS ASSOCIATIONS - s.161.35"
"EZZJED","United States of America","US","","","Federal Savings Association","380O","Treasurer","English","en","Treasurer","","","2023-06-28","ACTV","","","","US Code Title 12 Chapter I Part 161- DEFINITIONS FOR REGULATIONS AFFECTING ALL SAVINGS ASSOCIATIONS - s.161.35"
"GZOMMG","United States of America","US","","","Federal Savings Association","380O","Comptroller","English","en","Comptroller","","","2023-06-28","ACTV","","","","US Code Title 12 Chapter I Part 161- DEFINITIONS FOR REGULATIONS AFFECTING ALL SAVINGS ASSOCIATIONS - s.161.35"
"H8PJYE","United States of America","US","","","Federal Savings Association","380O","Director","English","en","Director","","","2023-06-28","ACTV","","","","US Code Title 12 Chapter I Part 161- DEFINITIONS FOR REGULATIONS AFFECTING ALL SAVINGS ASSOCIATIONS - s.161.18"
"J8HMKF","United States of America","US","","","National Bank","62VJ","Chairman","English","en","Chairman","","","2023-06-28","ACTV","","","","CFR: Title 12 Volume 1: Chapter I: Part 7: SUBPART B - National Bank Corporate Practices - s.7.2012"
"K5RRKA","United States of America","US","","","Mutual Savings and Loan Holding Company","Z7ER","Controlling shareholder","English","en","Controlling shareholder","","","2023-06-28","ACTV","","","","Code of Federal Regulations (CFR): Title 12 Chapter II Subchapter A Part 238 - SAVINGS AND LOAN HOLDING COMPANIES (REGULATION LL) - s.238.2"
"KX1EB7","United States of America","US","","","Mutual Savings and Loan Holding Company","Z7ER","Director","English","en","Director","","","2023-06-28","ACTV","","","","Code of Federal Regulations (CFR): Title 12 Chapter II Subchapter A Part 238 - SAVINGS AND LOAN HOLDING COMPANIES (REGULATION LL) - s.238.2"
"M4NPTM","United States of America","US","","","National Bank","62VJ","Honorary/advisory director","English","en","Honorary/advisory director","","","2023-06-28","ACTV","","","","CFR: Title 12 Volume 1: Chapter I: Part 7: SUBPART B - National Bank Corporate Practices - s.7.2004"
"N7ITCC","United States of America","US","","","Mutual Savings and Loan Holding Company","Z7ER","Management official","English","en","Management official","","","2023-06-28","ACTV","","","","Code of Federal Regulations (CFR): Title 12 Chapter II Subchapter A Part 238 - SAVINGS AND LOAN HOLDING COMPANIES (REGULATION LL) - s.238.2"
"OQ4JPM","United States of America","US","","","Edge Act Corporation","3MM4","Shareholder","English","en","Shareholder","","","2023-06-28","ACTV","","","","CFR: Title 12 Chapter II Subchapter A Part 211 Subpart A - International Operations of U.S. Banking Organizations - s.211.5"
"OZMM5Y","United States of America","US","","","National Bank","62VJ","Chief Executive Officer","English","en","Chief Executive Officer","CEO","CEO","2023-06-28","ACTV","","","","CFR: Title 12 Volume 1: Chapter I: Part 7: SUBPART B - National Bank Corporate Practices - s.7.2012"
"QX9BU7","United States of America","US","","","National Bank","62VJ","Officer","English","en","Officer","","","2023-06-28","ACTV","","","","CFR: Title 12 Volume 1: Chapter I: Part 7: SUBPART B - National Bank Corporate Practices - s.7.2015"
"SWIXMS","United States of America","US","","","Federal Savings Association","380O","Secretary","English","en","Secretary","","","2023-06-28","ACTV","","","","US Code Title 12 Chapter I Part 161- DEFINITIONS FOR REGULATIONS AFFECTING ALL SAVINGS ASSOCIATIONS - s.161.35"
"W4KOTL","United States of America","US","","","Edge Act Corporation","3MM4","Officer","English","en","Officer","","","2023-06-28","ACTV","","","","CFR: Title 12 Chapter II Subchapter A Part 211 Subpart A - International Operations of U.S. Banking Organizations - s.211.5"
"1PWRCA","United States of America","US","Alabama","US-AL","For-Profit Corporation","HFGV","organizer","English","en","organizer","","","2023-06-28","ACTV","","","","The Code of Alabama 1975: Title 10A: Section 10A-1-1.03"
"5R9B1F","United States of America","US","Alabama","US-AL","For-Profit Corporation","HFGV","incorporator","English","en","incorporator","","","2023-06-28","ACTV","","","","The Code of Alabama 1975: Title 10A: Section 10A-2A-2.01"
"5ZOI3C","United States of America","US","Alabama","US-AL","For-Profit Corporation","HFGV","managerial official","English","en","managerial official","","","2023-06-28","ACTV","","","","The Code of Alabama 1975: Title 10A: Section 10A-1-1.03"
"7EAPAU","United States of America","US","Alabama","US-AL","Limited Liability Company","CWRI","member","English","en","member","","","2023-06-28","ACTV","","","","The Code of Alabama 1975: Title 10A: Ch.5A - known as the Alabama Limited Liability Company Law s.1-02"
"AFLBWS","United States of America","US","Alabama","US-AL","For-Profit Corporation","HFGV","president","English","en","president","Pres.","","2023-06-28","ACTV","","","","The Code of Alabama 1975: Title 10A: Section 10A-1-1.03"
"AGMINC","United States of America","US","Alabama","US-AL","For-Profit Corporation","HFGV","voting trustee","English","en","voting trustee","","","2023-06-28","ACTV","","","","The Code of Alabama 1975: Title 10A: Section 10A-2A-7.30"
"BOPVQA","United States of America","US","Alabama","US-AL","Limited Liability Company","CWRI","qualified person","English","en","qualified person","","","2023-06-28","ACTV","","","","The Code of Alabama 1975: Title 10A: Ch.5A - known as the Alabama Limited Liability Company Law s.1-02"
"DH47UU","United States of America","US","Alabama","US-AL","Limited Liability Company","CWRI","registered agent","English","en","registered agent","","","2023-06-28","ACTV","","","","The Code of Alabama 1975: Title 10A: Ch.5A - known as the Alabama Limited Liability Company Law s.2-01"
"ERNR5Z","United States of America","US","Alabama","US-AL","For-Profit Corporation","HFGV","registered agent","English","en","registered agent","","","2023-06-28","ACTV","","","","The Code of Alabama 1975: Title 10A: Section 10A-1-5.31"
"GWBD8O","United States of America","US","Alabama","US-AL","For-Profit Corporation","HFGV","qualified director","English","en","qualified director","","","2023-06-28","ACTV","","","","The Code of Alabama 1975: Title 10A: Section 10A-2A-1.43"
"HUMNHM","United States of America","US","Alabama","US-AL","For-Profit Corporation","HFGV","receiver","English","en","receiver","","","2023-06-28","ACTV","","","","The Code of Alabama 1975: Title 10A: Section 10A-2A-14.12"
"IFNTRW","United States of America","US","Alabama","US-AL","For-Profit Corporation","HFGV","officer","English","en","officer","","","2023-06-28","ACTV","","","","The Code of Alabama 1975: Title 10A: Section 10A-1-1.03"
"IRHZ5H","United States of America","US","Alabama","US-AL","For-Profit Corporation","HFGV","custodian","English","en","custodian","","","2023-06-28","ACTV","","","","The Code of Alabama 1975: Title 10A: Section 10A-2A-14.12"
"OU6BV0","United States of America","US","Alabama","US-AL","For-Profit Corporation","HFGV","owner","English","en","owner","","","2023-06-28","ACTV","","","","The Code of Alabama 1975: Title 10A: Section 10A-1-1.03"
"QTVZP6","United States of America","US","Alabama","US-AL","For-Profit Corporation","HFGV","treasurer","English","en","treasurer","Treas.","","2023-06-28","ACTV","","","","The Code of Alabama 1975: Title 10A: Section 10A-1-1.03"
"RMTA99","United States of America","US","Alabama","US-AL","Limited Liability Company","CWRI","manager","English","en","manager","Mgr.","","2023-06-28","ACTV","","","","The Code of Alabama 1975: Title 10A: Ch.5A - known as the Alabama Limited Liability Company Law s.4-07"
"TVQH0U","United States of America","US","Alabama","US-AL","For-Profit Corporation","HFGV","director","English","en","director","Dir.","","2023-06-28","ACTV","","","","The Code of Alabama 1975: Title 10A: Section 10A-1-1.03"
"TZM2HL","United States of America","US","Alabama","US-AL","For-Profit Corporation","HFGV","secretary","English","en","secretary","Sec.","","2023-06-28","ACTV","","","","The Code of Alabama 1975: Title 10A: Section 10A-1-1.03"
"UPXO8O","United States of America","US","Alabama","US-AL","For-Profit Corporation","HFGV","vice president","English","en","vice president","V.P., VP","","2023-06-28","ACTV","","","","The Code of Alabama 1975: Title 10A: Section 10A-1-1.03"
"VSCJLY","United States of America","US","Alabama","US-AL","For-Profit Corporation","HFGV","stockholder","English","en","stockholder","","","2023-06-28","ACTV","","","","The Code of Alabama 1975: Title 10A: Section 10A-2A-1.42"
"XLNZRY","United States of America","US","Alabama","US-AL","For-Profit Corporation","HFGV","subscriber","English","en","subscriber","","","2023-06-28","ACTV","","","","The Code of Alabama 1975: Title 10A: Section 10A-1-1.03"
"YVBVUF","United States of America","US","Alabama","US-AL","For-Profit Corporation","HFGV","member","English","en","member","","","2023-06-28","ACTV","","","","The Code of Alabama 1975: Title 10A: Section 10A-1-1.03"
"Z4OAZF","United States of America","US","Alabama","US-AL","Limited Liability Company","CWRI","organizer","English","en","organizer","","","2023-06-28","ACTV","","","","The Code of Alabama 1975: Title 10A: Ch.5A - known as the Alabama Limited Liability Company Law s.2-01"
"1G5GRX","United States of America","US","Alaska","US-AK","Limited Liability Company","D4YS","managing member","English","en","managing member","","","2023-06-28","ACTV","","","","Alaska Statutes 2020: TITLE 10. CORPORATIONS AND ASSOCIATIONS. Chapter 50. Alaska Revised Limited Liability Company Act. Sec. 10.50.135"
"37ZUWP","United States of America","US","Alaska","US-AK","Business Corporation","BRO8","director","English","en","director","Dir.","","2023-06-28","ACTV","","","","Alaska Statutes: Title 10: Ch.6 Alaska Corporations Code - § 10.06.020"
"5FCCRG","United States of America","US","Alaska","US-AK","Business Corporation","BRO8","president","English","en","president","","","2023-06-28","ACTV","","","","Alaska Statutes: Title 10: Ch.6 Alaska Corporations Code - § 10.06.165"
"BAU4BA","United States of America","US","Alaska","US-AK","Business Corporation","BRO8","secretary","English","en","secretary","","","2023-06-28","ACTV","","","","Alaska Statutes: Title 10: Ch.6 Alaska Corporations Code - § 10.06.483"
"BQGIKY","United States of America","US","Alaska","US-AK","Business Corporation","BRO8","incorporator","English","en","incorporator","","","2023-06-28","ACTV","","","","Alaska Statutes: Title 10: Ch.6 Alaska Corporations Code - § 10.06.205"
"ECFEZU","United States of America","US","Alaska","US-AK","Business Corporation","BRO8","shareholder","English","en","shareholder","","","2023-06-28","ACTV","","","","Alaska Statutes: Title 10: Ch.6 Alaska Corporations Code - § 10.06.020"
"GAONNI","United States of America","US","Alaska","US-AK","Business Corporation","BRO8","voting trustee","English","en","voting trustee","","","2023-06-28","ACTV","","","","Alaska Statutes: Title 10: Ch.6 Alaska Corporations Code - § 10.06.425"
"HEEAIZ","United States of America","US","Alaska","US-AK","Business Corporation","BRO8","vice president","English","en","vice president","","","2023-06-28","ACTV","","","","Alaska Statutes: Title 10: Ch.6 Alaska Corporations Code - § 10.06.165"
"HTHOXU","United States of America","US","Alaska","US-AK","Business Corporation","BRO8","subscriber","English","en","subscriber","","","2023-06-28","ACTV","","","","Alaska Statutes: Title 10: Ch.6 Alaska Corporations Code - § 10.06.438"
"I6HA5U","United States of America","US","Alaska","US-AK","Business Corporation","BRO8","officer","English","en","officer","","","2023-06-28","ACTV","","","","Alaska Statutes: Title 10: Ch.6 Alaska Corporations Code - § 10.06.020"
"JTGQLP","United States of America","US","Alaska","US-AK","Business Corporation","BRO8","five percent shareholder","English","en","five percent shareholder","","","2023-06-28","ACTV","","","","Alaska Statutes: Title 10: Ch.6 Alaska Corporations Code - § 10.06.990"
"OBLYG2","United States of America","US","Alaska","US-AK","Limited Liability Company","D4YS","registered agent","English","en","registered agent","","","2023-06-28","ACTV","","","","Alaska Statutes 2020: TITLE 10. CORPORATIONS AND ASSOCIATIONS. Chapter 50. Alaska Revised Limited Liability Company Act. Sec. 10.50.055"
"RHXFDU","United States of America","US","Alaska","US-AK","Business Corporation","BRO8","receiver","English","en","receiver","","","2023-06-28","ACTV","","","","Alaska Statutes: Title 10: Ch.6 Alaska Corporations Code - § 10.06.643"
"RWWXZK","United States of America","US","Alaska","US-AK","Limited Liability Company","D4YS","manager","English","en","manager","Mgr.","","2023-06-28","ACTV","","","","Alaska Statutes 2020: TITLE 10. CORPORATIONS AND ASSOCIATIONS. Chapter 50. Alaska Revised Limited Liability Company Act. Sec. 10.50.075"
"S1C7XY","United States of America","US","Alaska","US-AK","Business Corporation","BRO8","treasurer","English","en","treasurer","","","2023-06-28","ACTV","","","","Alaska Statutes: Title 10: Ch.6 Alaska Corporations Code - § 10.06.483"
"UGABU9","United States of America","US","Alaska","US-AK","Limited Liability Company","D4YS","organizer","English","en","organizer","","","2023-06-28","ACTV","","","","Alaska Statutes 2020: TITLE 10. CORPORATIONS AND ASSOCIATIONS. Chapter 50. Alaska Revised Limited Liability Company Act. Sec. 10.50.070"
"WB2AI8","United States of America","US","Alaska","US-AK","Business Corporation","BRO8","registered agent","English","en","registered agent","","","2023-06-28","ACTV","","","","Alaska Statutes: Title 10: Ch.6 Alaska Corporations Code - § 10.06.150"
"XJ1Z7L","United States of America","US","Alaska","US-AK","Limited Liability Company","D4YS","member","English","en","member","","","2023-06-28","ACTV","","","","Alaska Statutes 2020: TITLE 10. CORPORATIONS AND ASSOCIATIONS. Chapter 50. Alaska Revised Limited Liability Company Act. Sec. 10.50.095"
"A5FOOR","United States of America","US","Arizona","US-AZ","Corporation (Business or for-profit)","FGVH","vice president","English","en","vice president","","","2023-06-28","ACTV","","","","Arizona Revised Statutes: Title 10: § 10-140"
"A5HRHT","United States of America","US","Arizona","US-AZ","Corporation (Business or for-profit)","FGVH","treasurer","English","en","treasurer","","","2023-06-28","ACTV","","","","Arizona Revised Statutes: Title 10: § 10-140"
"AD9ZWW","United States of America","US","Arizona","US-AZ","Corporation (Business or for-profit)","FGVH","officer","English","en","officer","","","2023-06-28","ACTV","","","","Arizona Revised Statutes: Title 10: § 10-840"
"CVKQ5D","United States of America","US","Arizona","US-AZ","Corporation (Business or for-profit)","FGVH","director","English","en","director","","","2023-06-28","ACTV","","","","Arizona Revised Statutes: Title 10: § 10-140"
"D8DHQR","United States of America","US","Arizona","US-AZ","Limited Liability Company","O85W","manager","English","en","manager","Mgr.","","2023-06-28","ACTV","","","","Arizona Revised Statutes: Title 29: Ch 7 - Arizona Limited Liability Company Act 29-3102"
"DRJ7AD","United States of America","US","Arizona","US-AZ","Corporation (Business or for-profit)","FGVH","shareholder","English","en","shareholder","","","2023-06-28","ACTV","","","","Arizona Revised Statutes: Title 10: § 10-140"
"E3ZILJ","United States of America","US","Arizona","US-AZ","Corporation (Business or for-profit)","FGVH","president","English","en","president","","","2023-06-28","ACTV","","","","Arizona Revised Statutes: Title 10: § 10-140"
"K8SFNB","United States of America","US","Arizona","US-AZ","Limited Liability Company","O85W","liquidating agent","English","en","liquidating agent","","","2023-06-28","ACTV","","","","Arizona Revised Statutes: Title 29: Ch 7 - Arizona Limited Liability Company Act 29-3702"
"LFEJQO","United States of America","US","Arizona","US-AZ","Corporation (Business or for-profit)","FGVH","statutory agent","English","en","statutory agent","","","2023-06-28","ACTV","","","","Arizona Revised Statutes: Title 10: § 10-501"
"MSN9V1","United States of America","US","Arizona","US-AZ","Corporation (Business or for-profit)","FGVH","subscriber","English","en","subscriber","","","2023-06-28","ACTV","","","","Arizona Revised Statutes: Title 10: § 10-140"
"OWQ9WI","United States of America","US","Arizona","US-AZ","Corporation (Business or for-profit)","FGVH","incorporator","English","en","incorporator","","","2023-06-28","ACTV","","","","Arizona Revised Statutes: Title 10: § 10-201"
"OYQ5S9","United States of America","US","Arizona","US-AZ","Limited Liability Company","O85W","member","English","en","member","","","2023-06-28","ACTV","","","","Arizona Revised Statutes: Title 29: Ch 7 - Arizona Limited Liability Company Act 29-3102"
"PMNKNM","United States of America","US","Arizona","US-AZ","Corporation (Business or for-profit)","FGVH","voting trustee","English","en","voting trustee","","","2023-06-28","ACTV","","","","Arizona Revised Statutes: Title 10: § 10-730"
"RLHENI","United States of America","US","Arizona","US-AZ","Corporation (Business or for-profit)","FGVH","assistant officer","English","en","assistant officer","","","2023-06-28","ACTV","","","","Arizona Revised Statutes: Title 10: § 10-840"
"UUCOPV","United States of America","US","Arizona","US-AZ","Corporation (Business or for-profit)","FGVH","secretary","English","en","secretary","","","2023-06-28","ACTV","","","","Arizona Revised Statutes: Title 10: § 10-140"
"XU6KQ5","United States of America","US","Arizona","US-AZ","Limited Liability Company","O85W","statutory agent","English","en","statutory agent","","","2023-06-28","ACTV","","","","Arizona Revised Statutes: Title 29: Ch 7 - Arizona Limited Liability Company Act 29-3102"
"YI3QZW","United States of America","US","Arizona","US-AZ","Limited Liability Company","O85W","organizer","English","en","organizer","","","2023-06-28","ACTV","","","","Arizona Revised Statutes: Title 29: Ch 7 - Arizona Limited Liability Company Act 29-3102"
"ZIVL5Q","United States of America","US","Arizona","US-AZ","Corporation (Business or for-profit)","FGVH","receiver","English","en","receiver","","","2023-06-28","ACTV","","","","Arizona Revised Statutes: Title 10: § 10-1432"
"4GEHFX","United States of America","US","Arkansas","US-AR","For-Profit Corporation","EJX1","member of the executive committee","English","en","member of the executive committee","","","2023-06-28","ACTV","","","","Arkansas Code: Title 4: Subtitle 3: Ch.26 - Arkansas Business Corporation Act 4-26-808"
"64PBD8","United States of America","US","Arkansas","US-AR","For-Profit Corporation","EJX1","secretary","English","en","secretary","Sec.","","2023-06-28","ACTV","","","","Arkansas Code: Title 4: Subtitle 3: Ch.26 - Arkansas Business Corporation Act 4-26-812"
"C7EICS","United States of America","US","Arkansas","US-AR","Limited Liability Company","M4FO","member","English","en","member","","","2023-06-28","ACTV","","","","Arkansas Code: Title 4: Subtitle 3: Ch.37 - Uniform Limited Liability Company Act 4-37-102"
"EOFTN9","United States of America","US","Arkansas","US-AR","Limited Liability Company","M4FO","registered agent","English","en","registered agent","","","2023-06-28","ACTV","","","","Arkansas Code: Title 4: Subtitle 3: Ch.37 - Uniform Limited Liability Company Act 4-37-203"
"G4J0XB","United States of America","US","Arkansas","US-AR","Limited Liability Company","M4FO","protected-series manager","English","en","protected-series manager","","","2023-06-28","ACTV","","","","Arkansas Code: Title 4: Subtitle 3: Ch.37 - Uniform Limited Liability Company Act 4-37-106"
"KROBFL","United States of America","US","Arkansas","US-AR","For-Profit Corporation","EJX1","subscriber","English","en","subscriber","","","2023-06-28","ACTV","","","","Arkansas Code: Title 4: Subtitle 3: Ch.26 - Arkansas Business Corporation Act 4-26-102"
"MBJOFN","United States of America","US","Arkansas","US-AR","For-Profit Corporation","EJX1","vice-president","English","en","vice-president","VP","","2023-06-28","ACTV","","","","Arkansas Code: Title 4: Subtitle 3: Ch.26 - Arkansas Business Corporation Act 4-26-812"
"MI9Y3E","United States of America","US","Arkansas","US-AR","For-Profit Corporation","EJX1","director","English","en","director","Dir.","","2023-06-28","ACTV","","","","Arkansas Code: Title 4: Subtitle 3: Ch.26 - Arkansas Business Corporation Act 4-26-202"
"OC3FQ4","United States of America","US","Arkansas","US-AR","For-Profit Corporation","EJX1","treasurer","English","en","treasurer","Treas.","","2023-06-28","ACTV","","","","Arkansas Code: Title 4: Subtitle 3: Ch.26 - Arkansas Business Corporation Act 4-26-812"
"PTTLS0","United States of America","US","Arkansas","US-AR","For-Profit Corporation","EJX1","incorporator","English","en","incorporator","","","2023-06-28","ACTV","","","","Arkansas Code: Title 4: Subtitle 3: Ch.26 - Arkansas Business Corporation Act 4-26-201"
"SBKDJB","United States of America","US","Arkansas","US-AR","Limited Liability Company","M4FO","associated member","English","en","associated member","","","2023-06-28","ACTV","","","","Arkansas Code: Title 4: Subtitle 3: Ch.37 - Uniform Limited Liability Company Act 4-37-302"
"V3DCQ0","United States of America","US","Arkansas","US-AR","Limited Liability Company","M4FO","manager","English","en","manager","Mgr.","","2023-06-28","ACTV","","","","Arkansas Code: Title 4: Subtitle 3: Ch.37 - Uniform Limited Liability Company Act 4-37-102"
"X3ATXH","United States of America","US","Arkansas","US-AR","For-Profit Corporation","EJX1","president","English","en","president","Pres.","","2023-06-28","ACTV","","","","Arkansas Code: Title 4: Subtitle 3: Ch.26 - Arkansas Business Corporation Act 4-26-812"
"Y6FLGL","United States of America","US","Arkansas","US-AR","For-Profit Corporation","EJX1","shareholder","English","en","shareholder","","","2023-06-28","ACTV","","","","Arkansas Code: Title 4: Subtitle 3: Ch.26 - Arkansas Business Corporation Act 4-26-102"
"1MJZEJ","United States of America","US","California","US-CA","For-Profit Corporation General Stock","H1UM","General manager","English","en","General manager","GM","GM","2023-06-28","ACTV","","","","CORPORATIONS CODE - CORP TITLE 1. CORPORATIONS [100 - 14631] ( Title 1 enacted by Stats. 1947, Ch. 1038. ) DIVISION 1. GENERAL CORPORATION LAW [100 - 2319] - s.312"
"1NMZOS","United States of America","US","California","US-CA","Limited Liability Company","EI4J","Initial member","English","en","Initial member","","","2023-06-28","ACTV","","","","CORPORATIONS CODE - CORP TITLE 2.6. CALIFORNIA REVISED UNIFORM LIMITED LIABILITY COMPANY ACT [17701.01 - 17713.13] - s.17701.11"
"7KUUVL","United States of America","US","California","US-CA","Limited Liability Company","EI4J","Chief executive officer","English","en","Chief executive officer","CEO","CEO","2023-06-28","ACTV","","","","CORPORATIONS CODE - CORP TITLE 2.6. CALIFORNIA REVISED UNIFORM LIMITED LIABILITY COMPANY ACT [17701.01 - 17713.13] - s.17702.09"
"9KN8D0","United States of America","US","California","US-CA","For-Profit Corporation General Stock","H1UM","Corporate agent","English","en","Corporate agent","","","2023-06-28","ACTV","","","","CORPORATIONS CODE - CORP TITLE 1. CORPORATIONS [100 - 14631] ( Title 1 enacted by Stats. 1947, Ch. 1038. ) DIVISION 1. GENERAL CORPORATION LAW [100 - 2319] - s.1701"
"CDK6QZ","United States of America","US","California","US-CA","For-Profit Corporation General Stock","H1UM","Chief financial officer","English","en","Chief financial officer","CFO","CFO","2023-06-28","ACTV","","","","CORPORATIONS CODE - CORP TITLE 1. CORPORATIONS [100 - 14631] ( Title 1 enacted by Stats. 1947, Ch. 1038. ) DIVISION 1. GENERAL CORPORATION LAW [100 - 2319] - s.313"
"FHVHYV","United States of America","US","California","US-CA","Limited Liability Company","EI4J","Transfer agent","English","en","Transfer agent","","","2023-06-28","ACTV","","","","CORPORATIONS CODE - CORP TITLE 2.6. CALIFORNIA REVISED UNIFORM LIMITED LIABILITY COMPANY ACT [17701.01 - 17713.13] - s.17704.07"
"GCDGOU","United States of America","US","California","US-CA","For-Profit Corporation General Stock","H1UM","President","English","en","President","","","2023-06-28","ACTV","","","","CORPORATIONS CODE - CORP TITLE 1. CORPORATIONS [100 - 14631] ( Title 1 enacted by Stats. 1947, Ch. 1038. ) DIVISION 1. GENERAL CORPORATION LAW [100 - 2319] - s.305"
"GQQKIS","United States of America","US","California","US-CA","For-Profit Corporation General Stock","H1UM","Assistant secretary","English","en","Assistant secretary","","","2023-06-28","ACTV","","","","CORPORATIONS CODE - CORP TITLE 1. CORPORATIONS [100 - 14631] ( Title 1 enacted by Stats. 1947, Ch. 1038. ) DIVISION 1. GENERAL CORPORATION LAW [100 - 2319] - s.313"
"GVY9NS","United States of America","US","California","US-CA","Limited Liability Company","EI4J","Chairperson","English","en","Chairperson","","","2023-06-28","ACTV","","","","CORPORATIONS CODE - CORP TITLE 2.6. CALIFORNIA REVISED UNIFORM LIMITED LIABILITY COMPANY ACT [17701.01 - 17713.13] - s.17704.07"
"GVYBYE","United States of America","US","California","US-CA","For-Profit Corporation General Stock","H1UM","Officer","English","en","Officer","","","2023-06-28","ACTV","","","","CORPORATIONS CODE - CORP TITLE 1. CORPORATIONS [100 - 14631] ( Title 1 enacted by Stats. 1947, Ch. 1038. ) DIVISION 1. GENERAL CORPORATION LAW [100 - 2319] - s.312"
"HJVPKM","United States of America","US","California","US-CA","Limited Liability Company","EI4J","Chief financial officer","English","en","Chief financial officer","CFO","CFO","2023-06-28","ACTV","","","","CORPORATIONS CODE - CORP TITLE 2.6. CALIFORNIA REVISED UNIFORM LIMITED LIABILITY COMPANY ACT [17701.01 - 17713.13] - s.17704.07"
"KVOPEJ","United States of America","US","California","US-CA","For-Profit Corporation General Stock","H1UM","Vice president","English","en","Vice president","VP","VP","2023-06-28","ACTV","","","","CORPORATIONS CODE - CORP TITLE 1. CORPORATIONS [100 - 14631] ( Title 1 enacted by Stats. 1947, Ch. 1038. ) DIVISION 1. GENERAL CORPORATION LAW [100 - 2319] - s.307"
"MA2N6O","United States of America","US","California","US-CA","Limited Liability Company","EI4J","Assistant treasurer","English","en","Assistant treasurer","","","2023-06-28","ACTV","","","","CORPORATIONS CODE - CORP TITLE 2.6. CALIFORNIA REVISED UNIFORM LIMITED LIABILITY COMPANY ACT [17701.01 - 17713.13] - s.17704.07"
"NEHQI2","United States of America","US","California","US-CA","For-Profit Corporation General Stock","H1UM","Secretary","English","en","Secretary","","","2023-06-28","ACTV","","","","CORPORATIONS CODE - CORP TITLE 1. CORPORATIONS [100 - 14631] ( Title 1 enacted by Stats. 1947, Ch. 1038. ) DIVISION 1. GENERAL CORPORATION LAW [100 - 2319] - s.305"
"NNBOSK","United States of America","US","California","US-CA","Limited Liability Company","EI4J","Organizer","English","en","Organizer","","","2023-06-28","ACTV","","","","CORPORATIONS CODE - CORP TITLE 2.6. CALIFORNIA REVISED UNIFORM LIMITED LIABILITY COMPANY ACT [17701.01 - 17713.13] - s.17702.01"
"OKTQOF","United States of America","US","California","US-CA","For-Profit Corporation General Stock","H1UM","Transfer agent","English","en","Transfer agent","","","2023-06-28","ACTV","","","","CORPORATIONS CODE - CORP TITLE 1. CORPORATIONS [100 - 14631] ( Title 1 enacted by Stats. 1947, Ch. 1038. ) DIVISION 1. GENERAL CORPORATION LAW [100 - 2319] - s.601"
"OLAQEA","United States of America","US","California","US-CA","Limited Partnership","5HQ4","General partner","English","en","General partner","GP","GP","2023-06-28","ACTV","","","","CORPORATIONS CODE - CORP TITLE 2. PARTNERSHIPS [15800 - 16962] ( Title 2 added by Stats. 1949, Ch. 383. ) CHAPTER 4.5. Uniform Limited Partnership Act of 2008 [15900 - 15912.07] s.15501"
"POOUXF","United States of America","US","California","US-CA","Limited Liability Company","EI4J","Assistant secretary","English","en","Assistant secretary","","","2023-06-28","ACTV","","","","CORPORATIONS CODE - CORP TITLE 2.6. CALIFORNIA REVISED UNIFORM LIMITED LIABILITY COMPANY ACT [17701.01 - 17713.13] - s.17704.07"
"PPPBAE","United States of America","US","California","US-CA","For-Profit Corporation General Stock","H1UM","Provisional director","English","en","Provisional director","","","2023-06-28","ACTV","","","","CORPORATIONS CODE - CORP TITLE 1. CORPORATIONS [100 - 14631] ( Title 1 enacted by Stats. 1947, Ch. 1038. ) DIVISION 1. GENERAL CORPORATION LAW [100 - 2319] - s.308"
"Q3AWB0","United States of America","US","California","US-CA","For-Profit Corporation General Stock","H1UM","Chief executive officer","English","en","Chief executive officer","CEO","CEO","2023-06-28","ACTV","","","","CORPORATIONS CODE - CORP TITLE 1. CORPORATIONS [100 - 14631] ( Title 1 enacted by Stats. 1947, Ch. 1038. ) DIVISION 1. GENERAL CORPORATION LAW [100 - 2319] - s.312"
"QJDNUB","United States of America","US","California","US-CA","For-Profit Corporation General Stock","H1UM","Agent","English","en","Agent","","","2023-06-28","ACTV","","","","CORPORATIONS CODE - CORP TITLE 1. CORPORATIONS [100 - 14631] ( Title 1 enacted by Stats. 1947, Ch. 1038. ) DIVISION 1. GENERAL CORPORATION LAW [100 - 2319] - s.317"
"S5TZWT","United States of America","US","California","US-CA","Limited Liability Company","EI4J","Officer","English","en","Officer","","","2023-06-28","ACTV","","","","CORPORATIONS CODE - CORP TITLE 2.6. CALIFORNIA REVISED UNIFORM LIMITED LIABILITY COMPANY ACT [17701.01 - 17713.13] - s.17704.01"
"UBHCQQ","United States of America","US","California","US-CA","Limited Liability Company","EI4J","President","English","en","President","","","2023-06-28","ACTV","","","","CORPORATIONS CODE - CORP TITLE 2.6. CALIFORNIA REVISED UNIFORM LIMITED LIABILITY COMPANY ACT [17701.01 - 17713.13] - s.17704.07"
"UDEF8T","United States of America","US","California","US-CA","Limited Liability Company","EI4J","Agent","English","en","Agent","","","2023-06-28","ACTV","","","","CORPORATIONS CODE - CORP TITLE 2.6. CALIFORNIA REVISED UNIFORM LIMITED LIABILITY COMPANY ACT [17701.01 - 17713.13] - s.17704.08"
"V2HBTX","United States of America","US","California","US-CA","Limited Liability Company","EI4J","Manager","English","en","Manager","","","2023-06-28","ACTV","","","","CORPORATIONS CODE - CORP TITLE 2.6. CALIFORNIA REVISED UNIFORM LIMITED LIABILITY COMPANY ACT [17701.01 - 17713.13] - s.17701.06"
"V2Z0PX","United States of America","US","California","US-CA","For-Profit Corporation General Stock","H1UM","Incorporator","English","en","Incorporator","","","2023-06-28","ACTV","","","","CORPORATIONS CODE - CORP TITLE 1. CORPORATIONS [100 - 14631] ( Title 1 enacted by Stats. 1947, Ch. 1038. ) DIVISION 1. GENERAL CORPORATION LAW [100 - 2319] - s.210"
"VC6W4R","United States of America","US","California","US-CA","Limited Liability Company","EI4J","Member","English","en","Member","","","2023-06-28","ACTV","","","","CORPORATIONS CODE - CORP TITLE 2.6. CALIFORNIA REVISED UNIFORM LIMITED LIABILITY COMPANY ACT [17701.01 - 17713.13] - s.17701.06"
"WC0DHA","United States of America","US","California","US-CA","Limited Liability Company","EI4J","Secretary","English","en","Secretary","","","2023-06-28","ACTV","","","","CORPORATIONS CODE - CORP TITLE 2.6. CALIFORNIA REVISED UNIFORM LIMITED LIABILITY COMPANY ACT [17701.01 - 17713.13] - s.17704.07"
"WCARQ2","United States of America","US","California","US-CA","Limited Liability Company","EI4J","Vice president","English","en","Vice president","VP","VP","2023-06-28","ACTV","","","","CORPORATIONS CODE - CORP TITLE 2.6. CALIFORNIA REVISED UNIFORM LIMITED LIABILITY COMPANY ACT [17701.01 - 17713.13] - s.17704.07"
"WRMU1X","United States of America","US","California","US-CA","For-Profit Corporation General Stock","H1UM","Director","English","en","Director","","","2023-06-28","ACTV","","","","CORPORATIONS CODE - CORP TITLE 1. CORPORATIONS [100 - 14631] ( Title 1 enacted by Stats. 1947, Ch. 1038. ) DIVISION 1. GENERAL CORPORATION LAW [100 - 2319] - s.164"
"WW2U41","United States of America","US","California","US-CA","Limited Liability Company","EI4J","Transferee","English","en","Transferee","","","2023-06-28","ACTV","","","","CORPORATIONS CODE - CORP TITLE 2.6. CALIFORNIA REVISED UNIFORM LIMITED LIABILITY COMPANY ACT [17701.01 - 17713.13] - s.17701.13"
"XGUNTG","United States of America","US","California","US-CA","Limited Partnership","5HQ4","Limited partner","English","en","Limited partner","LP","LP","2023-06-28","ACTV","","","","CORPORATIONS CODE - CORP TITLE 2. PARTNERSHIPS [15800 - 16962] ( Title 2 added by Stats. 1949, Ch. 383. ) CHAPTER 4.5. Uniform Limited Partnership Act of 2008 [15900 - 15912.07] s.15501"
"XJ3VXN","United States of America","US","California","US-CA","For-Profit Corporation General Stock","H1UM","Independent auditor","English","en","Independent auditor","","","2023-06-28","ACTV","","","","CORPORATIONS CODE - CORP TITLE 1. CORPORATIONS [100 - 14631] ( Title 1 enacted by Stats. 1947, Ch. 1038. ) DIVISION 1. GENERAL CORPORATION LAW [100 - 2319] - s.1502.1"
"XNCQNZ","United States of America","US","California","US-CA","For-Profit Corporation General Stock","H1UM","Director from an underrepresented community","English","en","Director from an underrepresented community","","","2023-06-28","ACTV","","","","CORPORATIONS CODE - CORP TITLE 1. CORPORATIONS [100 - 14631] ( Title 1 enacted by Stats. 1947, Ch. 1038. ) DIVISION 1. GENERAL CORPORATION LAW [100 - 2319] - s.301.4"
"XSV3PP","United States of America","US","California","US-CA","For-Profit Corporation General Stock","H1UM","Chairperson (chair/chairwoman/chairman)","English","en","Chairperson (chair/chairwoman/chairman)","","","2023-06-28","ACTV","","","","CORPORATIONS CODE - CORP TITLE 1. CORPORATIONS [100 - 14631] ( Title 1 enacted by Stats. 1947, Ch. 1038. ) DIVISION 1. GENERAL CORPORATION LAW [100 - 2319] - s.305"
"XZPM6T","United States of America","US","California","US-CA","Limited Liability Company","EI4J","Agent for service of process","English","en","Agent for service of process","","","2023-06-28","ACTV","","","","CORPORATIONS CODE - CORP TITLE 2.6. CALIFORNIA REVISED UNIFORM LIMITED LIABILITY COMPANY ACT [17701.01 - 17713.13] - s.17701.13"
"ZGQQVB","United States of America","US","California","US-CA","For-Profit Corporation General Stock","H1UM","Shareholder","English","en","Shareholder","","","2023-06-28","ACTV","","","","CORPORATIONS CODE - CORP TITLE 1. CORPORATIONS [100 - 14631] ( Title 1 enacted by Stats. 1947, Ch. 1038. ) DIVISION 1. GENERAL CORPORATION LAW [100 - 2319] - s.185"
"ZO4LJG","United States of America","US","California","US-CA","For-Profit Corporation General Stock","H1UM","Transferee","English","en","Transferee","","","2023-06-28","ACTV","","","","CORPORATIONS CODE - CORP TITLE 1. CORPORATIONS [100 - 14631] ( Title 1 enacted by Stats. 1947, Ch. 1038. ) DIVISION 1. GENERAL CORPORATION LAW [100 - 2319] - s.300"
"ZQZYHE","United States of America","US","California","US-CA","For-Profit Corporation General Stock","H1UM","Assistant treasurer","English","en","Assistant treasurer","","","2023-06-28","ACTV","","","","CORPORATIONS CODE - CORP TITLE 1. CORPORATIONS [100 - 14631] ( Title 1 enacted by Stats. 1947, Ch. 1038. ) DIVISION 1. GENERAL CORPORATION LAW [100 - 2319] - s.313"
"3DV32W","United States of America","US","Colorado","US-CO","For-Profit Corporation","OWR6","custodian","English","en","custodian","","","2023-06-28","ACTV","","","","Colorado Revised Statutes: Title 7: Colorado Business Corporations Act 7-114-303"
"3JPCQV","United States of America","US","Colorado","US-CO","For-Profit Corporation","OWR6","secretary","English","en","secretary","Sec.","","2023-06-28","ACTV","","","","Colorado Revised Statutes: Title 7: Colorado Business Corporations Act 7-101-401"
"5FO5CW","United States of America","US","Colorado","US-CO","For-Profit Corporation","OWR6","incorporator","English","en","incorporator","","","2023-06-28","ACTV","","","","Colorado Revised Statutes: Title 7: Colorado Business Corporations Act 7-102-101"
"5U6NJS","United States of America","US","Colorado","US-CO","Limited Liability Company","L10T","registered agent","English","en","registered agent","","","2023-06-28","ACTV","","","","Colorado Revised Statutes: Title 7: Art.80 - Colorado Limited Liability Company Act 7-80-204"
"8AIHL5","United States of America","US","Colorado","US-CO","For-Profit Corporation","OWR6","director","English","en","director","Dir.","","2023-06-28","ACTV","","","","Colorado Revised Statutes: Title 7: Colorado Business Corporations Act 7-102-106"
"A4ICID","United States of America","US","Colorado","US-CO","Limited Liability Company","L10T","member","English","en","member","","","2023-06-28","ACTV","","","","Colorado Revised Statutes: Title 7: Art.80 - Colorado Limited Liability Company Act 7-80-102"
"C40CWX","United States of America","US","Colorado","US-CO","Limited Liability Company","L10T","receiver","English","en","receiver","","","2023-06-28","ACTV","","","","Colorado Revised Statutes: Title 7: Art.80 - Colorado Limited Liability Company Act 7-80-811"
"CF0B6Z","United States of America","US","Colorado","US-CO","For-Profit Corporation","OWR6","receiver","English","en","receiver","","","2023-06-28","ACTV","","","","Colorado Revised Statutes: Title 7: Colorado Business Corporations Act 7-114-303"
"FIVQWJ","United States of America","US","Colorado","US-CO","Limited Liability Company","L10T","manager","English","en","manager","Mgr.","","2023-06-28","ACTV","","","","Colorado Revised Statutes: Title 7: Art.80 - Colorado Limited Liability Company Act 7-80-102"
"KDWDCY","United States of America","US","Colorado","US-CO","For-Profit Corporation","OWR6","beneficial owner","English","en","beneficial owner","","","2023-06-28","ACTV","","","","Colorado Revised Statutes: Title 7: Colorado Business Corporations Act 7-101-401"
"MZ87LY","United States of America","US","Colorado","US-CO","Limited Liability Company","L10T","officer","English","en","officer","","","2023-06-28","ACTV","","","","Colorado Revised Statutes: Title 7: Art.80 - Colorado Limited Liability Company Act 7-80-403"
"QQUROY","United States of America","US","Colorado","US-CO","For-Profit Corporation","OWR6","registered agent","English","en","registered agent","","","2023-06-28","ACTV","","","","Colorado Revised Statutes: Title 7: Colorado Business Corporations Act 7-105-101"
"RLMD1U","United States of America","US","Colorado","US-CO","For-Profit Corporation","OWR6","subscriber","English","en","subscriber","","","2023-06-28","ACTV","","","","Colorado Revised Statutes: Title 7: Colorado Business Corporations Act 7-101-401"
"SUMOAM","United States of America","US","Colorado","US-CO","Limited Liability Company","L10T","custodian","English","en","custodian","","","2023-06-28","ACTV","","","","Colorado Revised Statutes: Title 7: Art.80 - Colorado Limited Liability Company Act 7-80-811"
"UD5TDY","United States of America","US","Colorado","US-CO","For-Profit Corporation","OWR6","shareholder","English","en","shareholder","","","2023-06-28","ACTV","","","","Colorado Revised Statutes: Title 7: Colorado Business Corporations Act 7-101-401"
"XM2CFI","United States of America","US","Colorado","US-CO","For-Profit Corporation","OWR6","officer","English","en","officer","","","2023-06-28","ACTV","","","","Colorado Revised Statutes: Title 7: Colorado Business Corporations Act 7-108-301"
"372YPQ","United States of America","US","Connecticut","US-CT","Limited Liability Company","Y182","member","English","en","member","","","2023-06-28","ACTV","","","","General Statutes of Connecticut: Title 34: CHAPTER 613a UNIFORM LIMITED LIABILITY COMPANY ACT Sec. 34-243a"
"5EB5MR","United States of America","US","Connecticut","US-CT","Stock Corporation","JKOT","president","English","en","president","","","2023-06-28","ACTV","","","","General Statutes of Connecticut: Title 33: Ch.601 Connecticut Business Corporation Act - Sec. 33-608"
"82WBMB","United States of America","US","Connecticut","US-CT","Stock Corporation","JKOT","secretary","English","en","secretary","","","2023-06-28","ACTV","","","","General Statutes of Connecticut: Title 33: Ch.601 Connecticut Business Corporation Act - Sec. 33-602"
"AES3O0","United States of America","US","Connecticut","US-CT","Stock Corporation","JKOT","director","English","en","director","","","2023-06-28","ACTV","","","","General Statutes of Connecticut: Title 33: Ch.601 Connecticut Business Corporation Act - Sec. 33-735"
"ASYOGB","United States of America","US","Connecticut","US-CT","Stock Corporation","JKOT","beneficial shareholder","English","en","beneficial shareholder","","","2023-06-28","ACTV","","","","General Statutes of Connecticut: Title 33: Ch.601 Connecticut Business Corporation Act - Sec. 33-602"
"EIQTOT","United States of America","US","Connecticut","US-CT","Stock Corporation","JKOT","custodian","English","en","custodian","","","2023-06-28","ACTV","","","","General Statutes of Connecticut: Title 33: Ch.601 Connecticut Business Corporation Act - Sec. 33-868"
"EJ4GYM","United States of America","US","Connecticut","US-CT","Limited Liability Company","Y182","organizer","English","en","organizer","","","2023-06-28","ACTV","","","","General Statutes of Connecticut: Title 34: CHAPTER 613a UNIFORM LIMITED LIABILITY COMPANY ACT Sec. 34-243a"
"HSVU5G","United States of America","US","Connecticut","US-CT","Limited Liability Company","Y182","manager","English","en","manager","Mgr.","","2023-06-28","ACTV","","","","General Statutes of Connecticut: Title 34: CHAPTER 613a UNIFORM LIMITED LIABILITY COMPANY ACT Sec. 34-243a"
"MMRVQR","United States of America","US","Connecticut","US-CT","Stock Corporation","JKOT","chairman","English","en","chairman","","","2023-06-28","ACTV","","","","General Statutes of Connecticut: Title 33: Ch.601 Connecticut Business Corporation Act - Sec. 33-608"
"PL4VBY","United States of America","US","Connecticut","US-CT","Stock Corporation","JKOT","voting trustee","English","en","voting trustee","","","2023-06-28","ACTV","","","","General Statutes of Connecticut: Title 33: Ch.601 Connecticut Business Corporation Act - Sec. 33-715"
"Q3ERLN","United States of America","US","Connecticut","US-CT","Limited Liability Company","Y182","officer","English","en","officer","","","2023-06-28","ACTV","","","","General Statutes of Connecticut: Title 34: CHAPTER 613a UNIFORM LIMITED LIABILITY COMPANY ACT Sec. 34-255g"
"SPQCON","United States of America","US","Connecticut","US-CT","Stock Corporation","JKOT","interest holder","English","en","interest holder","","","2023-06-28","ACTV","","","","General Statutes of Connecticut: Title 33: Ch.601 Connecticut Business Corporation Act - Sec. 33-673a/b"
"TYK8MD","United States of America","US","Connecticut","US-CT","Stock Corporation","JKOT","vice president","English","en","vice president","","","2023-06-28","ACTV","","","","General Statutes of Connecticut: Title 33: Ch.601 Connecticut Business Corporation Act - Sec. 33-624"
"U6XPPN","United States of America","US","Connecticut","US-CT","Stock Corporation","JKOT","registered agent","English","en","registered agent","","","2023-06-28","ACTV","","","","General Statutes of Connecticut: Title 33: Ch.601 Connecticut Business Corporation Act - Sec. 33-660"
"UFTXA0","United States of America","US","Connecticut","US-CT","Stock Corporation","JKOT","receiver","English","en","receiver","","","2023-06-28","ACTV","","","","General Statutes of Connecticut: Title 33: Ch.601 Connecticut Business Corporation Act - Sec. 33-868"
"V4HKIO","United States of America","US","Connecticut","US-CT","Stock Corporation","JKOT","subscriber","English","en","subscriber","","","2023-06-28","ACTV","","","","General Statutes of Connecticut: Title 33: Ch.601 Connecticut Business Corporation Act - Sec. 33-602"
"W64FU9","United States of America","US","Connecticut","US-CT","Stock Corporation","JKOT","incorporator","English","en","incorporator","","","2023-06-28","ACTV","","","","General Statutes of Connecticut: Title 33: Ch.601 Connecticut Business Corporation Act - Sec. 33-635"
"WK9LMU","United States of America","US","Connecticut","US-CT","Stock Corporation","JKOT","qualified director","English","en","qualified director","","","2023-06-28","ACTV","","","","General Statutes of Connecticut: Title 33: Ch.601 Connecticut Business Corporation Act - Sec. 33-602"
"WTPQDH","United States of America","US","Connecticut","US-CT","Stock Corporation","JKOT","officer","English","en","officer","","","2023-06-28","ACTV","","","","General Statutes of Connecticut: Title 33: Ch.601 Connecticut Business Corporation Act - Sec. 33-763"
"YPPLDL","United States of America","US","Connecticut","US-CT","Limited Liability Company","Y182","registered agent","English","en","registered agent","","","2023-06-28","ACTV","","","","General Statutes of Connecticut: Title 34: CHAPTER 613a UNIFORM LIMITED LIABILITY COMPANY ACT Sec. 34-243a"
"ZN1EQE","United States of America","US","Connecticut","US-CT","Stock Corporation","JKOT","shareholder","English","en","shareholder","","","2023-06-28","ACTV","","","","General Statutes of Connecticut: Title 33: Ch.601 Connecticut Business Corporation Act - Sec. 33-602"
"0SMMNE","United States of America","US","Delaware","US-DE","Limited Partnership","T91T","Personal representative","English","en","Personal representative","","","2023-06-28","ACTV","","","","Delaware Code: Title 6: Subtitle 2: Chapter 17 s.17-701"
"6ADUFX","United States of America","US","Delaware","US-DE","Corporation","XTIQ","Officer","English","en","Officer","","","2023-06-28","ACTV","","","","Delaware Code: Title 8: Chapter 1 s.110"
"6OFDKU","United States of America","US","Delaware","US-DE","Limited Partnership","T91T","Registered agent","English","en","Registered agent","","","2023-06-28","ACTV","","","","Delaware Code: Title 6: Subtitle 2: Chapter 17 s.17-104"
"9JTW5J","United States of America","US","Delaware","US-DE","Corporation","XTIQ","Registered agent","English","en","Registered agent","","","2023-06-28","ACTV","","","","Delaware Code: Title 8: Chapter 1 s.132"
"ANPVIG","United States of America","US","Delaware","US-DE","Limited Partnership","T91T","General partner","English","en","General partner","GP","GP","2023-06-28","ACTV","","","","Delaware Code: Title 6: Subtitle 2: Chapter 17 s.17-701"
"BLFL0I","United States of America","US","Delaware","US-DE","Corporation","XTIQ","Provisional director","English","en","Provisional director","","","2023-06-28","ACTV","","","","Delaware Code: Title 8: Chapter 1 s.353"
"BR0MMZ","United States of America","US","Delaware","US-DE","Corporation","XTIQ","Interested stockholder","English","en","Interested stockholder","","","2023-06-28","ACTV","","","","Delaware Code: Title 8: Chapter 1 s.203"
"CBNI9S","United States of America","US","Delaware","US-DE","Limited Partnership","T91T","Limited partner","English","en","Limited partner","LP","LP","2023-06-28","ACTV","","","","Delaware Code: Title 6: Subtitle 2: Chapter 17 s.17-701"
"CVLXPG","United States of America","US","Delaware","US-DE","Statutory Trust","4FSX","Officer","English","en","Officer","","","2023-06-28","ACTV","","","","Delaware Code: Title 12: Chapter 38: Subchapter 1 s.3806b.7"
"DVJGZL","United States of America","US","Delaware","US-DE","Corporation","XTIQ","Inspector","English","en","Inspector","","","2023-06-28","ACTV","","","","Delaware Code: Title 8: Chapter 1 s.231"
"EQ4LAO","United States of America","US","Delaware","US-DE","Statutory Trust","4FSX","Manager","English","en","Manager","","","2023-06-28","ACTV","","","","Delaware Code: Title 12: Chapter 38: Subchapter 1 s.3806b.7"
"F58ZJU","United States of America","US","Delaware","US-DE","Corporation","XTIQ","Stockholder","English","en","Stockholder","","","2023-06-28","ACTV","","","","Delaware Code: Title 8: Chapter 1 s.102"
"FA8SWT","United States of America","US","Delaware","US-DE","Limited Liability Company","HZEH","Liquidating trustee","English","en","Liquidating trustee","","","2023-06-28","ACTV","","","","Delaware Code: Title 6: Subtitle 2: Chapter 18 s.18-109"
"FLQU84","United States of America","US","Delaware","US-DE","Statutory Trust","4FSX","Employee","English","en","Employee","","","2023-06-28","ACTV","","","","Delaware Code: Title 12: Chapter 38: Subchapter 1 s.3806b.7"
"FWU6BQ","United States of America","US","Delaware","US-DE","Limited Liability Company","HZEH","Member","English","en","Member","","","2023-06-28","ACTV","","","","Delaware Code: Title 6: Subtitle 2: Chapter 18 s.18-101"
"GUBWF6","United States of America","US","Delaware","US-DE","Corporation","XTIQ","Member of the governing body","English","en","Member of the governing body","","","2023-06-28","ACTV","","","","Delaware Code: Title 8: Chapter 1 s.114"
"HPA5DL","United States of America","US","Delaware","US-DE","Corporation","XTIQ","Member","English","en","Member","","","2023-06-28","ACTV","","","","Delaware Code: Title 8: Chapter 1 s.102"
"KVXOZM","United States of America","US","Delaware","US-DE","Corporation","XTIQ","Receiver","English","en","Receiver","","","2023-06-28","ACTV","","","","Delaware Code: Title 8: Chapter 1 s.226"
"L8LDTW","United States of America","US","Delaware","US-DE","Limited Liability Company","HZEH","Assignee","English","en","Assignee","","","2023-06-28","ACTV","","","","Delaware Code: Title 6: Subtitle 2: Chapter 18 s.18-702"
"MHU9PP","United States of America","US","Delaware","US-DE","Limited Liability Company","HZEH","Receiver","English","en","Receiver","","","2023-06-28","ACTV","","","","Delaware Code: Title 6: Subtitle 2: Chapter 18 s.18-805"
"MSUUJM","United States of America","US","Delaware","US-DE","Statutory Trust","4FSX","Trustee","English","en","Trustee","","","2023-06-28","ACTV","","","","Delaware Code: Title 12: Chapter 38: Subchapter 1 s.3801"
"O5KB2U","United States of America","US","Delaware","US-DE","Statutory Trust","4FSX","Registered agent (for investment companies)","English","en","Registered agent (for investment companies)","","","2023-06-28","ACTV","","","","Delaware Code: Title 12: Chapter 38: Subchapter 1 s.3807"
"OBXOAB","United States of America","US","Delaware","US-DE","Statutory Trust","4FSX","Beneficial owner","English","en","Beneficial owner","","","2023-06-28","ACTV","","","","Delaware Code: Title 12: Chapter 38: Subchapter 1 s.3801"
"PQ9DDJ","United States of America","US","Delaware","US-DE","Corporation","XTIQ","Trustee","English","en","Trustee","","","2023-06-28","ACTV","","","","Delaware Code: Title 8: Chapter 1 s.292"
"QXQQDG","United States of America","US","Delaware","US-DE","Corporation","XTIQ","Committee member","English","en","Committee member","","","2023-06-28","ACTV","","","","Delaware Code: Title 8: Chapter 1 s.141"
"TPTAX1","United States of America","US","Delaware","US-DE","Corporation","XTIQ","Incorporator","English","en","Incorporator","","","2023-06-28","ACTV","","","","Delaware Code: Title 8: Chapter 1 s.107"
"VAAYBH","United States of America","US","Delaware","US-DE","Limited Liability Company","HZEH","Manager","English","en","Manager","","","2023-06-28","ACTV","","","","Delaware Code: Title 6: Subtitle 2: Chapter 18 s.18-101"
"VOYVSD","United States of America","US","Delaware","US-DE","Corporation","XTIQ","Director","English","en","Director","","","2023-06-28","ACTV","","","","Delaware Code: Title 8: Chapter 1 s.102"
"YDIRRJ","United States of America","US","Delaware","US-DE","Statutory Trust","4FSX","Independent trustee (for investment companies)","English","en","Independent trustee (for investment companies)","","","2023-06-28","ACTV","","","","Delaware Code: Title 12: Chapter 38: Subchapter 1 s.3801"
"Z9CJV4","United States of America","US","Delaware","US-DE","Limited Liability Company","HZEH","Registered agent","English","en","Registered agent","","","2023-06-28","ACTV","","","","Delaware Code: Title 6: Subtitle 2: Chapter 18 s.18-104"
"ZAKXY0","United States of America","US","Delaware","US-DE","Corporation","XTIQ","Custodian","English","en","Custodian","","","2023-06-28","ACTV","","","","Delaware Code: Title 8: Chapter 1 s.226"
"ZVYKBD","United States of America","US","Delaware","US-DE","Limited Partnership","T91T","Liquidating trustee","English","en","Liquidating trustee","","","2023-06-28","ACTV","","","","Delaware Code: Title 6: Subtitle 2: Chapter 17 s.17-109"
"0BQJRA","United States of America","US","District of Columbia","US-DC","Business Corporation (including professional corporation)","CNQ3","director","English","en","director","","","2023-06-28","ACTV","","","","Code of the District of Columbia: Ch.3 Business Corporations: Business Corporation Act of 2010 - § 29–302.05"
"8LZETG","United States of America","US","District of Columbia","US-DC","Business Corporation (including professional corporation)","CNQ3","independent director","English","en","independent director","","","2023-06-28","ACTV","","","","Code of the District of Columbia: Ch.3 Business Corporations: Business Corporation Act of 2010 - § 29–306.01"
"95DYNV","United States of America","US","District of Columbia","US-DC","Business Corporation (including professional corporation)","CNQ3","incorporator","English","en","incorporator","","","2023-06-28","ACTV","","","","Code of the District of Columbia: Ch.3 Business Corporations: Business Corporation Act of 2010 - § 29–302.01"
"CFO6IS","United States of America","US","District of Columbia","US-DC","Business Corporation (including professional corporation)","CNQ3","secretary","English","en","secretary","","","2023-06-28","ACTV","","","","Code of the District of Columbia: Ch.3 Business Corporations: Business Corporation Act of 2010 - § 29–301.02"
"ESFDQG","United States of America","US","District of Columbia","US-DC","Business Corporation (including professional corporation)","CNQ3","shareholder","English","en","shareholder","","","2023-06-28","ACTV","","","","Code of the District of Columbia: Ch.3 Business Corporations: Business Corporation Act of 2010 - § 29–301.02"
"F4KFAO","United States of America","US","District of Columbia","US-DC","Limited Liability Company (including professional LLC and series LLC)","VNIU","manager","English","en","manager","Mgr.","","2023-06-28","ACTV","","","","Code of the District of Columbia: Title 29: Ch.8 Limited Liability Companies - Uniform Limited Liability Company Act of 2010 § 29–801.02"
"FGKT2P","United States of America","US","District of Columbia","US-DC","Limited Liability Company (including professional LLC and series LLC)","VNIU","member","English","en","member","","","2023-06-28","ACTV","","","","Code of the District of Columbia: Title 29: Ch.8 Limited Liability Companies - Uniform Limited Liability Company Act of 2010 § 29–801.02"
"HBXHUO","United States of America","US","District of Columbia","US-DC","Business Corporation (including professional corporation)","CNQ3","officer","English","en","officer","","","2023-06-28","ACTV","","","","Code of the District of Columbia: Ch.3 Business Corporations: Business Corporation Act of 2010 - § 29–306.40"
"HNFOAQ","United States of America","US","District of Columbia","US-DC","Business Corporation (including professional corporation)","CNQ3","voting trustee","English","en","voting trustee","","","2023-06-28","ACTV","","","","Code of the District of Columbia: Ch.3 Business Corporations: Business Corporation Act of 2010 -§ 29–305.40"
"MH9RYW","United States of America","US","District of Columbia","US-DC","Business Corporation (including professional corporation)","CNQ3","transfer agent","English","en","transfer agent","","","2023-06-28","ACTV","","","","Code of the District of Columbia: Ch.3 Business Corporations: Business Corporation Act of 2010 - § 29–301.03"
"MQDSLD","United States of America","US","District of Columbia","US-DC","Business Corporation (including professional corporation)","CNQ3","receiver","English","en","receiver","","","2023-06-28","ACTV","","","","Code of the District of Columbia: Ch.3 Business Corporations: Business Corporation Act of 2010 - § 29–312.21"
"NBUYJ0","United States of America","US","District of Columbia","US-DC","Business Corporation (including professional corporation)","CNQ3","assistant secretary","English","en","assistant secretary","","","2023-06-28","ACTV","","","","Code of the District of Columbia: Ch.3 Business Corporations: Business Corporation Act of 2010 - § 29–301.03"
"ODMPYU","United States of America","US","District of Columbia","US-DC","Limited Liability Company (including professional LLC and series LLC)","VNIU","registered agent","English","en","registered agent","","","2023-06-28","ACTV","","","","Code of the District of Columbia: Title 29: Ch.8 Limited Liability Companies - Uniform Limited Liability Company Act of 2010 § 29–802.06"
"ST4YMT","United States of America","US","District of Columbia","US-DC","Business Corporation (including professional corporation)","CNQ3","qualified director","English","en","qualified director","","","2023-06-28","ACTV","","","","Code of the District of Columbia: Ch.3 Business Corporations: Business Corporation Act of 2010 - § 29–301.21"
"TUS2UB","United States of America","US","District of Columbia","US-DC","Limited Liability Company (including professional LLC and series LLC)","VNIU","organizer","English","en","organizer","","","2023-06-28","ACTV","","","","Code of the District of Columbia: Title 29: Ch.8 Limited Liability Companies - Uniform Limited Liability Company Act of 2010 § 29–801.02"
"V9EZOV","United States of America","US","District of Columbia","US-DC","Business Corporation (including professional corporation)","CNQ3","subscriber","English","en","subscriber","","","2023-06-28","ACTV","","","","Code of the District of Columbia: Ch.3 Business Corporations: Business Corporation Act of 2010 - § 29–301.02"
"XXISCR","United States of America","US","District of Columbia","US-DC","Business Corporation (including professional corporation)","CNQ3","chair","English","en","chair","","","2023-06-28","ACTV","","","","Code of the District of Columbia: Ch.3 Business Corporations: Business Corporation Act of 2010 - § 29–306.07"
"Z9GJUW","United States of America","US","District of Columbia","US-DC","Business Corporation (including professional corporation)","CNQ3","beneficial owner","English","en","beneficial owner","","","2023-06-28","ACTV","","","","Code of the District of Columbia: Ch.3 Business Corporations: Business Corporation Act of 2010 - § 29–305.23"
"ZWNFRZ","United States of America","US","District of Columbia","US-DC","Business Corporation (including professional corporation)","CNQ3","custodian","English","en","custodian","","","2023-06-28","ACTV","","","","Code of the District of Columbia: Ch.3 Business Corporations: Business Corporation Act of 2010 - § 29–312.21"
"16FTKP","United States of America","US","Florida","US-FL","Limited Liability Company","8N21","Member","English","en","Member","","","2023-06-28","ACTV","","","","2021 Florida Statutes: Title 36: Chapter 605: 605.0102"
"256CEO","United States of America","US","Florida","US-FL","Profit Corporation","TRI2","Director","English","en","Director","","","2023-06-28","ACTV","","","","2021 Florida Statutes: Title 36: Chapter 607: 607.205"
"92DAFD","United States of America","US","Florida","US-FL","Profit Corporation","TRI2","Registered agent","English","en","Registered agent","","","2023-06-28","ACTV","","","","2021 Florida Statutes: Title 36: Chapter 607: 607.01501"
"99BIZA","United States of America","US","Florida","US-FL","Profit Corporation","TRI2","Beneficial shareholder/beneficial owner","English","en","Beneficial shareholder/beneficial owner","","","2023-06-28","ACTV","","","","2021 Florida Statutes: Title 36: Chapter 605: 607.01401"
"AAOVMQ","United States of America","US","Florida","US-FL","Limited Liability Company","8N21","Authorized representative","English","en","Authorized representative","","","2023-06-28","ACTV","","","","2021 Florida Statutes: Title 36: Chapter 605: 605.0102"
"C1RYRZ","United States of America","US","Florida","US-FL","Profit Corporation","TRI2","Senior executive","English","en","Senior executive","","","2023-06-28","ACTV","","","","2021 Florida Statutes: Title 36: Chapter 607: 607.1301"
"CDRPXL","United States of America","US","Florida","US-FL","Profit Corporation","TRI2","Receiver","English","en","Receiver","","","2023-06-28","ACTV","","","","2021 Florida Statutes: Title 36: Chapter 607: 607.748"
"DP1TLX","United States of America","US","Florida","US-FL","Profit Corporation","TRI2","Benefit officer","English","en","Benefit officer","","","2023-06-28","ACTV","","","","2021 Florida Statutes: Title 36: Chapter 607: 607.502"
"EPVBXY","United States of America","US","Florida","US-FL","Profit Corporation","TRI2","Incorporator","English","en","Incorporator","","","2023-06-28","ACTV","","","","2021 Florida Statutes: Title 36: Chapter 607: 607.201"
"JRZFMK","United States of America","US","Florida","US-FL","Profit Corporation","TRI2","Officer","English","en","Officer","","","2023-06-28","ACTV","","","","2021 Florida Statutes: Title 36: Chapter 607: 607.303"
"KQWRJQ","United States of America","US","Florida","US-FL","Profit Corporation","TRI2","Interested shareholder","English","en","Interested shareholder","","","2023-06-28","ACTV","","","","2021 Florida Statutes: Title 36: Chapter 607: 607.0902"
"LWMJ2R","United States of America","US","Florida","US-FL","Profit Corporation","TRI2","Governor","English","en","Governor","","","2023-06-28","ACTV","","","","2021 Florida Statutes: Title 36: Chapter 607: 607.01401"
"NIM8LI","United States of America","US","Florida","US-FL","Profit Corporation","TRI2","Shareholder","English","en","Shareholder","","","2023-06-28","ACTV","","","","2021 Florida Statutes: Title 36: Chapter 607: 607.01401"
"NTWGSF","United States of America","US","Florida","US-FL","Limited Liability Company","8N21","Governor","English","en","Governor","","","2023-06-28","ACTV","","","","2021 Florida Statutes: Title 36: Chapter 605: 605.0102"
"OLH3AA","United States of America","US","Florida","US-FL","Profit Corporation","TRI2","Committee member","English","en","Committee member","","","2023-06-28","ACTV","","","","2021 Florida Statutes: Title 36: Chapter 607: 607.825"
"QEMMLX","United States of America","US","Florida","US-FL","Limited Liability Company","8N21","Custodian","English","en","Custodian","","","2023-06-28","ACTV","","","","2021 Florida Statutes: Title 36: Chapter 605: 605.0704"
"SNXRXY","United States of America","US","Florida","US-FL","Limited Liability Company","8N21","Registered agent","English","en","Registered agent","","","2023-06-28","ACTV","","","","2021 Florida Statutes: Title 36: Chapter 605: 605.0113"
"TVOAGY","United States of America","US","Florida","US-FL","Limited Liability Company","8N21","Manager","English","en","Manager","","","2023-06-28","ACTV","","","","2021 Florida Statutes: Title 36: Chapter 605: 605.0102"
"TWBCEZ","United States of America","US","Florida","US-FL","Profit Corporation","TRI2","Provisional director","English","en","Provisional director","","","2023-06-28","ACTV","","","","2021 Florida Statutes: Title 36: Chapter 607: 607.749"
"VB06BS","United States of America","US","Florida","US-FL","Profit Corporation","TRI2","Qualified director","English","en","Qualified director","","","2023-06-28","ACTV","","","","2021 Florida Statutes: Title 36: Chapter 607: 607.143"
"VKEVI2","United States of America","US","Florida","US-FL","Limited Liability Company","8N21","Receiver","English","en","Receiver","","","2023-06-28","ACTV","","","","2021 Florida Statutes: Title 36: Chapter 605: 605.0704"
"WMKPIS","United States of America","US","Florida","US-FL","Limited Liability Company","8N21","Beneficial owner/beneficial member","English","en","Beneficial owner/beneficial member","","","2023-06-28","ACTV","","","","2021 Florida Statutes: Title 36: Chapter 605: 605.1061"
"Y48KXA","United States of America","US","Florida","US-FL","Profit Corporation","TRI2","Secretary","English","en","Secretary","","","2023-06-28","ACTV","","","","2021 Florida Statutes: Title 36: Chapter 607: 607.01401"
"YECNUU","United States of America","US","Florida","US-FL","Profit Corporation","TRI2","Benefit director","English","en","Benefit director","","","2023-06-28","ACTV","","","","2021 Florida Statutes: Title 36: Chapter 607: 607.502"
"YGAEJN","United States of America","US","Florida","US-FL","Profit Corporation","TRI2","Custodian","English","en","Custodian","","","2023-06-28","ACTV","","","","2021 Florida Statutes: Title 36: Chapter 607: 607.748"
"YKMJNU","United States of America","US","Florida","US-FL","Profit Corporation","TRI2","Record shareholder","English","en","Record shareholder","","","2023-06-28","ACTV","","","","2021 Florida Statutes: Title 36: Chapter 607: 607.01401"
"YSHHXC","United States of America","US","Florida","US-FL","Profit Corporation","TRI2","Subscriber","English","en","Subscriber","","","2023-06-28","ACTV","","","","2021 Florida Statutes: Title 36: Chapter 607: 607.01401"
"ZURXF6","United States of America","US","Florida","US-FL","Limited Liability Company","8N21","Senior executive","English","en","Senior executive","","","2023-06-28","ACTV","","","","2021 Florida Statutes: Title 36: Chapter 605: 605.1061"
"3ONBEX","United States of America","US","Georgia","US-GA","Limited Liability Company","6IIM","organizer","English","en","organizer","","","2023-06-28","ACTV","","","","Code of Georgia: TITLE 14: CHAPTER 11. LIMITED LIABILITY COMPANIES - Georgia Limited Liability Company Act § 14-11-203"
"6A1BTH","United States of America","US","Georgia","US-GA","Profit Corporation","MFYJ","vice president","English","en","vice president","VP","","2023-06-28","ACTV","","","","Code of Georgia: TITLE 14: CHAPTER 2 BUSINESS CORPORATIONS - Georgia Business Corporation Code §14-2-151"
"APLFS0","United States of America","US","Georgia","US-GA","Profit Corporation","MFYJ","incorporator","English","en","incorporator","","","2023-06-28","ACTV","","","","Code of Georgia: TITLE 14: CHAPTER 2 BUSINESS CORPORATIONS - Georgia Business Corporation Code §14-2-201"
"ASBZOT","United States of America","US","Georgia","US-GA","Profit Corporation","MFYJ","assistant secretary","English","en","assistant secretary","Asst.Sec.","","2023-06-28","ACTV","","","","Code of Georgia: TITLE 14: CHAPTER 2 BUSINESS CORPORATIONS - Georgia Business Corporation Code §14-2-151"
"BLWFUU","United States of America","US","Georgia","US-GA","Limited Liability Company","6IIM","member","English","en","member","","","2023-06-28","ACTV","","","","Code of Georgia: TITLE 14: CHAPTER 11. LIMITED LIABILITY COMPANIES - Georgia Limited Liability Company Act § 14-11-101"
"E8OJBN","United States of America","US","Georgia","US-GA","Profit Corporation","MFYJ","secretary","English","en","secretary","Sec.","","2023-06-28","ACTV","","","","Code of Georgia: TITLE 14: CHAPTER 2 BUSINESS CORPORATIONS - Georgia Business Corporation Code §14-2-140"
"F5WMYA","United States of America","US","Georgia","US-GA","Profit Corporation","MFYJ","president","English","en","president","Pres.","","2023-06-28","ACTV","","","","Code of Georgia: TITLE 14: CHAPTER 2 BUSINESS CORPORATIONS - Georgia Business Corporation Code §14-2-151"
"FIZJ58","United States of America","US","Georgia","US-GA","Profit Corporation","MFYJ","custodian","English","en","custodian","","","2023-06-28","ACTV","","","","Code of Georgia: TITLE 14: CHAPTER 2 BUSINESS CORPORATIONS - Georgia Business Corporation Code §14-2-501"
"GQ5LHD","United States of America","US","Georgia","US-GA","Profit Corporation","MFYJ","shareholder","English","en","shareholder","","","2023-06-28","ACTV","","","","Code of Georgia: TITLE 14: CHAPTER 2 BUSINESS CORPORATIONS - Georgia Business Corporation Code §14-2-140"
"H4L8OX","United States of America","US","Georgia","US-GA","Limited Liability Company","6IIM","receiver","English","en","receiver","","","2023-06-28","ACTV","","","","Code of Georgia: TITLE 14: CHAPTER 11. LIMITED LIABILITY COMPANIES - Georgia Limited Liability Company Act § 14-11-205"
"LVAFJO","United States of America","US","Georgia","US-GA","Profit Corporation","MFYJ","director","English","en","director","Dir.","","2023-06-28","ACTV","","","","Code of Georgia: TITLE 14: CHAPTER 2 BUSINESS CORPORATIONS - Georgia Business Corporation Code §14-2-151"
"NEH6F3","United States of America","US","Georgia","US-GA","Limited Liability Company","6IIM","manager","English","en","manager","Mgr.","","2023-06-28","ACTV","","","","Code of Georgia: TITLE 14: CHAPTER 11. LIMITED LIABILITY COMPANIES - Georgia Limited Liability Company Act § 14-11-101"
"QHJJAU","United States of America","US","Georgia","US-GA","Profit Corporation","MFYJ","officer","English","en","officer","","","2023-06-28","ACTV","","","","Code of Georgia: TITLE 14: CHAPTER 2 BUSINESS CORPORATIONS - Georgia Business Corporation Code §14-2-151"
"U4CG4V","United States of America","US","Georgia","US-GA","Limited Liability Company","6IIM","registered agent","English","en","registered agent","","","2023-06-28","ACTV","","","","Code of Georgia: TITLE 14: CHAPTER 11. LIMITED LIABILITY COMPANIES - Georgia Limited Liability Company Act § 14-11-209"
"UPJEQO","United States of America","US","Georgia","US-GA","Profit Corporation","MFYJ","receiver","English","en","receiver","","","2023-06-28","ACTV","","","","Code of Georgia: TITLE 14: CHAPTER 2 BUSINESS CORPORATIONS - Georgia Business Corporation Code §14-2-501"
"WQHOFC","United States of America","US","Georgia","US-GA","Profit Corporation","MFYJ","registered agent","English","en","registered agent","","","2023-06-28","ACTV","","","","Code of Georgia: TITLE 14: CHAPTER 2 BUSINESS CORPORATIONS - Georgia Business Corporation Code §14-2-501"
"ZZOQER","United States of America","US","Georgia","US-GA","Profit Corporation","MFYJ","subscriber","English","en","subscriber","","","2023-06-28","ACTV","","","","Code of Georgia: TITLE 14: CHAPTER 2 BUSINESS CORPORATIONS - Georgia Business Corporation Code §14-2-140"
"7KZZ7W","United States of America","US","Hawaii","US-HI","Limited Liability Company","VPBH","member","English","en","member","","","2023-06-28","ACTV","","","","Hawaii Revised Statutes: Title 23A TITLE 23A. OTHER BUSINESS ENTITIES: Ch.428 - Uniform Limited Liability Company Act § 428-202"
"EAJ8ZK","United States of America","US","Hawaii","US-HI","Limited Liability Company","VPBH","trustee","English","en","trustee","","","2023-06-28","ACTV","","","","Hawaii Revised Statutes: Title 23A TITLE 23A. OTHER BUSINESS ENTITIES: Ch.428 - Uniform Limited Liability Company Act § 428-810"
"EPJNHA","United States of America","US","Hawaii","US-HI","Limited Liability Company","VPBH","manager","English","en","manager","Mgr.","","2023-06-28","ACTV","","","","Hawaii Revised Statutes: Title 23A TITLE 23A. OTHER BUSINESS ENTITIES: Ch.428 - Uniform Limited Liability Company Act § 428-101"
"EU9FSY","United States of America","US","Hawaii","US-HI","Corporation","L2QV","shareholder","English","en","shareholder","","","2023-06-28","ACTV","","","","Hawaii Revised Statutes: Title 23: Ch.414 - Hawaii Business Corporation Act § 414-3"
"FRSJKD","United States of America","US","Hawaii","US-HI","Corporation","L2QV","assistant secretary","English","en","assistant secretary","Asst.Sec.","","2023-06-28","ACTV","","","","Hawaii Revised Statutes: Title 23: Ch.414 - Hawaii Business Corporation Act § 414-11"
"G4RG8G","United States of America","US","Hawaii","US-HI","Corporation","L2QV","registered agent","English","en","registered agent","","","2023-06-28","ACTV","","","","Hawaii Revised Statutes: Title 23: Ch.414 - Hawaii Business Corporation Act § 414-61"
"KCXM77","United States of America","US","Hawaii","US-HI","Limited Liability Company","VPBH","registered agent","English","en","registered agent","","","2023-06-28","ACTV","","","","Hawaii Revised Statutes: Title 23A TITLE 23A. OTHER BUSINESS ENTITIES: Ch.428 - Uniform Limited Liability Company Act § 428-107"
"MFVXZU","United States of America","US","Hawaii","US-HI","Corporation","L2QV","officer","English","en","officer","","","2023-06-28","ACTV","","","","Hawaii Revised Statutes: Title 23: Ch.414 - Hawaii Business Corporation Act § 414-11"
"NHBCR9","United States of America","US","Hawaii","US-HI","Corporation","L2QV","president","English","en","president","Pres.","","2023-06-28","ACTV","","","","Hawaii Revised Statutes: Title 23: Ch.414 - Hawaii Business Corporation Act § 414-11"
"NNUYVQ","United States of America","US","Hawaii","US-HI","Corporation","L2QV","incorporator","English","en","incorporator","","","2023-06-28","ACTV","","","","Hawaii Revised Statutes: Title 23: Ch.414 - Hawaii Business Corporation Act § 414-11, 31"
"PHM0KI","United States of America","US","Hawaii","US-HI","Limited Liability Company","VPBH","organizer","English","en","organizer","","","2023-06-28","ACTV","","","","Hawaii Revised Statutes: Title 23A TITLE 23A. OTHER BUSINESS ENTITIES: Ch.428 - Uniform Limited Liability Company Act § 428-203"
"RRSXBU","United States of America","US","Hawaii","US-HI","Corporation","L2QV","voting trustee","English","en","voting trustee","","","2023-06-28","ACTV","","","","Hawaii Revised Statutes: Title 23: Ch.414 - Hawaii Business Corporation Act § 414-161"
"SMMEI3","United States of America","US","Hawaii","US-HI","Corporation","L2QV","director","English","en","director","Dir.","","2023-06-28","ACTV","","","","Hawaii Revised Statutes: Title 23: Ch.414 - Hawaii Business Corporation Act § 414-11"
"UKBPHX","United States of America","US","Hawaii","US-HI","Corporation","L2QV","secretary","English","en","secretary","Sec.","","2023-06-28","ACTV","","","","Hawaii Revised Statutes: Title 23: Ch.414 - Hawaii Business Corporation Act § 414-3"
"VLTX4R","United States of America","US","Hawaii","US-HI","Corporation","L2QV","custodian","English","en","custodian","","","2023-06-28","ACTV","","","","Hawaii Revised Statutes: Title 23: Ch.414 - Hawaii Business Corporation Act § 414-413"
"WKANP9","United States of America","US","Hawaii","US-HI","Corporation","L2QV","receiver","English","en","receiver","","","2023-06-28","ACTV","","","","Hawaii Revised Statutes: Title 23: Ch.414 - Hawaii Business Corporation Act § 414-413"
"WWIBE3","United States of America","US","Hawaii","US-HI","Corporation","L2QV","chairperson","English","en","chairperson","Ch.","","2023-06-28","ACTV","","","","Hawaii Revised Statutes: Title 23: Ch.414 - Hawaii Business Corporation Act § 414-11"
"XGYZLD","United States of America","US","Hawaii","US-HI","Corporation","L2QV","subscriber","English","en","subscriber","","","2023-06-28","ACTV","","","","Hawaii Revised Statutes: Title 23: Ch.414 - Hawaii Business Corporation Act § 414-3"
"XK3UST","United States of America","US","Hawaii","US-HI","Corporation","L2QV","beneficial owner","English","en","beneficial owner","","","2023-06-28","ACTV","","","","Hawaii Revised Statutes: Title 23: Ch.414 - Hawaii Business Corporation Act § 414-161"
"8GCYDM","United States of America","US","Idaho","US-ID","General Business Corporation","U9HL","director","English","en","director","Dir.","","2023-06-28","ACTV","","","","Idaho Statutes: Title 30: Ch. 29 GENERAL BUSINESS CORPORATIONS - Idaho Business Corporation Act 30-29-120"
"BABARP","United States of America","US","Idaho","US-ID","Limited Liability Company","RU6X","manager","English","en","manager","Mgr.","","2023-06-28","ACTV","","","","Idaho Statutes: Title 30: Ch.25 - Idaho Uniform Limited Liability Company Act 30-25-102"
"BIDLNV","United States of America","US","Idaho","US-ID","General Business Corporation","U9HL","officer","English","en","officer","","","2023-06-28","ACTV","","","","Idaho Statutes: Title 30: Ch. 29 GENERAL BUSINESS CORPORATIONS - Idaho Business Corporation Act 30-29-120"
"DSIOOJ","United States of America","US","Idaho","US-ID","General Business Corporation","U9HL","registered agent","English","en","registered agent","","","2023-06-28","ACTV","","","","Idaho Statutes: Title 30: Ch. 29 GENERAL BUSINESS CORPORATIONS - Idaho Business Corporation Act 30-29-120"
"EN5CYU","United States of America","US","Idaho","US-ID","Limited Liability Company","RU6X","registered agent","English","en","registered agent","","","2023-06-28","ACTV","","","","Idaho Statutes: Title 30: Ch.25 - Idaho Uniform Limited Liability Company Act 30-25-102"
"F5XATI","United States of America","US","Idaho","US-ID","General Business Corporation","U9HL","subscriber","English","en","subscriber","","","2023-06-28","ACTV","","","","Idaho Statutes: Title 30: Ch. 29 GENERAL BUSINESS CORPORATIONS - Idaho Business Corporation Act 30-29-140"
"FIX2PV","United States of America","US","Idaho","US-ID","Limited Liability Company","RU6X","member","English","en","member","","","2023-06-28","ACTV","","","","Idaho Statutes: Title 30: Ch.25 - Idaho Uniform Limited Liability Company Act 30-25-102, 401"
"GJMZ8T","United States of America","US","Idaho","US-ID","General Business Corporation","U9HL","receiver","English","en","receiver","","","2023-06-28","ACTV","","","","Idaho Statutes: Title 30: Ch. 29 GENERAL BUSINESS CORPORATIONS - Idaho Business Corporation Act 30-29-120, 748"
"H6QW3X","United States of America","US","Idaho","US-ID","General Business Corporation","U9HL","beneficial shareholder","English","en","beneficial shareholder","","","2023-06-28","ACTV","","","","Idaho Statutes: Title 30: Ch. 29 GENERAL BUSINESS CORPORATIONS - Idaho Business Corporation Act 30-29-140"
"HQJLUK","United States of America","US","Idaho","US-ID","General Business Corporation","U9HL","secretary","English","en","secretary","Sec.","","2023-06-28","ACTV","","","","Idaho Statutes: Title 30: Ch. 29 GENERAL BUSINESS CORPORATIONS - Idaho Business Corporation Act 30-29-140"
"HTYBDT","United States of America","US","Idaho","US-ID","General Business Corporation","U9HL","chairman","English","en","chairman","Ch.","","2023-06-28","ACTV","","","","Idaho Statutes: Title 30: Ch. 29 GENERAL BUSINESS CORPORATIONS - Idaho Business Corporation Act 30-29-120"
"IOPBR4","United States of America","US","Idaho","US-ID","Limited Liability Company","RU6X","organizer","English","en","organizer","","","2023-06-28","ACTV","","","","Idaho Statutes: Title 30: Ch.25 - Idaho Uniform Limited Liability Company Act 30-25-102, 201"
"JA3UBE","United States of America","US","Idaho","US-ID","General Business Corporation","U9HL","incorporator","English","en","incorporator","","","2023-06-28","ACTV","","","","Idaho Statutes: Title 30: Ch. 29 GENERAL BUSINESS CORPORATIONS - Idaho Business Corporation Act 30-29-120"
"KAWXHC","United States of America","US","Idaho","US-ID","General Business Corporation","U9HL","voting trust beneficial owner","English","en","voting trust beneficial owner","","","2023-06-28","ACTV","","","","Idaho Statutes: Title 30: Ch. 29 GENERAL BUSINESS CORPORATIONS - Idaho Business Corporation Act 30-29-140"
"LQNLE8","United States of America","US","Idaho","US-ID","General Business Corporation","U9HL","custodian","English","en","custodian","","","2023-06-28","ACTV","","","","Idaho Statutes: Title 30: Ch. 29 GENERAL BUSINESS CORPORATIONS - Idaho Business Corporation Act 30-29-748"
"RDUP11","United States of America","US","Idaho","US-ID","General Business Corporation","U9HL","trustee","English","en","trustee","","","2023-06-28","ACTV","","","","Idaho Statutes: Title 30: Ch. 29 GENERAL BUSINESS CORPORATIONS - Idaho Business Corporation Act 30-29-730"
"SUY2KN","United States of America","US","Idaho","US-ID","Limited Liability Company","RU6X","receiver","English","en","receiver","","","2023-06-28","ACTV","","","","Idaho Statutes: Title 30: Ch.25 - Idaho Uniform Limited Liability Company Act 30-25-503"
"VRU4XO","United States of America","US","Idaho","US-ID","General Business Corporation","U9HL","record shareholder (shareholder)","English","en","record shareholder (shareholder)","","","2023-06-28","ACTV","","","","Idaho Statutes: Title 30: Ch. 29 GENERAL BUSINESS CORPORATIONS - Idaho Business Corporation Act 30-29-140"
"YLEC6M","United States of America","US","Idaho","US-ID","General Business Corporation","U9HL","qualified director","English","en","qualified director","Qual.Dir.","","2023-06-28","ACTV","","","","Idaho Statutes: Title 30: Ch. 29 GENERAL BUSINESS CORPORATIONS - Idaho Business Corporation Act 30-29-143"
"ZKO1BB","United States of America","US","Idaho","US-ID","General Business Corporation","U9HL","president","English","en","president","Pres.","","2023-06-28","ACTV","","","","Idaho Statutes: Title 30: Ch. 29 GENERAL BUSINESS CORPORATIONS - Idaho Business Corporation Act 30-29-120"
"5DAEFW","United States of America","US","Illinois","US-IL","Business Corporation","AZUK","director","English","en","director","Dir.","","2023-06-28","ACTV","","","","Illinois Compiled Statutes: BUSINESS ORGANIZATIONS (805 ILCS 5/) Business Corporation Act of 1983 Sec. 1.10"
"5QCXYC","United States of America","US","Illinois","US-IL","Business Corporation","AZUK","treasurer","English","en","treasurer","Treas.","","2023-06-28","ACTV","","","","Illinois Compiled Statutes: BUSINESS ORGANIZATIONS (805 ILCS 5/) Business Corporation Act of 1983 Sec. 1.10"
"9X2H6B","United States of America","US","Illinois","US-IL","Business Corporation","AZUK","president","English","en","president","Pres.","","2023-06-28","ACTV","","","","Illinois Compiled Statutes: BUSINESS ORGANIZATIONS (805 ILCS 5/) Business Corporation Act of 1983 Sec. 1.10"
"DA7RSS","United States of America","US","Illinois","US-IL","Limited Liability Company","8RLE","officer","English","en","officer","","","2023-06-28","ACTV","","","","Illinois Compiled Statutes: BUSINESS ORGANIZATIONS (805 ILCS 180/) Limited Liability Company Act Sec. 35-40"
"DRJJ1I","United States of America","US","Illinois","US-IL","Business Corporation","AZUK","vice-president","English","en","vice-president","VP","","2023-06-28","ACTV","","","","Illinois Compiled Statutes: BUSINESS ORGANIZATIONS (805 ILCS 5/) Business Corporation Act of 1983 Sec. 1.10"
"E37STS","United States of America","US","Illinois","US-IL","Business Corporation","AZUK","registered agent","English","en","registered agent","","","2023-06-28","ACTV","","","","Illinois Compiled Statutes: BUSINESS ORGANIZATIONS (805 ILCS 5/) Business Corporation Act of 1983 Sec. 1.80"
"FTSZZ0","United States of America","US","Illinois","US-IL","Business Corporation","AZUK","receiver","English","en","receiver","","","2023-06-28","ACTV","","","","Illinois Compiled Statutes: BUSINESS ORGANIZATIONS (805 ILCS 5/) Business Corporation Act of 1983 Sec. 1.10"
"GM35QL","United States of America","US","Illinois","US-IL","Business Corporation","AZUK","subscriber","English","en","subscriber","","","2023-06-28","ACTV","","","","Illinois Compiled Statutes: BUSINESS ORGANIZATIONS (805 ILCS 5/) Business Corporation Act of 1983 Sec. 1.80"
"GX2K9G","United States of America","US","Illinois","US-IL","Business Corporation","AZUK","assistant officer","English","en","assistant officer","","","2023-06-28","ACTV","","","","Illinois Compiled Statutes: BUSINESS ORGANIZATIONS (805 ILCS 5/) Business Corporation Act of 1983 Sec. 8.50"
"IH5HJE","United States of America","US","Illinois","US-IL","Business Corporation","AZUK","receiver","English","en","receiver","","","2023-06-28","ACTV","","","","Illinois Compiled Statutes: BUSINESS ORGANIZATIONS (805 ILCS 5/) Business Corporation Act of 1983 Sec. 12.60"
"J4VCCQ","United States of America","US","Illinois","US-IL","Limited Liability Company","8RLE","chief operating officer","English","en","chief operating officer","COO","","2023-06-28","ACTV","","","","Illinois Compiled Statutes: BUSINESS ORGANIZATIONS (805 ILCS 180/) Limited Liability Company Act Sec. 1-26. Low-profit limited liability company"
"JZUKIA","United States of America","US","Illinois","US-IL","Business Corporation","AZUK","secretary","English","en","secretary","Sec.","","2023-06-28","ACTV","","","","Illinois Compiled Statutes: BUSINESS ORGANIZATIONS (805 ILCS 5/) Business Corporation Act of 1983 Sec. 1.10"
"KBDWKZ","United States of America","US","Illinois","US-IL","Business Corporation","AZUK","incorporator","English","en","incorporator","","","2023-06-28","ACTV","","","","Illinois Compiled Statutes: BUSINESS ORGANIZATIONS (805 ILCS 5/) Business Corporation Act of 1983 Sec. 2.05"
"KUSBDM","United States of America","US","Illinois","US-IL","Business Corporation","AZUK","chairman","English","en","chairman","Ch.","","2023-06-28","ACTV","","","","Illinois Compiled Statutes: BUSINESS ORGANIZATIONS (805 ILCS 5/) Business Corporation Act of 1983 Sec. 8.11"
"LHUZJ0","United States of America","US","Illinois","US-IL","Business Corporation","AZUK","assistant secretary","English","en","assistant secretary","Asst.Sec.","","2023-06-28","ACTV","","","","Illinois Compiled Statutes: BUSINESS ORGANIZATIONS (805 ILCS 5/) Business Corporation Act of 1983 Sec. 1.10"
"LKV5WY","United States of America","US","Illinois","US-IL","Business Corporation","AZUK","beneficial owner","English","en","beneficial owner","","","2023-06-28","ACTV","","","","Illinois Compiled Statutes: BUSINESS ORGANIZATIONS (805 ILCS 5/) Business Corporation Act of 1983 Sec. 6.40"
"LNDUFV","United States of America","US","Illinois","US-IL","Limited Liability Company","8RLE","registered agent","English","en","registered agent","","","2023-06-28","ACTV","","","","Illinois Compiled Statutes: BUSINESS ORGANIZATIONS (805 ILCS 180/) Limited Liability Company Act Sec. 1-5"
"MHCJF7","United States of America","US","Illinois","US-IL","Limited Liability Company","8RLE","member","English","en","member","","","2023-06-28","ACTV","","","","Illinois Compiled Statutes: BUSINESS ORGANIZATIONS (805 ILCS 180/) Limited Liability Company Act Sec. 1-5"
"MP8FBC","United States of America","US","Illinois","US-IL","Limited Liability Company","8RLE","organizer","English","en","organizer","","","2023-06-28","ACTV","","","","Illinois Compiled Statutes: BUSINESS ORGANIZATIONS (805 ILCS 180/) Limited Liability Company Act Sec. 1-5"
"MWLVIF","United States of America","US","Illinois","US-IL","Limited Liability Company","8RLE","receiver","English","en","receiver","","","2023-06-28","ACTV","","","","Illinois Compiled Statutes: BUSINESS ORGANIZATIONS (805 ILCS 180/) Limited Liability Company Act Sec. 30-20"
"NVTJPY","United States of America","US","Illinois","US-IL","Business Corporation","AZUK","trustee","English","en","trustee","","","2023-06-28","ACTV","","","","Illinois Compiled Statutes: BUSINESS ORGANIZATIONS (805 ILCS 5/) Business Corporation Act of 1983 Sec. 1.10"
"OJBTCO","United States of America","US","Illinois","US-IL","Business Corporation","AZUK","liquidating receiver","English","en","liquidating receiver","","","2023-06-28","ACTV","","","","Illinois Compiled Statutes: BUSINESS ORGANIZATIONS (805 ILCS 5/) Business Corporation Act of 1983 Sec. 12.60"
"OULJ6D","United States of America","US","Illinois","US-IL","Business Corporation","AZUK","interested shareholder","English","en","interested shareholder","","","2023-06-28","ACTV","","","","Illinois Compiled Statutes: BUSINESS ORGANIZATIONS (805 ILCS 5/) Business Corporation Act of 1983 Sec. 11.75"
"PCZXED","United States of America","US","Illinois","US-IL","Business Corporation","AZUK","shareholder","English","en","shareholder","","","2023-06-28","ACTV","","","","Illinois Compiled Statutes: BUSINESS ORGANIZATIONS (805 ILCS 5/) Business Corporation Act of 1983 Sec. 1.80"
"T1I8PP","United States of America","US","Illinois","US-IL","Limited Liability Company","8RLE","director","English","en","director","Dir.","","2023-06-28","ACTV","","","","Illinois Compiled Statutes: BUSINESS ORGANIZATIONS (805 ILCS 180/) Limited Liability Company Act Sec. 1-26. Low-profit limited liability company"
"UDBCUD","United States of America","US","Illinois","US-IL","Limited Liability Company","8RLE","manager","English","en","manager","Mgr.","","2023-06-28","ACTV","","","","Illinois Compiled Statutes: BUSINESS ORGANIZATIONS (805 ILCS 180/) Limited Liability Company Act Sec. 1-5"
"V05KE2","United States of America","US","Illinois","US-IL","Business Corporation","AZUK","officer","English","en","officer","","","2023-06-28","ACTV","","","","Illinois Compiled Statutes: BUSINESS ORGANIZATIONS (805 ILCS 5/) Business Corporation Act of 1983 Sec. 1.10"
"XTZCJF","United States of America","US","Illinois","US-IL","Limited Liability Company","8RLE","trustee","English","en","trustee","","","2023-06-28","ACTV","","","","Illinois Compiled Statutes: BUSINESS ORGANIZATIONS (805 ILCS 180/) Limited Liability Company Act Sec. 45-40"
"2AMCNS","United States of America","US","Indiana","US-IN","Limited Liability Company","DQBZ","officer","English","en","officer","","","2023-06-28","ACTV","","","","Indiana Code: Title 23. Business and Other Associations: Art. 18. Limited Liability Companies 23-18-3-2.5"
"BVWIFZ","United States of America","US","Indiana","US-IN","For-Profit Corporation","R0BI","director","English","en","director","Dir.","","2023-06-28","ACTV","","","","Indiana Code: Title 23. Business and Other Associations: Art.1. Indiana Business Corporation Law 23-1-21"
"HLEDFH","United States of America","US","Indiana","US-IN","Limited Liability Company","DQBZ","member","English","en","member","","","2023-06-28","ACTV","","","","Indiana Code: Title 23. Business and Other Associations: Art. 18. Limited Liability Companies 23-18-1"
"HQAMIK","United States of America","US","Indiana","US-IN","For-Profit Corporation","R0BI","beneficial owner","English","en","beneficial owner","","","2023-06-28","ACTV","","","","Indiana Code: Title 23. Business and Other Associations: Art.1. Indiana Business Corporation Law 23-1-20"
"JCABS0","United States of America","US","Indiana","US-IN","For-Profit Corporation","R0BI","officer","English","en","officer","","","2023-06-28","ACTV","","","","Indiana Code: Title 23. Business and Other Associations: Art.1. Indiana Business Corporation Law 23-1-22"
"JDWJXK","United States of America","US","Indiana","US-IN","For-Profit Corporation","R0BI","secretary","English","en","secretary","Sec.","","2023-06-28","ACTV","","","","Indiana Code: Title 23. Business and Other Associations: Art.1. Indiana Business Corporation Law 23-1-20"
"KQORPY","United States of America","US","Indiana","US-IN","For-Profit Corporation","R0BI","subscriber","English","en","subscriber","","","2023-06-28","ACTV","","","","Indiana Code: Title 23. Business and Other Associations: Art.1. Indiana Business Corporation Law 23-1-20"
"LHFXAJ","United States of America","US","Indiana","US-IN","For-Profit Corporation","R0BI","assistant officer","English","en","assistant officer","","","2023-06-28","ACTV","","","","Indiana Code: Title 23. Business and Other Associations: Art.1. Indiana Business Corporation Law 23-1-36"
"LLIYOL","United States of America","US","Indiana","US-IN","Limited Liability Company","DQBZ","registered agent","English","en","registered agent","","","2023-06-28","ACTV","","","","Indiana Code: Title 23. Business and Other Associations: Art. 18. Limited Liability Companies 23-18-9-3"
"PHO29N","United States of America","US","Indiana","US-IN","For-Profit Corporation","R0BI","custodian","English","en","custodian","","","2023-06-28","ACTV","","","","Indiana Code: Title 23. Business and Other Associations: Art.1. Indiana Business Corporation Law 23-1-48"
"T4INHV","United States of America","US","Indiana","US-IN","For-Profit Corporation","R0BI","shareholder","English","en","shareholder","","","2023-06-28","ACTV","","","","Indiana Code: Title 23. Business and Other Associations: Art.1. Indiana Business Corporation Law 23-1-20"
"U8Y2KG","United States of America","US","Indiana","US-IN","For-Profit Corporation","R0BI","incorporator","English","en","incorporator","","","2023-06-28","ACTV","","","","Indiana Code: Title 23. Business and Other Associations: Art.1. Indiana Business Corporation Law 23-1-21"
"YGNHUU","United States of America","US","Indiana","US-IN","For-Profit Corporation","R0BI","receiver","English","en","receiver","","","2023-06-28","ACTV","","","","Indiana Code: Title 23. Business and Other Associations: Art.1. Indiana Business Corporation Law 23-1-47"
"ZFJBVL","United States of America","US","Indiana","US-IN","Limited Liability Company","DQBZ","manager","English","en","manager","Mgr.","","2023-06-28","ACTV","","","","Indiana Code: Title 23. Business and Other Associations: Art. 18. Limited Liability Companies 23-18-1"
"5I5X4F","United States of America","US","Iowa","US-IA","Profit Corporation","DU35","chair","English","en","chair","Ch.","","2023-06-28","ACTV","","","","Code of Iowa: Title XII: Subtitle II: Ch.490: Business Corporations - Iowa Business Corporation Act 490.120"
"5PXY6G","United States of America","US","Iowa","US-IA","Profit Corporation","DU35","shareholder","English","en","shareholder","","","2023-06-28","ACTV","","","","Code of Iowa: Title XII: Subtitle II: Ch.490: Business Corporations - Iowa Business Corporation Act 490.140"
"CPM13B","United States of America","US","Iowa","US-IA","Limited Liability Company","7XPF","member","English","en","member","","","2023-06-28","ACTV","","","","Code of Iowa: Title XII: Subtitle II: Ch.490a - Iowa Limited Liability Company Act 490A.102"
"EEDMD3","United States of America","US","Iowa","US-IA","Limited Liability Company","7XPF","registered agent","English","en","registered agent","","","2023-06-28","ACTV","","","","Code of Iowa: Title XII: Subtitle II: Ch.490a - Iowa Limited Liability Company Act 490A.501"
"EZMVYI","United States of America","US","Iowa","US-IA","Profit Corporation","DU35","qualified director","English","en","qualified director","Qual.Dir.","","2023-06-28","ACTV","","","","Code of Iowa: Title XII: Subtitle II: Ch.490: Business Corporations - Iowa Business Corporation Act 490.143"
"GSGCYV","United States of America","US","Iowa","US-IA","Profit Corporation","DU35","custodian","English","en","custodian","","","2023-06-28","ACTV","","","","Code of Iowa: Title XII: Subtitle II: Ch.490: Business Corporations - Iowa Business Corporation Act 490.748"
"ICJI84","United States of America","US","Iowa","US-IA","Profit Corporation","DU35","receiver","English","en","receiver","","","2023-06-28","ACTV","","","","Code of Iowa: Title XII: Subtitle II: Ch.490: Business Corporations - Iowa Business Corporation Act 490.120"
"KOMPG3","United States of America","US","Iowa","US-IA","Profit Corporation","DU35","registered agent","English","en","registered agent","","","2023-06-28","ACTV","","","","Code of Iowa: Title XII: Subtitle II: Ch.490: Business Corporations - Iowa Business Corporation Act 490.501"
"LMESCS","United States of America","US","Iowa","US-IA","Profit Corporation","DU35","governor","English","en","governor","Gov.","","2023-06-28","ACTV","","","","Code of Iowa: Title XII: Subtitle II: Ch.490: Business Corporations - Iowa Business Corporation Act 490.140"
"LO6GBU","United States of America","US","Iowa","US-IA","Profit Corporation","DU35","voting trust beneficial owne","English","en","voting trust beneficial owne","","","2023-06-28","ACTV","","","","Code of Iowa: Title XII: Subtitle II: Ch.490: Business Corporations - Iowa Business Corporation Act 490.140"
"NBZNDW","United States of America","US","Iowa","US-IA","Limited Liability Company","7XPF","manager","English","en","manager","Mgr.","","2023-06-28","ACTV","","","","Code of Iowa: Title XII: Subtitle II: Ch.490a - Iowa Limited Liability Company Act 490A.102"
"NKWIPN","United States of America","US","Iowa","US-IA","Profit Corporation","DU35","beneficial shareholder","English","en","beneficial shareholder","","","2023-06-28","ACTV","","","","Code of Iowa: Title XII: Subtitle II: Ch.490: Business Corporations - Iowa Business Corporation Act 490.140"
"QDCUX4","United States of America","US","Iowa","US-IA","Profit Corporation","DU35","record shareholder","English","en","record shareholder","","","2023-06-28","ACTV","","","","Code of Iowa: Title XII: Subtitle II: Ch.490: Business Corporations - Iowa Business Corporation Act 490.140"
"QRIKPH","United States of America","US","Iowa","US-IA","Profit Corporation","DU35","director","English","en","director","Dir.","","2023-06-28","ACTV","","","","Code of Iowa: Title XII: Subtitle II: Ch.490: Business Corporations - Iowa Business Corporation Act 490.143"
"SEX3A1","United States of America","US","Iowa","US-IA","Profit Corporation","DU35","officer","English","en","officer","","","2023-06-28","ACTV","","","","Code of Iowa: Title XII: Subtitle II: Ch.490: Business Corporations - Iowa Business Corporation Act 490.120"
"SVKCHI","United States of America","US","Iowa","US-IA","Profit Corporation","DU35","secretary","English","en","secretary","Sec.","","2023-06-28","ACTV","","","","Code of Iowa: Title XII: Subtitle II: Ch.490: Business Corporations - Iowa Business Corporation Act 490.140"
"WQTCSD","United States of America","US","Iowa","US-IA","Profit Corporation","DU35","trustee","English","en","trustee","","","2023-06-28","ACTV","","","","Code of Iowa: Title XII: Subtitle II: Ch.490: Business Corporations - Iowa Business Corporation Act 490.120"
"WUR2I4","United States of America","US","Iowa","US-IA","Profit Corporation","DU35","incorporator","English","en","incorporator","","","2023-06-28","ACTV","","","","Code of Iowa: Title XII: Subtitle II: Ch.490: Business Corporations - Iowa Business Corporation Act 490.201"
"XP0375","United States of America","US","Iowa","US-IA","Profit Corporation","DU35","subscriber","English","en","subscriber","","","2023-06-28","ACTV","","","","Code of Iowa: Title XII: Subtitle II: Ch.490: Business Corporations - Iowa Business Corporation Act 490.140"
"XSTVFA","United States of America","US","Iowa","US-IA","Profit Corporation","DU35","president","English","en","president","Pres.","","2023-06-28","ACTV","","","","Code of Iowa: Title XII: Subtitle II: Ch.490: Business Corporations - Iowa Business Corporation Act 490.120"
"YFTH4U","United States of America","US","Iowa","US-IA","Profit Corporation","DU35","interest holder","English","en","interest holder","","","2023-06-28","ACTV","","","","Code of Iowa: Title XII: Subtitle II: Ch.490: Business Corporations - Iowa Business Corporation Act 490.140"
"119H7Y","United States of America","US","Kansas","US-KS","Limited Liability Company","FBN0","liquidating trustee","English","en","liquidating trustee","","","2023-06-28","ACTV","","","","Kansas Statutes: Chapter 17: Art.76 Limited Liability Companies - Kansas revised limited liability company act 17-7697"
"8ET0CF","United States of America","US","Kansas","US-KS","Limited Liability Company","FBN0","resident agent","English","en","resident agent","","","2023-06-28","ACTV","","","","Kansas Statutes: Chapter 17: Art.76 Limited Liability Companies - Kansas revised limited liability company act 17-7667"
"FCTLAU","United States of America","US","Kansas","US-KS","Limited Liability Company","FBN0","member","English","en","member","","","2023-06-28","ACTV","","","","Kansas Statutes: Chapter 17: Art.76 Limited Liability Companies - Kansas revised limited liability company act 17-7663"
"JT2UJW","United States of America","US","Kansas","US-KS","Limited Liability Company","FBN0","manager","English","en","manager","Mgr.","","2023-06-28","ACTV","","","","Kansas Statutes: Chapter 17: Art.76 Limited Liability Companies - Kansas revised limited liability company act 17-7663"
"ZULT4P","United States of America","US","Kansas","US-KS","Limited Liability Company","FBN0","officer","English","en","officer","","","2023-06-28","ACTV","","","","Kansas Statutes: Chapter 17: Art.76 Limited Liability Companies - Kansas revised limited liability company act 17-7697"
"1RNBCC","United States of America","US","Kentucky","US-KY","Limited Liability Company (profit)","F2QV","member","English","en","member","","","2023-06-28","ACTV","","","","Kentucky Revised Statutes: Title XXIII: Ch.275 Limited Liability Companies - Kentucky Limited Liability Company Act 275.016"
"7UIU8P","United States of America","US","Kentucky","US-KY","Limited Liability Company (profit)","F2QV","registered agent","English","en","registered agent","","","2023-06-28","ACTV","","","","Kentucky Revised Statutes: Title XXIII: Ch.275 Limited Liability Companies - Kentucky Limited Liability Company Act 275.115"
"A9XILY","United States of America","US","Kentucky","US-KY","Corporation (profit)","QWPR","beneficial owner","English","en","beneficial owner","","","2023-06-28","ACTV","","","","Kentucky Revised Statutes: Title XXIII: Ch.271B Business Corporations - Kentucky Business Corporation Act 271B.7-230"
"B3HDCI","United States of America","US","Kentucky","US-KY","Corporation (profit)","QWPR","custodian","English","en","custodian","","","2023-06-28","ACTV","","","","Kentucky Revised Statutes: Title XXIII: Ch.271B Business Corporations - Kentucky Business Corporation Act 271B.14-310"
"DYMCOT","United States of America","US","Kentucky","US-KY","Corporation (profit)","QWPR","incorporator","English","en","incorporator","","","2023-06-28","ACTV","","","","Kentucky Revised Statutes: Title XXIII: Ch.271B Business Corporations - Kentucky Business Corporation Act 271B.2-010"
"GGPGPY","United States of America","US","Kentucky","US-KY","Corporation (profit)","QWPR","director","English","en","director","Dir.","","2023-06-28","ACTV","","","","Kentucky Revised Statutes: Title XXIII: Ch.271B Business Corporations - Kentucky Business Corporation Act 271B.2-050"
"IGQ6PY","United States of America","US","Kentucky","US-KY","Corporation (profit)","QWPR","assistant officer","English","en","assistant officer","","","2023-06-28","ACTV","","","","Kentucky Revised Statutes: Title XXIII: Ch.271B Business Corporations - Kentucky Business Corporation Act 271B.8-400"
"IVNVJJ","United States of America","US","Kentucky","US-KY","Corporation (profit)","QWPR","shareholder","English","en","shareholder","","","2023-06-28","ACTV","","","","Kentucky Revised Statutes: Title XXIII: Ch.271B Business Corporations - Kentucky Business Corporation Act 271B.1-400"
"JK8BY3","United States of America","US","Kentucky","US-KY","Corporation (profit)","QWPR","subscriber","English","en","subscriber","","","2023-06-28","ACTV","","","","Kentucky Revised Statutes: Title XXIII: Ch.271B Business Corporations - Kentucky Business Corporation Act 271B.1-400"
"MV2RDD","United States of America","US","Kentucky","US-KY","Corporation (profit)","QWPR","voting trustee","English","en","voting trustee","","","2023-06-28","ACTV","","","","Kentucky Revised Statutes: Title XXIII: Ch.271B Business Corporations - Kentucky Business Corporation Act 271B.7-300"
"P9P4NX","United States of America","US","Kentucky","US-KY","Limited Liability Company (profit)","F2QV","manager","English","en","manager","Mgr.","","2023-06-28","ACTV","","","","Kentucky Revised Statutes: Title XXIII: Ch.275 Limited Liability Companies - Kentucky Limited Liability Company Act 275.015"
"QUOTOF","United States of America","US","Kentucky","US-KY","Corporation (profit)","QWPR","receiver","English","en","receiver","","","2023-06-28","ACTV","","","","Kentucky Revised Statutes: Title XXIII: Ch.271B Business Corporations - Kentucky Business Corporation Act 271B.14-310"
"RAK0EH","United States of America","US","Kentucky","US-KY","Limited Liability Company (profit)","F2QV","organizer","English","en","organizer","","","2023-06-28","ACTV","","","","Kentucky Revised Statutes: Title XXIII: Ch.275 Limited Liability Companies - Kentucky Limited Liability Company Act 275.020"
"RJAGB6","United States of America","US","Kentucky","US-KY","Corporation (profit)","QWPR","secretary","English","en","secretary","Sec.","","2023-06-28","ACTV","","","","Kentucky Revised Statutes: Title XXIII: Ch.271B Business Corporations - Kentucky Business Corporation Act 271B.1-400"
"UVGAX8","United States of America","US","Kentucky","US-KY","Corporation (profit)","QWPR","officer","English","en","officer","","","2023-06-28","ACTV","","","","Kentucky Revised Statutes: Title XXIII: Ch.271B Business Corporations - Kentucky Business Corporation Act 271B.6-240"
"Z8AVLJ","United States of America","US","Kentucky","US-KY","Corporation (profit)","QWPR","registered agent","English","en","registered agent","","","2023-06-28","ACTV","","","","Kentucky Revised Statutes: Title XXIII: Ch.271B Business Corporations - Kentucky Business Corporation Act 271B.5-010"
"35QB3T","United States of America","US","Louisiana","US-LA","Domestic Corporation","NI44","record shareholder","English","en","record shareholder","","","2023-06-28","ACTV","","","","Louisiana Revised Statutes: Title 12 Corporations and Associations: Business Corporation Act - §1-140"
"5GXISI","United States of America","US","Louisiana","US-LA","Domestic Corporation","NI44","president","English","en","president","","","2023-06-28","ACTV","","","","Louisiana Revised Statutes: Title 12 Corporations and Associations: Business Corporation Act - §1-120"
"BBSO0W","United States of America","US","Louisiana","US-LA","Domestic Corporation","NI44","voting trust beneficial owner","English","en","voting trust beneficial owner","","","2023-06-28","ACTV","","","","Louisiana Revised Statutes: Title 12 Corporations and Associations: Business Corporation Act - §1-140"
"GKUQOS","United States of America","US","Louisiana","US-LA","Domestic Limited Liability Company","CD9O","registered agent","English","en","registered agent","","","2023-06-28","ACTV","","","","Louisiana Revised Statutes: Title 12: 1301: Ch.22 Limited Liability Companies §1308"
"GVXRYK","United States of America","US","Louisiana","US-LA","Domestic Corporation","NI44","liquidator","English","en","liquidator","","","2023-06-28","ACTV","","","","Louisiana Revised Statutes: Title 12 Corporations and Associations: Business Corporation Act - §1-1432"
"GXD9EA","United States of America","US","Louisiana","US-LA","Domestic Limited Liability Company","CD9O","manager","English","en","manager","Mgr.","","2023-06-28","ACTV","","","","Louisiana Revised Statutes: Title 12: 1301: Ch.22 Limited Liability Companies §1301"
"IDLEML","United States of America","US","Louisiana","US-LA","Domestic Corporation","NI44","officer","English","en","officer","","","2023-06-28","ACTV","","","","Louisiana Revised Statutes: Title 12 Corporations and Associations: Business Corporation Act - §1-120"
"J8MX3R","United States of America","US","Louisiana","US-LA","Domestic Limited Liability Company","CD9O","liquidator","English","en","liquidator","Liq.","","2023-06-28","ACTV","","","","Louisiana Revised Statutes: Title 12: 1301: Ch.22 Limited Liability Companies §1336"
"LMFSBU","United States of America","US","Louisiana","US-LA","Domestic Corporation","NI44","beneficial shareholder","English","en","beneficial shareholder","","","2023-06-28","ACTV","","","","Louisiana Revised Statutes: Title 12 Corporations and Associations: Business Corporation Act - §1-140"
"ONNJRJ","United States of America","US","Louisiana","US-LA","Domestic Corporation","NI44","registered agent","English","en","registered agent","","","2023-06-28","ACTV","","","","Louisiana Revised Statutes: Title 12 Corporations and Associations: Business Corporation Act - §1-120"
"PVC6UJ","United States of America","US","Louisiana","US-LA","Domestic Corporation","NI44","incorporator","English","en","incorporator","","","2023-06-28","ACTV","","","","Louisiana Revised Statutes: Title 12 Corporations and Associations: Business Corporation Act - §1-120"
"RHQDPL","United States of America","US","Louisiana","US-LA","Domestic Corporation","NI44","receiver","English","en","receiver","","","2023-06-28","ACTV","","","","Louisiana Revised Statutes: Title 12 Corporations and Associations: Business Corporation Act - §1-1432"
"T9YGJY","United States of America","US","Louisiana","US-LA","Domestic Limited Liability Company","CD9O","member","English","en","member","","","2023-06-28","ACTV","","","","Louisiana Revised Statutes: Title 12: 1301: Ch.22 Limited Liability Companies §1301"
"TFUSYH","United States of America","US","Louisiana","US-LA","Domestic Corporation","NI44","director","English","en","director","","","2023-06-28","ACTV","","","","Louisiana Revised Statutes: Title 12 Corporations and Associations: Business Corporation Act - §1-120"
"UXEPDD","United States of America","US","Louisiana","US-LA","Domestic Corporation","NI44","voting trustee","English","en","voting trustee","","","2023-06-28","ACTV","","","","Louisiana Revised Statutes: Title 12 Corporations and Associations: Business Corporation Act - §1-730"
"VNYBYA","United States of America","US","Louisiana","US-LA","Domestic Corporation","NI44","secretary","English","en","secretary","","","2023-06-28","ACTV","","","","Louisiana Revised Statutes: Title 12 Corporations and Associations: Business Corporation Act - §1-140"
"W4XH8W","United States of America","US","Louisiana","US-LA","Domestic Corporation","NI44","qualified director","English","en","qualified director","","","2023-06-28","ACTV","","","","Louisiana Revised Statutes: Title 12 Corporations and Associations: Business Corporation Act - §1-140"
"W5KI2E","United States of America","US","Louisiana","US-LA","Domestic Corporation","NI44","chairman","English","en","chairman","","","2023-06-28","ACTV","","","","Louisiana Revised Statutes: Title 12 Corporations and Associations: Business Corporation Act - §1-120"
"YBCAEA","United States of America","US","Louisiana","US-LA","Domestic Corporation","NI44","subscriber","English","en","subscriber","","","2023-06-28","ACTV","","","","Louisiana Revised Statutes: Title 12 Corporations and Associations: Business Corporation Act - §1-140"
"ZCBHX4","United States of America","US","Louisiana","US-LA","Domestic Corporation","NI44","shareholder","English","en","shareholder","","","2023-06-28","ACTV","","","","Louisiana Revised Statutes: Title 12 Corporations and Associations: Business Corporation Act - §1-140"
"ZZUTND","United States of America","US","Louisiana","US-LA","Domestic Corporation","NI44","interest holder","English","en","interest holder","","","2023-06-28","ACTV","","","","Louisiana Revised Statutes: Title 12 Corporations and Associations: Business Corporation Act - §1-140"
"3JMPZR","United States of America","US","Maine","US-ME","Business Corporation","TTB4","assistant officer","English","en","assistant officer","","","2023-06-28","ACTV","","","","Maine Revised Statutes: Title 13-C - Maine Business Corporation Act § 841"
"A3YFAT","United States of America","US","Maine","US-ME","Business Corporation","TTB3","director","English","en","director","Dir.","","2023-06-28","ACTV","","","","Maine Revised Statutes: Title 13-C - Maine Business Corporation Act § 205"
"B8XFRZ","United States of America","US","Maine","US-ME","Business Corporation","TTB3","receiver","English","en","receiver","","","2023-06-28","ACTV","","","","Maine Revised Statutes: Title 13-C - Maine Business Corporation Act § 121"
"CMJB3B","United States of America","US","Maine","US-ME","Business Corporation","TTB3","clerk","English","en","clerk","","","2023-06-28","ACTV","","","","Maine Revised Statutes: Title 13-C - Maine Business Corporation Act § 511"
"FJULMM","United States of America","US","Maine","US-ME","Business Corporation","TTB3","incorporator","English","en","incorporator","","","2023-06-28","ACTV","","","","Maine Revised Statutes: Title 13-C - Maine Business Corporation Act § 121"
"FKHM1U","United States of America","US","Maine","US-ME","Business Corporation","TTB3","interest holder","English","en","interest holder","","","2023-06-28","ACTV","","","","Maine Revised Statutes: Title 13-C - Maine Business Corporation Act § 102"
"HDTQ0V","United States of America","US","Maine","US-ME","Limited Liability Company","53DC","officer","English","en","officer","","","2023-06-28","ACTV","","","","Maine Revised Statutes: Title 31: Ch.21 Limited Liabiity Companies - Maine Limited Liability Company Act § 1560"
"KXJDRC","United States of America","US","Maine","US-ME","Business Corporation","TTB3","president","English","en","president","Pres.","","2023-06-28","ACTV","","","","Maine Revised Statutes: Title 13-C - Maine Business Corporation Act § 121, 842"
"MRVLUG","United States of America","US","Maine","US-ME","Limited Liability Company","53DC","secretary","English","en","secretary","Sec.","","2023-06-28","ACTV","","","","Maine Revised Statutes: Title 31: Ch.21 Limited Liabiity Companies - Maine Limited Liability Company Act § 1560"
"P9ZQLF","United States of America","US","Maine","US-ME","Business Corporation","TTB3","registered agent","English","en","registered agent","","","2023-06-28","ACTV","","","","Maine Revised Statutes: Title 13-C - Maine Business Corporation Act § 512 - referring to Title 5, sec. 113"
"PB4E12","United States of America","US","Maine","US-ME","Business Corporation","TTB3","shareholder","English","en","shareholder","","","2023-06-28","ACTV","","","","Maine Revised Statutes: Title 13-C - Maine Business Corporation Act § 102"
"PMHOX4","United States of America","US","Maine","US-ME","Limited Liability Company","53DC","member","English","en","member","","","2023-06-28","ACTV","","","","Maine Revised Statutes: Title 31: Ch.21 Limited Liabiity Companies - Maine Limited Liability Company Act § 1502"
"RAPRTG","United States of America","US","Maine","US-ME","Business Corporation","TTB3","chair","English","en","chair","Ch.","","2023-06-28","ACTV","","","","Maine Revised Statutes: Title 13-C - Maine Business Corporation Act § 121"
"RYQYM0","United States of America","US","Maine","US-ME","Limited Liability Company","53DC","registered agent","English","en","registered agent","","","2023-06-28","ACTV","","","","Maine Revised Statutes: Title 31: Ch.21 Limited Liabiity Companies - Maine Limited Liability Company Act § 1592, 1661"
"S1SFEU","United States of America","US","Maine","US-ME","Business Corporation","TTB3","officer","English","en","officer","","","2023-06-28","ACTV","","","","Maine Revised Statutes: Title 13-C - Maine Business Corporation Act § 121"
"SZBHWO","United States of America","US","Maine","US-ME","Limited Liability Company","53DC","director","English","en","director","Dir.","","2023-06-28","ACTV","","","","Maine Revised Statutes: Title 31: Ch.21 Limited Liabiity Companies - Maine Limited Liability Company Act § 1560"
"UNEHSF","United States of America","US","Maine","US-ME","Limited Liability Company","53DC","treasurer","English","en","treasurer","Treas.","","2023-06-28","ACTV","","","","Maine Revised Statutes: Title 31: Ch.21 Limited Liabiity Companies - Maine Limited Liability Company Act § 1560"
"V6NYCE","United States of America","US","Maine","US-ME","Business Corporation","TTB3","member","English","en","member","","","2023-06-28","ACTV","","","","Maine Revised Statutes: Title 13-C - Maine Business Corporation Act § 102"
"XNZYYQ","United States of America","US","Maine","US-ME","Business Corporation","TTB3","subscriber","English","en","subscriber","","","2023-06-28","ACTV","","","","Maine Revised Statutes: Title 13-C - Maine Business Corporation Act § 102"
"ZGZDBM","United States of America","US","Maine","US-ME","Business Corporation","TTB3","qualified director","English","en","qualified director","Qual.Dir.","","2023-06-28","ACTV","","","","Maine Revised Statutes: Title 13-C - Maine Business Corporation Act § 102"
"08X2MA","United States of America","US","Maryland","US-MD","Stock Corporation","HLR5","officer","English","en","officer","","","2023-06-28","ACTV","","","","Maryland Code: Corporations and Associations: Titles 1-3 - Maryland General Corporation Law §1-301"
"3Q15T1","United States of America","US","Maryland","US-MD","Stock Corporation","HLR4","secretary","English","en","secretary","Sec.","","2023-06-28","ACTV","","","","Maryland Code: Corporations and Associations: Titles 1-3 - Maryland General Corporation Law §1-301, 2-412"
"5BOGMT","United States of America","US","Maryland","US-MD","Stock Corporation","HLR4","vice-chairman","English","en","vice-chairman","","","2023-06-28","ACTV","","","","Maryland Code: Corporations and Associations: Titles 1-3 - Maryland General Corporation Law §1-301"
"705OOM","United States of America","US","Maryland","US-MD","Stock Corporation","HLR4","assistant treasurer","English","en","assistant treasurer","","","2023-06-28","ACTV","","","","Maryland Code: Corporations and Associations: Titles 1-3 - Maryland General Corporation Law §1-301"
"7QS1GT","United States of America","US","Maryland","US-MD","Stock Corporation","HLR4","director","English","en","director","Dir.","","2023-06-28","ACTV","","","","Maryland Code: Corporations and Associations: Titles 1-3 - Maryland General Corporation Law §1-101"
"9CRVOJ","United States of America","US","Maryland","US-MD","Stock Corporation","HLR4","chairman","English","en","chairman","Ch.","","2023-06-28","ACTV","","","","Maryland Code: Corporations and Associations: Titles 1-3 - Maryland General Corporation Law §1-301"
"BUTBO8","United States of America","US","Maryland","US-MD","Stock Corporation","HLR4","chief executive officer","English","en","chief executive officer","CEO","","2023-06-28","ACTV","","","","Maryland Code: Corporations and Associations: Titles 1-3 - Maryland General Corporation Law §1-301"
"JPPMPO","United States of America","US","Maryland","US-MD","Stock Corporation","HLR4","assistant secretary","English","en","assistant secretary","Asst.Sec.","","2023-06-28","ACTV","","","","Maryland Code: Corporations and Associations: Titles 1-3 - Maryland General Corporation Law §1-301"
"LPTGBT","United States of America","US","Maryland","US-MD","Stock Corporation","HLR4","treasurer","English","en","treasurer","Treas.","","2023-06-28","ACTV","","","","Maryland Code: Corporations and Associations: Titles 1-3 - Maryland General Corporation Law §1-301, 2-412"
"M06A7C","United States of America","US","Maryland","US-MD","Stock Corporation","HLR6","subscriber","English","en","subscriber","","","2023-06-28","ACTV","","","","Maryland Code: Corporations and Associations: Titles 1-3 - Maryland General Corporation Law §2-215"
"MYKFT3","United States of America","US","Maryland","US-MD","Limited Liability Company","JJ9M","member","English","en","member","","","2023-06-28","ACTV","","","","Maryland Code: Corporations and Associations: Title 4A Limited Liability Company Act § 4A-101"
"NXT8AY","United States of America","US","Maryland","US-MD","Stock Corporation","HLR4","stockholder","English","en","stockholder","","","2023-06-28","ACTV","","","","Maryland Code: Corporations and Associations: Titles 1-3 - Maryland General Corporation Law §1-301"
"OBOXXW","United States of America","US","Maryland","US-MD","Stock Corporation","HLR4","receiver","English","en","receiver","","","2023-06-28","ACTV","","","","Maryland Code: Corporations and Associations: Titles 1-3 - Maryland General Corporation Law §2-215"
"PTUSKX","United States of America","US","Maryland","US-MD","Stock Corporation","HLR4","chief operating officer","English","en","chief operating officer","COO","","2023-06-28","ACTV","","","","Maryland Code: Corporations and Associations: Titles 1-3 - Maryland General Corporation Law §1-301"
"PYJ4WA","United States of America","US","Maryland","US-MD","Limited Liability Company","JJ9M","resident agent","English","en","resident agent","","","2023-06-28","ACTV","","","","Maryland Code: Corporations and Associations: Title 4A Limited Liability Company Act § 4A-210"
"RGERZA","United States of America","US","Maryland","US-MD","Stock Corporation","HLR4","chief financial officer","English","en","chief financial officer","CFO","","2023-06-28","ACTV","","","","Maryland Code: Corporations and Associations: Titles 1-3 - Maryland General Corporation Law §1-301"
"SSOBZ3","United States of America","US","Maryland","US-MD","Stock Corporation","HLR4","vice president","English","en","vice president","VP","","2023-06-28","ACTV","","","","Maryland Code: Corporations and Associations: Titles 1-3 - Maryland General Corporation Law §1-301"
"TXRERL","United States of America","US","Maryland","US-MD","Stock Corporation","HLR4","president","English","en","president","Pres.","","2023-06-28","ACTV","","","","Maryland Code: Corporations and Associations: Titles 1-3 - Maryland General Corporation Law §1-301, 2-412"
"XGPQKU","United States of America","US","Maryland","US-MD","Stock Corporation","HLR4","resident agent","English","en","resident agent","","","2023-06-28","ACTV","","","","Maryland Code: Corporations and Associations: Titles 1-3 - Maryland General Corporation Law §1-102"
"5SMCJR","United States of America","US","Massachusetts","US-MA","Domestic Business Corporation","ZJTK","receiver","English","en","receiver","","","2023-06-28","ACTV","","","","General Laws: Part 1: Title XXII: Ch.156D Business Corporations - Massachusetts Business Corporation Act s.14.32"
"7MZKOU","United States of America","US","Massachusetts","US-MA","Limited Liability Company","BYFU","manager","English","en","manager","Mgr.","","2023-06-28","ACTV","","","","General Laws: Part 1: Title XXII: Ch.156C - Massachusetts Limited Liability Company Act s.2"
"7VX7DW","United States of America","US","Massachusetts","US-MA","Domestic Business Corporation","ZJTK","custodian","English","en","custodian","","","2023-06-28","ACTV","","","","General Laws: Part 1: Title XXII: Ch.156D Business Corporations - Massachusetts Business Corporation Act s.14.32"
"95YGWE","United States of America","US","Massachusetts","US-MA","Domestic Business Corporation","ZJTK","treasurer","English","en","treasurer","Treas.","","2023-06-28","ACTV","","","","General Laws: Part 1: Title XXII: Ch.156D Business Corporations - Massachusetts Business Corporation Act s.8.40"
"BOFJAC","United States of America","US","Massachusetts","US-MA","Domestic Business Corporation","ZJTK","beneficial owner","English","en","beneficial owner","","","2023-06-28","ACTV","","","","General Laws: Part 1: Title XXII: Ch.156D Business Corporations - Massachusetts Business Corporation Act s.7.23"
"EHF4DS","United States of America","US","Massachusetts","US-MA","Domestic Business Corporation","ZJTK","secretary","English","en","secretary","Sec.","","2023-06-28","ACTV","","","","General Laws: Part 1: Title XXII: Ch.156D Business Corporations - Massachusetts Business Corporation Act s.1.40"
"F9ATLL","United States of America","US","Massachusetts","US-MA","Domestic Business Corporation","ZJTK","president","English","en","president","Pres.","","2023-06-28","ACTV","","","","General Laws: Part 1: Title XXII: Ch.156D Business Corporations - Massachusetts Business Corporation Act s.8.40"
"GSMGKA","United States of America","US","Massachusetts","US-MA","Domestic Business Corporation","ZJTK","incorporator","English","en","incorporator","","","2023-06-28","ACTV","","","","General Laws: Part 1: Title XXII: Ch.156D Business Corporations - Massachusetts Business Corporation Act s.2.01"
"HXVMS7","United States of America","US","Massachusetts","US-MA","Domestic Business Corporation","ZJTK","director","English","en","director","Dir.","","2023-06-28","ACTV","","","","General Laws: Part 1: Title XXII: Ch.156D Business Corporations - Massachusetts Business Corporation Act s.7.28"
"M2FJYJ","United States of America","US","Massachusetts","US-MA","Domestic Business Corporation","ZJTK","shareholder","English","en","shareholder","","","2023-06-28","ACTV","","","","General Laws: Part 1: Title XXII: Ch.156D Business Corporations - Massachusetts Business Corporation Act s.1.40"
"MUTROU","United States of America","US","Massachusetts","US-MA","Voluntary Association and Business Trusts","Z73Z","trustee","English","en","trustee","","","2023-06-28","ACTV","","","","General Laws: Part 1: Title XXII: Ch.182 VOLUNTARY ASSOCIATIONS AND CERTAIN TRUSTS s.2"
"N0DHMC","United States of America","US","Massachusetts","US-MA","Domestic Business Corporation","ZJTK","assistant officer","English","en","assistant officer","","","2023-06-28","ACTV","","","","General Laws: Part 1: Title XXII: Ch.156D Business Corporations - Massachusetts Business Corporation Act s.8.40"
"PVJB0E","United States of America","US","Massachusetts","US-MA","Limited Liability Company","BYFU","resident agent","English","en","resident agent","","","2023-06-28","ACTV","","","","General Laws: Part 1: Title XXII: Ch.156C - Massachusetts Limited Liability Company Act s.5"
"QDKC3R","United States of America","US","Massachusetts","US-MA","Domestic Business Corporation","ZJTK","assistant secretary","English","en","assistant secretary","Asst.Sec.","","2023-06-28","ACTV","","","","General Laws: Part 1: Title XXII: Ch.156D Business Corporations - Massachusetts Business Corporation Act s.8.40"
"QE6TLO","United States of America","US","Massachusetts","US-MA","Domestic Business Corporation","ZJTK","subscriber","English","en","subscriber","","","2023-06-28","ACTV","","","","General Laws: Part 1: Title XXII: Ch.156D Business Corporations - Massachusetts Business Corporation Act s.1.40"
"TM3AYZ","United States of America","US","Massachusetts","US-MA","Domestic Business Corporation","ZJTK","registered agent","English","en","registered agent","","","2023-06-28","ACTV","","","","General Laws: Part 1: Title XXII: Ch.156D Business Corporations - Massachusetts Business Corporation Act s.5.01"
"TUYTCQ","United States of America","US","Massachusetts","US-MA","Limited Liability Company","BYFU","member","English","en","member","","","2023-06-28","ACTV","","","","General Laws: Part 1: Title XXII: Ch.156C - Massachusetts Limited Liability Company Act s.2"
"WNHJHM","United States of America","US","Massachusetts","US-MA","Domestic Business Corporation","ZJTK","interest holder","English","en","interest holder","","","2023-06-28","ACTV","","","","General Laws: Part 1: Title XXII: Ch.156D Business Corporations - Massachusetts Business Corporation Act s.1.40"
"XV2NZ5","United States of America","US","Massachusetts","US-MA","Domestic Business Corporation","ZJTK","voting trustee","English","en","voting trustee","","","2023-06-28","ACTV","","","","General Laws: Part 1: Title XXII: Ch.156D Business Corporations - Massachusetts Business Corporation Act s.7.30"
"ZBLB3L","United States of America","US","Massachusetts","US-MA","Domestic Business Corporation","ZJTK","officer","English","en","officer","","","2023-06-28","ACTV","","","","General Laws: Part 1: Title XXII: Ch.156D Business Corporations - Massachusetts Business Corporation Act s.8.40"
"1CKOEH","United States of America","US","Michigan","US-MI","Corporation (For-Profit)","U7HC","independent director","English","en","independent director","Ind.Dir.","","2023-06-28","ACTV","","","","2021 Michigan Compiled Laws: Ch. 450 - Corporations Act 284 of 1972 - Business Corporation Act 450.1107"
"9WMLST","United States of America","US","Michigan","US-MI","Corporation (For-Profit)","U7HC","chairman","English","en","chairman","Ch.","","2023-06-28","ACTV","","","","2021 Michigan Compiled Laws: Ch. 450 - Corporations Act 284 of 1972 - Business Corporation Act 450.1531"
"ABMCPX","United States of America","US","Michigan","US-MI","Corporation (For-Profit)","U7HC","shareholder","English","en","shareholder","","","2023-06-28","ACTV","","","","2021 Michigan Compiled Laws: Ch. 450 - Corporations Act 284 of 1972 - Business Corporation Act 450.1201"
"FT11JQ","United States of America","US","Michigan","US-MI","Limited Liability Company","LJH5","manager","English","en","manager","Mgr.","","2023-06-28","ACTV","","","","2021 Michigan Compiled Laws: Ch.50 Corporations Act 23 of 1993 - Michigan Limited Liability Company Act 450.4102"
"H7FBLU","United States of America","US","Michigan","US-MI","Corporation (For-Profit)","U7HC","officer","English","en","officer","","","2023-06-28","ACTV","","","","2021 Michigan Compiled Laws: Ch. 450 - Corporations Act 284 of 1972 - Business Corporation Act 450.1223"
"MZVPUX","United States of America","US","Michigan","US-MI","Corporation (For-Profit)","U7HC","incorporator","English","en","incorporator","","","2023-06-28","ACTV","","","","2021 Michigan Compiled Laws: Ch. 450 - Corporations Act 284 of 1972 - Business Corporation Act 450.1109"
"O0MMRJ","United States of America","US","Michigan","US-MI","Corporation (For-Profit)","U7HC","secretary","English","en","secretary","Sec.","","2023-06-28","ACTV","","","","2021 Michigan Compiled Laws: Ch. 450 - Corporations Act 284 of 1972 - Business Corporation Act 450.1531"
"PEB0HT","United States of America","US","Michigan","US-MI","Corporation (For-Profit)","U7HC","director","English","en","director","Dir.","","2023-06-28","ACTV","","","","2021 Michigan Compiled Laws: Ch. 450 - Corporations Act 284 of 1972 - Business Corporation Act 450.1106"
"Q1JRNX","United States of America","US","Michigan","US-MI","Limited Liability Company","LJH5","resident agent","English","en","resident agent","","","2023-06-28","ACTV","","","","2021 Michigan Compiled Laws: Ch.50 Corporations Act 23 of 1993 - Michigan Limited Liability Company Act 450.4207"
"QX8SBZ","United States of America","US","Michigan","US-MI","Limited Liability Company","LJH5","member","English","en","member","","","2023-06-28","ACTV","","","","2021 Michigan Compiled Laws: Ch.50 Corporations Act 23 of 1993 - Michigan Limited Liability Company Act 450.4102"
"R0QBAY","United States of America","US","Michigan","US-MI","Corporation (For-Profit)","U7HC","president","English","en","president","Pres.","","2023-06-28","ACTV","","","","2021 Michigan Compiled Laws: Ch. 450 - Corporations Act 284 of 1972 - Business Corporation Act 450.1531"
"SCFXSG","United States of America","US","Michigan","US-MI","Corporation (For-Profit)","U7HC","treasurer","English","en","treasurer","Treas.","","2023-06-28","ACTV","","","","2021 Michigan Compiled Laws: Ch. 450 - Corporations Act 284 of 1972 - Business Corporation Act 450.1531"
"UEZFGU","United States of America","US","Michigan","US-MI","Corporation (For-Profit)","U7HC","registered agent","English","en","registered agent","","","2023-06-28","ACTV","","","","2021 Michigan Compiled Laws: Ch. 450 - Corporations Act 284 of 1972 - Business Corporation Act 450.1241"
"ZJEDT7","United States of America","US","Michigan","US-MI","Corporation (For-Profit)","U7HC","vice president","English","en","vice president","VP","","2023-06-28","ACTV","","","","2021 Michigan Compiled Laws: Ch. 450 - Corporations Act 284 of 1972 - Business Corporation Act 450.1531"
"88GTMC","United States of America","US","Minnesota","US-MN","Business Corporation","S2K8","shareholder","English","en","shareholder","","","2023-06-28","ACTV","","","","2021 Minnesota Statutes: Ch. 302A. BUSINESS CORPORATIONS - Minnesota Business Corporation Act 302A.011"
"8ZXG5S","United States of America","US","Minnesota","US-MN","Business Corporation","S2K8","incorporator","English","en","incorporator","","","2023-06-28","ACTV","","","","2021 Minnesota Statutes: Ch. 302A. BUSINESS CORPORATIONS - Minnesota Business Corporation Act 302A.105"
"9GDBHO","United States of America","US","Minnesota","US-MN","Limited Liability Company","BQRL","member","English","en","member","","","2023-06-28","ACTV","","","","2021 Minnesota Statutes: Ch. 322C. Minnesota Revised Uniform Limited Liability Company Act 322C.0102"
"AU6879","United States of America","US","Minnesota","US-MN","Business Corporation","S2K8","officer","English","en","officer","","","2023-06-28","ACTV","","","","2021 Minnesota Statutes: Ch. 302A. BUSINESS CORPORATIONS - Minnesota Business Corporation Act 302A.011"
"C2ZDPX","United States of America","US","Minnesota","US-MN","Limited Liability Company","BQRL","governor","English","en","governor","Gov.","","2023-06-28","ACTV","","","","2021 Minnesota Statutes: Ch. 322C. Minnesota Revised Uniform Limited Liability Company Act 322C.0102"
"DT0AKH","United States of America","US","Minnesota","US-MN","Business Corporation","S2K8","voting trustee","English","en","voting trustee","","","2023-06-28","ACTV","","","","2021 Minnesota Statutes: Ch. 302A. BUSINESS CORPORATIONS - Minnesota Business Corporation Act 302A.453"
"DXCHXX","United States of America","US","Minnesota","US-MN","Business Corporation","S2K8","chief executive officer","English","en","chief executive officer","CEO","","2023-06-28","ACTV","","","","2021 Minnesota Statutes: Ch. 302A. BUSINESS CORPORATIONS - Minnesota Business Corporation Act 302A.301"
"FJWSJV","United States of America","US","Minnesota","US-MN","Business Corporation","S2K8","registered agent","English","en","registered agent","","","2023-06-28","ACTV","","","","2021 Minnesota Statutes: Ch. 302A. BUSINESS CORPORATIONS - Minnesota Business Corporation Act 302A.121"
"FNRKEJ","United States of America","US","Minnesota","US-MN","Business Corporation","S2K8","owner","English","en","owner","","","2023-06-28","ACTV","","","","2021 Minnesota Statutes: Ch. 302A. BUSINESS CORPORATIONS - Minnesota Business Corporation Act 302A.011"
"HUVHRS","United States of America","US","Minnesota","US-MN","Business Corporation","S2K8","chief financial officer","English","en","chief financial officer","CFO","","2023-06-28","ACTV","","","","2021 Minnesota Statutes: Ch. 302A. BUSINESS CORPORATIONS - Minnesota Business Corporation Act 302A.301"
"MR1PDT","United States of America","US","Minnesota","US-MN","Limited Liability Company","BQRL","manager","English","en","manager","Mgr.","","2023-06-28","ACTV","","","","2021 Minnesota Statutes: Ch. 322C. Minnesota Revised Uniform Limited Liability Company Act 322C.0102"
"O5ZD6K","United States of America","US","Minnesota","US-MN","Limited Liability Company","BQRL","registered agent","English","en","registered agent","","","2023-06-28","ACTV","","","","2021 Minnesota Statutes: Ch. 322C. Minnesota Revised Uniform Limited Liability Company Act 322C.0113"
"QAP8PI","United States of America","US","Minnesota","US-MN","Limited Liability Company","BQRL","organizer","English","en","organizer","","","2023-06-28","ACTV","","","","2021 Minnesota Statutes: Ch. 322C. Minnesota Revised Uniform Limited Liability Company Act 322C.0102"
"QMHX5J","United States of America","US","Minnesota","US-MN","Business Corporation","S2K8","receiver","English","en","receiver","","","2023-06-28","ACTV","","","","2021 Minnesota Statutes: Ch. 302A. BUSINESS CORPORATIONS - Minnesota Business Corporation Act 302A.755"
"TCFEDD","United States of America","US","Minnesota","US-MN","Business Corporation","S2K8","director","English","en","director","Dir.","","2023-06-28","ACTV","","","","2021 Minnesota Statutes: Ch. 302A. BUSINESS CORPORATIONS - Minnesota Business Corporation Act 302A.011"
"XRFLHO","United States of America","US","Minnesota","US-MN","Business Corporation","S2K8","beneficial owner","English","en","beneficial owner","","","2023-06-28","ACTV","","","","2021 Minnesota Statutes: Ch. 302A. BUSINESS CORPORATIONS - Minnesota Business Corporation Act 302A.011"
"ZHIY9H","United States of America","US","Minnesota","US-MN","Business Corporation","S2K8","interested shareholder","English","en","interested shareholder","","","2023-06-28","ACTV","","","","2021 Minnesota Statutes: Ch. 302A. BUSINESS CORPORATIONS - Minnesota Business Corporation Act 302A.011"
"0IHKFU","United States of America","US","Mississippi","US-MS","Business Corporation","XST3","incorporator","English","en","incorporator","","","2023-06-28","ACTV","","","","Mississippi Uniform Commercial Code: Title 79: Ch. 4 - Mississippi Business Corporation Act § 79-4-2.01"
"1FWPRU","United States of America","US","Mississippi","US-MS","Business Corporation","XST3","qualified director","English","en","qualified director","Qual.Dir.","","2023-06-28","ACTV","","","","Mississippi Uniform Commercial Code: Title 79: Ch. 4 - Mississippi Business Corporation Act § 79-4-1.40"
"5GGL6A","United States of America","US","Mississippi","US-MS","Business Corporation","XST3","registered agent","English","en","registered agent","","","2023-06-28","ACTV","","","","Mississippi Uniform Commercial Code: Title 79: Ch. 4 - Mississippi Business Corporation Act § 79-4-14.05"
"9N34PB","United States of America","US","Mississippi","US-MS","Business Corporation","XST3","shareholder","English","en","shareholder","","","2023-06-28","ACTV","","","","Mississippi Uniform Commercial Code: Title 79: Ch. 4 - Mississippi Business Corporation Act § 79-4-1.40"
"C0E5VW","United States of America","US","Mississippi","US-MS","Limited Liability Company","WPCN","manager","English","en","manager","Mgr.","","2023-06-28","ACTV","","","","Mississippi Uniform Commercial Code: Title 79: Ch. 29 - Revised Mississippi Limited Liability Company Act § 79-29-105"
"DORADS","United States of America","US","Mississippi","US-MS","Business Corporation","XST3","director","English","en","director","Dir.","","2023-06-28","ACTV","","","","Mississippi Uniform Commercial Code: Title 79: Ch. 4 - Mississippi Business Corporation Act § 79-4-2.05"
"ECCDMM","United States of America","US","Mississippi","US-MS","Business Corporation","XST3","secretary","English","en","secretary","Sec.","","2023-06-28","ACTV","","","","Mississippi Uniform Commercial Code: Title 79: Ch. 4 - Mississippi Business Corporation Act § 79-4-1.40"
"J71DCE","United States of America","US","Mississippi","US-MS","Limited Liability Company","WPCN","registered agent","English","en","registered agent","","","2023-06-28","ACTV","","","","Mississippi Uniform Commercial Code: Title 79: Ch. 29 - Revised Mississippi Limited Liability Company Act § 79-29-113"
"JWYWIR","United States of America","US","Mississippi","US-MS","Limited Liability Company","WPCN","receiver","English","en","receiver","","","2023-06-28","ACTV","","","","Mississippi Uniform Commercial Code: Title 79: Ch. 29 - Revised Mississippi Limited Liability Company Act § 79-29-803"
"LZGCWP","United States of America","US","Mississippi","US-MS","Limited Liability Company","WPCN","liquidating trustee","English","en","liquidating trustee","","","2023-06-28","ACTV","","","","Mississippi Uniform Commercial Code: Title 79: Ch. 29 - Revised Mississippi Limited Liability Company Act § 79-29-403"
"OD4E30","United States of America","US","Mississippi","US-MS","Business Corporation","XST3","subscriber","English","en","subscriber","","","2023-06-28","ACTV","","","","Mississippi Uniform Commercial Code: Title 79: Ch. 4 - Mississippi Business Corporation Act § 79-4-1.40"
"VPQHRI","United States of America","US","Mississippi","US-MS","Limited Liability Company","WPCN","member","English","en","member","","","2023-06-28","ACTV","","","","Mississippi Uniform Commercial Code: Title 79: Ch. 29 - Revised Mississippi Limited Liability Company Act § 79-29-105"
"VWHLPD","United States of America","US","Mississippi","US-MS","Limited Liability Company","WPCN","officer","English","en","officer","","","2023-06-28","ACTV","","","","Mississippi Uniform Commercial Code: Title 79: Ch. 29 - Revised Mississippi Limited Liability Company Act § 79-29-105"
"WJLRIL","United States of America","US","Mississippi","US-MS","Limited Liability Company","WPCN","custodian","English","en","custodian","","","2023-06-28","ACTV","","","","Mississippi Uniform Commercial Code: Title 79: Ch. 29 - Revised Mississippi Limited Liability Company Act § 79-29-803"
"0CGNG5","United States of America","US","Missouri","US-MO","For-Profit Corporation","KC7Z","receiver","English","en","receiver","","","2023-06-28","ACTV","","","","Missouri Revised Statutes: Ch. 351 — The General and Business Corporation Law of Missouri 351.046"
"0RU6CQ","United States of America","US","Missouri","US-MO","For-Profit Corporation","KC7Z","incorporator","English","en","incorporator","","","2023-06-28","ACTV","","","","Missouri Revised Statutes: Ch. 351 — The General and Business Corporation Law of Missouri 351.015"
"3X6BXP","United States of America","US","Missouri","US-MO","Limited Liability Company","7F5B","receiver","English","en","receiver","","","2023-06-28","ACTV","","","","Missouri Revised Statutes: Ch. 347 — Limited Liability Companies - Mergers and Consolidations of Business Organizations 347.047"
"6LZ2XW","United States of America","US","Missouri","US-MO","For-Profit Corporation","KC7Z","custodian","English","en","custodian","","","2023-06-28","ACTV","","","","Missouri Revised Statutes: Ch. 351 — The General and Business Corporation Law of Missouri 351.498"
"81CMNP","United States of America","US","Missouri","US-MO","For-Profit Corporation","KC7Z","president","English","en","president","Pres.","","2023-06-28","ACTV","","","","Missouri Revised Statutes: Ch. 351 — The General and Business Corporation Law of Missouri 351.046"
"HIQBSE","United States of America","US","Missouri","US-MO","For-Profit Corporation","KC7Z","shareholder","English","en","shareholder","","","2023-06-28","ACTV","","","","Missouri Revised Statutes: Ch. 351 — The General and Business Corporation Law of Missouri 351.015"
"J9ODXN","United States of America","US","Missouri","US-MO","Limited Liability Company","7F5B","organizer","English","en","organizer","","","2023-06-28","ACTV","","","","Missouri Revised Statutes: Ch. 347 — Limited Liability Companies - Mergers and Consolidations of Business Organizations 347.015"
"ONOPBN","United States of America","US","Missouri","US-MO","For-Profit Corporation","KC7Z","director","English","en","director","Dir.","","2023-06-28","ACTV","","","","Missouri Revised Statutes: Ch. 351 — The General and Business Corporation Law of Missouri 351.046"
"PCQKNO","United States of America","US","Missouri","US-MO","For-Profit Corporation","KC7Z","registered agent","English","en","registered agent","","","2023-06-28","ACTV","","","","Missouri Revised Statutes: Ch. 351 — The General and Business Corporation Law of Missouri 351.370"
"PG80YX","United States of America","US","Missouri","US-MO","For-Profit Corporation","KC7Z","subscriber","English","en","subscriber","","","2023-06-28","ACTV","","","","Missouri Revised Statutes: Ch. 351 — The General and Business Corporation Law of Missouri 351.015"
"PZR2ZX","United States of America","US","Missouri","US-MO","For-Profit Corporation","KC7Z","secretary","English","en","secretary","Sec.","","2023-06-28","ACTV","","","","Missouri Revised Statutes: Ch. 351 — The General and Business Corporation Law of Missouri 351.285"
"UXNRGX","United States of America","US","Missouri","US-MO","For-Profit Corporation","KC7Z","officer","English","en","officer","","","2023-06-28","ACTV","","","","Missouri Revised Statutes: Ch. 351 — The General and Business Corporation Law of Missouri 351.046"
"UZYRUJ","United States of America","US","Missouri","US-MO","Limited Liability Company","7F5B","registered agent","English","en","registered agent","","","2023-06-28","ACTV","","","","Missouri Revised Statutes: Ch. 347 — Limited Liability Companies - Mergers and Consolidations of Business Organizations 347.030"
"WODEOU","United States of America","US","Missouri","US-MO","For-Profit Corporation","KC7Z","chairman","English","en","chairman","Ch.","","2023-06-28","ACTV","","","","Missouri Revised Statutes: Ch. 351 — The General and Business Corporation Law of Missouri 351.046"
"WQDTIV","United States of America","US","Missouri","US-MO","Limited Liability Company","7F5B","manager","English","en","manager","Mgr.","","2023-06-28","ACTV","","","","Missouri Revised Statutes: Ch. 347 — Limited Liability Companies - Mergers and Consolidations of Business Organizations 347.015"
"YTBM3U","United States of America","US","Missouri","US-MO","Limited Liability Company","7F5B","member","English","en","member","","","2023-06-28","ACTV","","","","Missouri Revised Statutes: Ch. 347 — Limited Liability Companies - Mergers and Consolidations of Business Organizations 347.015"
"YTMR9C","United States of America","US","Missouri","US-MO","For-Profit Corporation","KC7Z","chief executive officer","English","en","chief executive officer","CEO","","2023-06-28","ACTV","","","","Missouri Revised Statutes: Ch. 351 — The General and Business Corporation Law of Missouri 351.360"
"10SHPP","United States of America","US","Montana","US-MT","Corporation","9STD","shareholder","English","en","shareholder","","","2023-06-28","ACTV","","","","Montana Code 2021: TITLE 35: Ch. 14 - Montana Business Corporation Act 35-14-143"
"32HZU1","United States of America","US","Montana","US-MT","Corporation","9STD","governor","English","en","governor","Gov.","","2023-06-28","ACTV","","","","Montana Code 2021: TITLE 35: Ch. 14 - Montana Business Corporation Act 35-14-140"
"6LXPZ5","United States of America","US","Montana","US-MT","Corporation","9STD","voting trust beneficial owne","English","en","voting trust beneficial owne","","","2023-06-28","ACTV","","","","Montana Code 2021: TITLE 35: Ch. 14 - Montana Business Corporation Act 35-14-145"
"9P3G9L","United States of America","US","Montana","US-MT","Limited Liability Company","AEK0","member","English","en","member","","","2023-06-28","ACTV","","","","Montana Code 2021: TITLE 35: Ch. 8 - Montana Limited Liability Company Act 35-8-102"
"BK1LJE","United States of America","US","Montana","US-MT","Corporation","9STD","record shareholder","English","en","record shareholder","","","2023-06-28","ACTV","","","","Montana Code 2021: TITLE 35: Ch. 14 - Montana Business Corporation Act 35-14-142"
"FAJCXL","United States of America","US","Montana","US-MT","Corporation","9STD","custodian","English","en","custodian","","","2023-06-28","ACTV","","","","Montana Code 2021: TITLE 35: Ch. 14 - Montana Business Corporation Act 35-14-1432"
"KYJ5G3","United States of America","US","Montana","US-MT","Limited Liability Company","AEK0","manager","English","en","manager","Mgr.","","2023-06-28","ACTV","","","","Montana Code 2021: TITLE 35: Ch. 8 - Montana Limited Liability Company Act 35-8-102"
"MAVXFA","United States of America","US","Montana","US-MT","Limited Liability Company","AEK0","authorized agent","English","en","authorized agent","","","2023-06-28","ACTV","","","","Montana Code 2021: TITLE 35: Ch. 8 - Montana Limited Liability Company Act 35-8-102"
"OUZT3L","United States of America","US","Montana","US-MT","Corporation","9STD","registered agent","English","en","registered agent","","","2023-06-28","ACTV","","","","Montana Code 2021: TITLE 35: Ch. 14 - Montana Business Corporation Act 35-14-501"
"QLOB2I","United States of America","US","Montana","US-MT","Limited Liability Company","AEK0","receiver","English","en","receiver","","","2023-06-28","ACTV","","","","Montana Code 2021: TITLE 35: Ch. 8 - Montana Limited Liability Company Act 35-8-204"
"WIITCY","United States of America","US","Montana","US-MT","Corporation","9STD","incorporator","English","en","incorporator","","","2023-06-28","ACTV","","","","Montana Code 2021: TITLE 35: Ch. 14 - Montana Business Corporation Act 35-14-201"
"WOYNLM","United States of America","US","Montana","US-MT","Corporation","9STD","receiver","English","en","receiver","","","2023-06-28","ACTV","","","","Montana Code 2021: TITLE 35: Ch. 14 - Montana Business Corporation Act 35-14-1432"
"YJTKDQ","United States of America","US","Montana","US-MT","Corporation","9STD","director","English","en","director","Dir.","","2023-06-28","ACTV","","","","Montana Code 2021: TITLE 35: Ch. 14 - Montana Business Corporation Act 35-14-205"
"YWSKQI","United States of America","US","Montana","US-MT","Corporation","9STD","interest holder","English","en","interest holder","","","2023-06-28","ACTV","","","","Montana Code 2021: TITLE 35: Ch. 14 - Montana Business Corporation Act 35-14-141"
"YXBTH3","United States of America","US","Montana","US-MT","Corporation","9STD","subscriber","English","en","subscriber","","","2023-06-28","ACTV","","","","Montana Code 2021: TITLE 35: Ch. 14 - Montana Business Corporation Act 35-14-144"
"09D24S","United States of America","US","Nebraska","US-NE","Domestic Corporation","RH6N","registered agent","English","en","registered agent","","","2023-06-28","ACTV","","","","Nebraska Revised Statutes: Ch. 21 (21-201ff) - Nebraska Model Business Corporation Act 21-233"
"4CMSF2","United States of America","US","Nebraska","US-NE","Domestic Corporation","RH6N","record shareholder","English","en","record shareholder","","","2023-06-28","ACTV","","","","Nebraska Revised Statutes: Ch. 21 (21-201ff) - Nebraska Model Business Corporation Act 21-214"
"B2ZCHB","United States of America","US","Nebraska","US-NE","Domestic Corporation","RH6N","qualified director","English","en","qualified director","Qual.Dir.","","2023-06-28","ACTV","","","","Nebraska Revised Statutes: Ch. 21 (21-201ff) - Nebraska Model Business Corporation Act 21-214"
"JXLLE5","United States of America","US","Nebraska","US-NE","Domestic Limited Liability Company","8APW","member","English","en","member","","","2023-06-28","ACTV","","","","Nebraska Revised Statutes: Ch. 21 - Nebraska Uniform Limited Liability Company Act 21-102"
"NSOWMT","United States of America","US","Nebraska","US-NE","Domestic Corporation","RH6N","custodian","English","en","custodian","","","2023-06-28","ACTV","","","","Nebraska Revised Statutes: Ch. 21 (21-201ff) - Nebraska Model Business Corporation Act 21-283"
"NZRWDX","United States of America","US","Nebraska","US-NE","Domestic Limited Liability Company","8APW","agent (for service of process)","English","en","agent (for service of process)","","","2023-06-28","ACTV","","","","Nebraska Revised Statutes: Ch. 21 - Nebraska Uniform Limited Liability Company Act 21-113"
"OUA1TX","United States of America","US","Nebraska","US-NE","Domestic Corporation","RH6N","beneficial shareholder","English","en","beneficial shareholder","","","2023-06-28","ACTV","","","","Nebraska Revised Statutes: Ch. 21 (21-201ff) - Nebraska Model Business Corporation Act 21-214"
"PGMMEB","United States of America","US","Nebraska","US-NE","Domestic Corporation","RH6N","subscriber","English","en","subscriber","","","2023-06-28","ACTV","","","","Nebraska Revised Statutes: Ch. 21 (21-201ff) - Nebraska Model Business Corporation Act 21-214"
"RISQ17","United States of America","US","Nebraska","US-NE","Domestic Corporation","RH6N","incorporator","English","en","incorporator","","","2023-06-28","ACTV","","","","Nebraska Revised Statutes: Ch. 21 (21-201ff) - Nebraska Model Business Corporation Act 21-219"
"S6MCQV","United States of America","US","Nebraska","US-NE","Domestic Limited Liability Company","8APW","manager","English","en","manager","Mgr.","","2023-06-28","ACTV","","","","Nebraska Revised Statutes: Ch. 21 (21-101ff) - Nebraska Uniform Limited Liability Company Act 21-102"
"UIVG5P","United States of America","US","Nebraska","US-NE","Domestic Corporation","RH6N","voting trustee","English","en","voting trustee","","","2023-06-28","ACTV","","","","Nebraska Revised Statutes: Ch. 21 (21-201ff) - Nebraska Model Business Corporation Act 21-272"
"YVI2EX","United States of America","US","Nebraska","US-NE","Domestic Corporation","RH6N","shareholder","English","en","shareholder","","","2023-06-28","ACTV","","","","Nebraska Revised Statutes: Ch. 21 (21-201ff) - Nebraska Model Business Corporation Act 21-214"
"ZB5YQ1","United States of America","US","Nebraska","US-NE","Domestic Corporation","RH6N","secretary","English","en","secretary","Sec.","","2023-06-28","ACTV","","","","Nebraska Revised Statutes: Ch. 21 (21-201ff) - Nebraska Model Business Corporation Act 21-214"
"ZFCKLX","United States of America","US","Nebraska","US-NE","Domestic Corporation","RH6N","voting trust beneficial owne","English","en","voting trust beneficial owne","","","2023-06-28","ACTV","","","","Nebraska Revised Statutes: Ch. 21 (21-201ff) - Nebraska Model Business Corporation Act 21-214"
"ZORWLM","United States of America","US","Nebraska","US-NE","Domestic Corporation","RH6N","receiver","English","en","receiver","","","2023-06-28","ACTV","","","","Nebraska Revised Statutes: Ch. 21 (21-201ff) - Nebraska Model Business Corporation Act 21-283"
"ZYX4EF","United States of America","US","Nebraska","US-NE","Domestic Corporation","RH6N","director","English","en","director","Dir.","","2023-06-28","ACTV","","","","Nebraska Revised Statutes: Ch. 21 (21-201ff) - Nebraska Model Business Corporation Act 21-223"
"4N5RQM","United States of America","US","Nevada","US-NV","Profit Corporation","8WM4","secretary","English","en","secretary","Sec.","","2023-06-28","ACTV","","","","Nevada Revised Statutes: Ch. 78 Private Corporations 78.130"
"5MJ2DM","United States of America","US","Nevada","US-NV","Limited Liability Company","MM8M","trustee","English","en","trustee","","","2023-06-28","ACTV","","","","Nevada Revised Statutes: Ch. 86 Limited Liability Companies 86-5411"
"AQDANE","United States of America","US","Nevada","US-NV","Profit Corporation","8WM4","interested stockholder","English","en","interested stockholder","","","2023-06-28","ACTV","","","","Nevada Revised Statutes: Ch. 78 Private Corporations 78.3787"
"CIQHXB","United States of America","US","Nevada","US-NV","Limited Liability Company","MM8M","noneconomic member","English","en","noneconomic member","","","2023-06-28","ACTV","","","","Nevada Revised Statutes: Ch. 86 Limited Liability Companies 86-293"
"ESUP9H","United States of America","US","Nevada","US-NV","Profit Corporation","8WM4","director","English","en","director","Dir.","","2023-06-28","ACTV","","","","Nevada Revised Statutes: Ch. 78 Private Corporations 78.010"
"F2K0OG","United States of America","US","Nevada","US-NV","Limited Liability Company","MM8M","receiver","English","en","receiver","","","2023-06-28","ACTV","","","","Nevada Revised Statutes: Ch. 86 Limited Liability Companies 86-5411"
"FLHSGA","United States of America","US","Nevada","US-NV","Limited Liability Company","MM8M","custodian of records","English","en","custodian of records","","","2023-06-28","ACTV","","","","Nevada Revised Statutes: Ch. 86 Limited Liability Companies 86-241"
"FZNG6Q","United States of America","US","Nevada","US-NV","Limited Liability Company","MM8M","organizer","English","en","organizer","","","2023-06-28","ACTV","","","","Nevada Revised Statutes: Ch. 86 Limited Liability Companies 86-161"
"G0ET32","United States of America","US","Nevada","US-NV","Limited Liability Company","MM8M","member","English","en","member","","","2023-06-28","ACTV","","","","Nevada Revised Statutes: Ch. 86 Limited Liability Companies 86-081"
"IYHBND","United States of America","US","Nevada","US-NV","Profit Corporation","8WM4","custodian","English","en","custodian","","","2023-06-28","ACTV","","","","Nevada Revised Statutes: Ch. 78 Private Corporations 78.347"
"J77N3K","United States of America","US","Nevada","US-NV","Profit Corporation","8WM4","president","English","en","president","Pres.","","2023-06-28","ACTV","","","","Nevada Revised Statutes: Ch. 78 Private Corporations 78.130"
"L0PCXD","United States of America","US","Nevada","US-NV","Limited Liability Company","MM8M","managing member","English","en","managing member","","","2023-06-28","ACTV","","","","Nevada Revised Statutes: Ch. 86 Limited Liability Companies 86-298"
"OJXY7Y","United States of America","US","Nevada","US-NV","Profit Corporation","8WM4","stockholder (of record)","English","en","stockholder (of record)","","","2023-06-28","ACTV","","","","Nevada Revised Statutes: Ch. 78 Private Corporations 78.013"
"OLDRCT","United States of America","US","Nevada","US-NV","Limited Liability Company","MM8M","registered agent","English","en","registered agent","","","2023-06-28","ACTV","","","","Nevada Revised Statutes: Ch. 86 Limited Liability Companies 86-118"
"PDDFVU","United States of America","US","Nevada","US-NV","Profit Corporation","8WM4","treasurer","English","en","treasurer","Treas.","","2023-06-28","ACTV","","","","Nevada Revised Statutes: Ch. 78 Private Corporations 78.130"
"PQ2LP4","United States of America","US","Nevada","US-NV","Profit Corporation","8WM4","registered agent","English","en","registered agent","","","2023-06-28","ACTV","","","","Nevada Revised Statutes: Ch. 78 Private Corporations 78.012"
"PWBKOB","United States of America","US","Nevada","US-NV","Profit Corporation","8WM4","voting trustee","English","en","voting trustee","","","2023-06-28","ACTV","","","","Nevada Revised Statutes: Ch. 78 Private Corporations 78.365"
"QHYUH6","United States of America","US","Nevada","US-NV","Limited Liability Company","MM8M","manager","English","en","manager","Mgr.","","2023-06-28","ACTV","","","","Nevada Revised Statutes: Ch. 86 Limited Liability Companies 86-071"
"SI3LNP","United States of America","US","Nevada","US-NV","Profit Corporation","8WM4","receiver","English","en","receiver","","","2023-06-28","ACTV","","","","Nevada Revised Statutes: Ch. 78 Private Corporations 78.011"
"SRESJH","United States of America","US","Nevada","US-NV","Profit Corporation","8WM4","beneficial owner","English","en","beneficial owner","","","2023-06-28","ACTV","","","","Nevada Revised Statutes: Ch. 78 Private Corporations 78.414"
"TIGKV1","United States of America","US","Nevada","US-NV","Profit Corporation","8WM4","custodian of records","English","en","custodian of records","","","2023-06-28","ACTV","","","","Nevada Revised Statutes: Ch. 78 Private Corporations 78.105"
"ZNAO5A","United States of America","US","Nevada","US-NV","Profit Corporation","8WM4","trustee","English","en","trustee","","","2023-06-28","ACTV","","","","Nevada Revised Statutes: Ch. 78 Private Corporations 78.600"
"ZUYGQZ","United States of America","US","Nevada","US-NV","Profit Corporation","8WM4","officer","English","en","officer","","","2023-06-28","ACTV","","","","Nevada Revised Statutes: Ch. 78 Private Corporations 78.037"
"2C4SSB","United States of America","US","New Hampshire","US-NH","Business Corporation","6M6O","registered agent","English","en","registered agent","","","2023-06-28","ACTV","","","","New Hampshire Revised Statutes: TITLE XXVII: Ch. 293-A - NEW HAMPSHIRE BUSINESS CORPORATION ACT 293-A:1.20"
"2P4URL","United States of America","US","New Hampshire","US-NH","Limited Liability Company","OJ9K","member","English","en","member","","","2023-06-28","ACTV","","","","New Hampshire Revised Statutes: TITLE XXVIII: Ch. 304-C Limited Liability Companies - New Hampshire Revised Limited Liability Company Act 304-C:14"
"4KK6ZN","United States of America","US","New Hampshire","US-NH","Business Corporation","6M6O","custodian","English","en","custodian","","","2023-06-28","ACTV","","","","New Hampshire Revised Statutes: TITLE XXVII: Ch. 293-A - NEW HAMPSHIRE BUSINESS CORPORATION ACT 293-A:14.32"
"6ZGMF4","United States of America","US","New Hampshire","US-NH","Business Corporation","6M6O","assistant secretary","English","en","assistant secretary","Asst.Sec.","","2023-06-28","ACTV","","","","New Hampshire Revised Statutes: TITLE XXVII: Ch. 293-A - NEW HAMPSHIRE BUSINESS CORPORATION ACT 293-A:1.20"
"A5JL5I","United States of America","US","New Hampshire","US-NH","Business Corporation","6M6O","receiver","English","en","receiver","","","2023-06-28","ACTV","","","","New Hampshire Revised Statutes: TITLE XXVII: Ch. 293-A - NEW HAMPSHIRE BUSINESS CORPORATION ACT 293-A:1.20"
"GKALAW","United States of America","US","New Hampshire","US-NH","Limited Liability Company","OJ9K","liquidating trustee","English","en","liquidating trustee","","","2023-06-28","ACTV","","","","New Hampshire Revised Statutes: TITLE XXVIII: Ch. 304-C Limited Liability Companies - New Hampshire Revised Limited Liability Company Act 304-C:139"
"HNZUD5","United States of America","US","New Hampshire","US-NH","Business Corporation","6M6O","voting trustee","English","en","voting trustee","","","2023-06-28","ACTV","","","","New Hampshire Revised Statutes: TITLE XXVII: Ch. 293-A - NEW HAMPSHIRE BUSINESS CORPORATION ACT 293-A:7.30"
"LSUGTF","United States of America","US","New Hampshire","US-NH","Limited Liability Company","OJ9K","registered agent","English","en","registered agent","","","2023-06-28","ACTV","","","","New Hampshire Revised Statutes: TITLE XXVIII: Ch. 304-C Limited Liability Companies - New Hampshire Revised Limited Liability Company Act 304-C:36"
"MKT1UQ","United States of America","US","New Hampshire","US-NH","Business Corporation","6M6O","beneficial owner","English","en","beneficial owner","","","2023-06-28","ACTV","","","","New Hampshire Revised Statutes: TITLE XXVII: Ch. 293-A - NEW HAMPSHIRE BUSINESS CORPORATION ACT 293-A:7.30"
"NN4XWQ","United States of America","US","New Hampshire","US-NH","Business Corporation","6M6O","director","English","en","director","Dir.","","2023-06-28","ACTV","","","","New Hampshire Revised Statutes: TITLE XXVII: Ch. 293-A - NEW HAMPSHIRE BUSINESS CORPORATION ACT 293-A:1.20"
"OO1PEJ","United States of America","US","New Hampshire","US-NH","Business Corporation","6M6O","chairman","English","en","chairman","Ch.","","2023-06-28","ACTV","","","","New Hampshire Revised Statutes: TITLE XXVII: Ch. 293-A - NEW HAMPSHIRE BUSINESS CORPORATION ACT 293-A:1.20"
"OXJFPZ","United States of America","US","New Hampshire","US-NH","Business Corporation","6M6O","officer","English","en","officer","","","2023-06-28","ACTV","","","","New Hampshire Revised Statutes: TITLE XXVII: Ch. 293-A - NEW HAMPSHIRE BUSINESS CORPORATION ACT 293-A:1.20"
"PJXSF0","United States of America","US","New Hampshire","US-NH","Limited Liability Company","OJ9K","director","English","en","director","Dir.","","2023-06-28","ACTV","","","","New Hampshire Revised Statutes: TITLE XXVIII: Ch. 304-C Limited Liability Companies - New Hampshire Revised Limited Liability Company Act 304-C:76"
"QFLAAN","United States of America","US","New Hampshire","US-NH","Business Corporation","6M6O","trustee","English","en","trustee","","","2023-06-28","ACTV","","","","New Hampshire Revised Statutes: TITLE XXVII: Ch. 293-A - NEW HAMPSHIRE BUSINESS CORPORATION ACT 293-A:1.20"
"RAORTC","United States of America","US","New Hampshire","US-NH","Business Corporation","6M6O","subscriber","English","en","subscriber","","","2023-06-28","ACTV","","","","New Hampshire Revised Statutes: TITLE XXVII: Ch. 293-A - NEW HAMPSHIRE BUSINESS CORPORATION ACT 293-A:1.140"
"RH3ZVS","United States of America","US","New Hampshire","US-NH","Business Corporation","6M6O","president","English","en","president","Pres.","","2023-06-28","ACTV","","","","New Hampshire Revised Statutes: TITLE XXVII: Ch. 293-A - NEW HAMPSHIRE BUSINESS CORPORATION ACT 293-A:1.20"
"RJWVJ7","United States of America","US","New Hampshire","US-NH","Business Corporation","6M6O","secretary","English","en","secretary","Sec.","","2023-06-28","ACTV","","","","New Hampshire Revised Statutes: TITLE XXVII: Ch. 293-A - NEW HAMPSHIRE BUSINESS CORPORATION ACT 293-A:1.20"
"RYSQHJ","United States of America","US","New Hampshire","US-NH","Limited Liability Company","OJ9K","manager","English","en","manager","Mgr.","","2023-06-28","ACTV","","","","New Hampshire Revised Statutes: TITLE XXVIII: Ch. 304-C Limited Liability Companies - New Hampshire Revised Limited Liability Company Act 304-C:13"
"SESZCW","United States of America","US","New Hampshire","US-NH","Business Corporation","6M6O","interest holder","English","en","interest holder","","","2023-06-28","ACTV","","","","New Hampshire Revised Statutes: TITLE XXVII: Ch. 293-A - NEW HAMPSHIRE BUSINESS CORPORATION ACT 293-A:1.140"
"SFH44F","United States of America","US","New Hampshire","US-NH","Business Corporation","6M6O","qualified director","English","en","qualified director","Qual.Dir.","","2023-06-28","ACTV","","","","New Hampshire Revised Statutes: TITLE XXVII: Ch. 293-A - NEW HAMPSHIRE BUSINESS CORPORATION ACT 293-A:1.140"
"SLBMTZ","United States of America","US","New Hampshire","US-NH","Business Corporation","6M6O","incorporator","English","en","incorporator","","","2023-06-28","ACTV","","","","New Hampshire Revised Statutes: TITLE XXVII: Ch. 293-A - NEW HAMPSHIRE BUSINESS CORPORATION ACT 293-A:1.20"
"UGYM08","United States of America","US","New Hampshire","US-NH","Limited Liability Company","OJ9K","officer","English","en","officer","","","2023-06-28","ACTV","","","","New Hampshire Revised Statutes: TITLE XXVIII: Ch. 304-C Limited Liability Companies - New Hampshire Revised Limited Liability Company Act 304-C:76"
"6UMR8J","United States of America","US","New Jersey","US-NJ","Savings and Loan Association","N508","Vice president","English","en","Vice president","","","2023-06-28","ACTV","","","","New Jersey Statutes: TITLE 17: CORPORATIONS AND INSTITUTIONS FOR FINANCE AND INSURANCE - 17:12B-65"
"7EOLGJ","United States of America","US","New Jersey","US-NJ","Business Corporation","XSNP","Vice president","English","en","Vice president","VP","VP","2023-06-28","ACTV","","","","New Jersey Business Corporation Act - 14A:6-15; New Jersey Statutes: TITLE 14A CORPORATIONS, GENERAL"
"8HLH49","United States of America","US","New Jersey","US-NJ","Business Corporation","XSNP","President","English","en","President","","","2023-06-28","ACTV","","","","New Jersey Business Corporation Act - 14A:6-15; New Jersey Statutes: TITLE 14A CORPORATIONS, GENERAL"
"9NFRGT","United States of America","US","New Jersey","US-NJ","Business Corporation","XSNP","Subscriber","English","en","Subscriber","","","2023-06-28","ACTV","","","","New Jersey Business Corporation Act - 14A:1-2.1; New Jersey Statutes: TITLE 14A CORPORATIONS, GENERAL"
"AQZLTO","United States of America","US","New Jersey","US-NJ","Limited Liability Company","P7RH","Managing member","English","en","Managing member","","","2023-06-28","ACTV","","","","Revised Uniform Limited Liability Company Act - 42:2C-26; New Jersey Statutes: TITLE 42: PARTNERSHIPS AND PARTNERSHIP ASSOCIATIONS"
"B5CPN5","United States of America","US","New Jersey","US-NJ","Nonprofit Corporation","T4M6","Treasurer Board of Trustees","English","en","Treasurer Board of Trustees","","","2023-06-28","ACTV","","","","New Jersey Statutes: TITLE 15A: CORPORATIONS, NONPROFIT"
"BIYEBM","United States of America","US","New Jersey","US-NJ","Business Corporation","XSNP","Assistant secretary","English","en","Assistant secretary","Asst. Sec.","Asst. Sec.","2023-06-28","ACTV","","","","New Jersey Business Corporation Act - 14A:1-6; New Jersey Statutes: TITLE 14A CORPORATIONS, GENERAL"
"CITREN","United States of America","US","New Jersey","US-NJ","Limited Liability Company","P7RH","Member","English","en","Member","","","2023-06-28","ACTV","","","","Revised Uniform Limited Liability Company Act - 42:2C-2; New Jersey Statutes: TITLE 42: PARTNERSHIPS AND PARTNERSHIP ASSOCIATIONS"
"F77YH4","United States of America","US","New Jersey","US-NJ","Nonprofit Corporation","T4M6","Secretary Board of Trustees","English","en","Secretary Board of Trustees","","","2023-06-28","ACTV","","","","New Jersey Statutes: TITLE 15A: CORPORATIONS, NONPROFIT"
"HZP3BD","United States of America","US","New Jersey","US-NJ","Limited Partnership","7HY7","Limited partner","English","en","Limited partner","","","2023-06-28","ACTV","","","","Uniform Limited Partnership Law (1976) - 42:2A-5; New Jersey Statutes: TITLE 42: PARTNERSHIPS AND PARTNERSHIP ASSOCIATIONS"
"IIBPI7","United States of America","US","New Jersey","US-NJ","Commercial Bank","G42I","Controlling person","English","en","Controlling person","","","2023-06-28","ACTV","","","","New Jersey Statutes: TITLE 17: CORPORATIONS AND INSTITUTIONS FOR FINANCE AND INSURANCE - 17:9A-423"
"IPZGAR","United States of America","US","New Jersey","US-NJ","Business Corporation","XSNP","Shareholder","English","en","Shareholder","","","2023-06-28","ACTV","","","","New Jersey Business Corporation Act - 14A:1-2.1; New Jersey Statutes: TITLE 14A CORPORATIONS, GENERAL"
"JGZIUP","United States of America","US","New Jersey","US-NJ","Commercial Bank","G42I","Stockholder","English","en","Stockholder","","","2023-06-28","ACTV","","","","New Jersey Statutes: TITLE 17: CORPORATIONS AND INSTITUTIONS FOR FINANCE AND INSURANCE - 17:9A-6.3"
"JSAGEB","United States of America","US","New Jersey","US-NJ","Business Corporation","XSNP","Treasurer","English","en","Treasurer","","","2023-06-28","ACTV","","","","New Jersey Business Corporation Act - 14A:6-15; New Jersey Statutes: TITLE 14A CORPORATIONS, GENERAL"
"JWINYA","United States of America","US","New Jersey","US-NJ","Limited Liability Company","P7RH","Manager","English","en","Manager","","","2023-06-28","ACTV","","","","Revised Uniform Limited Liability Company Act - 42:2C-2; New Jersey Statutes: TITLE 42: PARTNERSHIPS AND PARTNERSHIP ASSOCIATIONS"
"L1KGWD","United States of America","US","New Jersey","US-NJ","Commercial Bank","G42I","Vice president","English","en","Vice president","","","2023-06-28","ACTV","","","","New Jersey Statutes: TITLE 17: CORPORATIONS AND INSTITUTIONS FOR FINANCE AND INSURANCE - 17:9A-6.2"
"L33PHW","United States of America","US","New Jersey","US-NJ","Savings and Loan Association","N508","Officer","English","en","Officer","","","2023-06-28","ACTV","","","","New Jersey Statutes: TITLE 17: CORPORATIONS AND INSTITUTIONS FOR FINANCE AND INSURANCE - 17:12B-38.1, 17:12B-65"
"MMHZSQ","United States of America","US","New Jersey","US-NJ","Business Corporation","XSNP","Chairman","English","en","Chairman","","","2023-06-28","ACTV","","","","New Jersey Business Corporation Act - 14A:6-15; New Jersey Statutes: TITLE 14A CORPORATIONS, GENERAL"
"MPBROW","United States of America","US","New Jersey","US-NJ","Savings and Loan Association","N508","Secretary (Company secretary)","English","en","Secretary (Company secretary)","Sec.","Sec.","2023-06-28","ACTV","","","","New Jersey Statutes: TITLE 17: CORPORATIONS AND INSTITUTIONS FOR FINANCE AND INSURANCE - 17:12B-46"
"N52QZT","United States of America","US","New Jersey","US-NJ","Commercial Bank","G42I","Manager","English","en","Manager","","","2023-06-28","ACTV","","","","New Jersey Statutes: TITLE 17: CORPORATIONS AND INSTITUTIONS FOR FINANCE AND INSURANCE - 17:9A-7"
"NWSVW7","United States of America","US","New Jersey","US-NJ","Business Corporation","XSNP","Director","English","en","Director","","","2023-06-28","ACTV","","","","New Jersey Business Corporation Act - 14A:1-2.1; New Jersey Statutes: TITLE 14A CORPORATIONS, GENERAL"
"ORFN57","United States of America","US","New Jersey","US-NJ","Savings and Loan Association","N508","Director","English","en","Director","","","2023-06-28","ACTV","","","","New Jersey Statutes: TITLE 17: CORPORATIONS AND INSTITUTIONS FOR FINANCE AND INSURANCE - 17:12B-5, 17:12B-62"
"PMYWYX","United States of America","US","New Jersey","US-NJ","Limited Liability Company","P7RH","Agent for service of process","English","en","Agent for service of process","","","2023-06-28","ACTV","","","","Revised Uniform Limited Liability Company Act - 42:2C-14; New Jersey Statutes: TITLE 42: PARTNERSHIPS AND PARTNERSHIP ASSOCIATIONS"
"PN7BHH","United States of America","US","New Jersey","US-NJ","Savings and Loan Association","N508","Chairman","English","en","Chairman","","","2023-06-28","ACTV","","","","New Jersey Statutes: TITLE 17: CORPORATIONS AND INSTITUTIONS FOR FINANCE AND INSURANCE - 17:12B-65"
"PNCGNS","United States of America","US","New Jersey","US-NJ","Limited Partnership","7HY7","General partner","English","en","General partner","","","2023-06-28","ACTV","","","","Uniform Limited Partnership Law (1976) - 42:2A-5; New Jersey Statutes: TITLE 42: PARTNERSHIPS AND PARTNERSHIP ASSOCIATIONS"
"QGDLS3","United States of America","US","New Jersey","US-NJ","Savings and Loan Association","N508","Treasurer","English","en","Treasurer","","","2023-06-28","ACTV","","","","New Jersey Statutes: TITLE 17: CORPORATIONS AND INSTITUTIONS FOR FINANCE AND INSURANCE - 17:12B-65"
"QTKYRD","United States of America","US","New Jersey","US-NJ","Business Corporation","XSNP","Secretary (Company secretary)","English","en","Secretary (Company secretary)","Sec.","Sec.","2023-06-28","ACTV","","","","New Jersey Business Corporation Act - 14A:1-6; New Jersey Statutes: TITLE 14A CORPORATIONS, GENERAL"
"RRQDGE","United States of America","US","New Jersey","US-NJ","Savings and Loan Association","N508","Member","English","en","Member","","","2023-06-28","ACTV","","","","New Jersey Statutes: TITLE 17: CORPORATIONS AND INSTITUTIONS FOR FINANCE AND INSURANCE - 17:12B-74"
"SHN9YL","United States of America","US","New Jersey","US-NJ","Business Corporation","XSNP","Registered agent","English","en","Registered agent","","","2023-06-28","ACTV","","","","New Jersey Business Corporation Act - 14A:4-1; New Jersey Statutes: TITLE 14A CORPORATIONS, GENERAL"
"SKHGAZ","United States of America","US","New Jersey","US-NJ","Business Corporation","XSNP","Bondholder","English","en","Bondholder","","","2023-06-28","ACTV","","","","New Jersey Business Corporation Act - 14A:5-22; New Jersey Statutes: TITLE 14A CORPORATIONS, GENERAL"
"SPFYJM","United States of America","US","New Jersey","US-NJ","Nonprofit Corporation","T4M6","Registered Agent","English","en","Registered Agent","","","2023-06-28","ACTV","","","","New Jersey Statutes: TITLE 15A: CORPORATIONS, NONPROFIT"
"TAG9X4","United States of America","US","New Jersey","US-NJ","Business Corporation","XSNP","Inspector","English","en","Inspector","","","2023-06-28","ACTV","","","","New Jersey Business Corporation Act - 14A:5-25; New Jersey Statutes: TITLE 14A CORPORATIONS, GENERAL"
"UWUYLN","United States of America","US","New Jersey","US-NJ","Savings and Loan Association","N508","President","English","en","President","","","2023-06-28","ACTV","","","","New Jersey Statutes: TITLE 17: CORPORATIONS AND INSTITUTIONS FOR FINANCE AND INSURANCE - 17:12B-46"
"VDSHJQ","United States of America","US","New Jersey","US-NJ","Limited Liability Company","P7RH","Organizer","English","en","Organizer","","","2023-06-28","ACTV","","","","Revised Uniform Limited Liability Company Act - 42:2C-18; New Jersey Statutes: TITLE 42: PARTNERSHIPS AND PARTNERSHIP ASSOCIATIONS"
"VDVLFS","United States of America","US","New Jersey","US-NJ","Commercial Bank","G42I","Incorporator","English","en","Incorporator","","","2023-06-28","ACTV","","","","New Jersey Statutes: TITLE 17: CORPORATIONS AND INSTITUTIONS FOR FINANCE AND INSURANCE - 17:9A-3"
"VKGMQK","United States of America","US","New Jersey","US-NJ","Savings and Loan Association","N508","President","English","en","President","","","2023-06-28","ACTV","","","","New Jersey Statutes: TITLE 17: CORPORATIONS AND INSTITUTIONS FOR FINANCE AND INSURANCE - 17:12B-65"
"VXQL8N","United States of America","US","New Jersey","US-NJ","Commercial Bank","G42I","Director","English","en","Director","","","2023-06-28","ACTV","","","","New Jersey Statutes: TITLE 17: CORPORATIONS AND INSTITUTIONS FOR FINANCE AND INSURANCE - 17:9A-3"
"WBFMHD","United States of America","US","New Jersey","US-NJ","Business Corporation","XSNP","Incorporator","English","en","Incorporator","","","2023-06-28","ACTV","","","","New Jersey Business Corporation Act - 14A:2-6; New Jersey Statutes: TITLE 14A CORPORATIONS, GENERAL"
"WG8KR5","United States of America","US","New Jersey","US-NJ","Business Corporation","XSNP","Officer","English","en","Officer","","","2023-06-28","ACTV","","","","New Jersey Business Corporation Act - 14A:3-5; New Jersey Statutes: TITLE 14A CORPORATIONS, GENERAL"
"WKYRRR","United States of America","US","New Jersey","US-NJ","Nonprofit Corporation","T4M6","President Board of Trustees","English","en","President Board of Trustees","","","2023-06-28","ACTV","","","","New Jersey Statutes: TITLE 15A: CORPORATIONS, NONPROFIT"
"X6QB3G","United States of America","US","New Jersey","US-NJ","Savings and Loan Association","N508","Stockholder","English","en","Stockholder","","","2023-06-28","ACTV","","","","New Jersey Statutes: TITLE 17: CORPORATIONS AND INSTITUTIONS FOR FINANCE AND INSURANCE - 17:12B-5"
"XJ0W81","United States of America","US","New Jersey","US-NJ","Commercial Bank","G42I","Officer","English","en","Officer","","","2023-06-28","ACTV","","","","New Jersey Statutes: TITLE 17: CORPORATIONS AND INSTITUTIONS FOR FINANCE AND INSURANCE - 17:9A-3"
"YF0EA2","United States of America","US","New Jersey","US-NJ","Savings and Loan Association","N508","Incorporator","English","en","Incorporator","","","2023-06-28","ACTV","","","","New Jersey Statutes: TITLE 17: CORPORATIONS AND INSTITUTIONS FOR FINANCE AND INSURANCE - 17:12B-13"
"Z0FANA","United States of America","US","New Jersey","US-NJ","Commercial Bank","G42I","President","English","en","President","","","2023-06-28","ACTV","","","","New Jersey Statutes: TITLE 17: CORPORATIONS AND INSTITUTIONS FOR FINANCE AND INSURANCE - 17:9A-6.2"
"0PH0TY","United States of America","US","New Mexico","US-NM","Profit Corporation","VG3S","subscriber","English","en","subscriber","","","2023-06-28","ACTV","","","","New Mexico Statutes: Ch.53: Art.11: Business Corporation Act - 53-11-2"
"94ELPW","United States of America","US","New Mexico","US-NM","Profit Corporation","VG3S","incorporator","English","en","incorporator","","","2023-06-28","ACTV","","","","New Mexico Statutes: Ch.53: Art.11: Business Corporation Act - 53-12-1"
"CGEV5G","United States of America","US","New Mexico","US-NM","Profit Corporation","VG3S","director","English","en","director","","","2023-06-28","ACTV","","","","New Mexico Statutes: Ch.53: Art.11: Business Corporation Act - 53-11-4.1"
"DPFNFP","United States of America","US","New Mexico","US-NM","Profit Corporation","VG3S","liquidating receiver","English","en","liquidating receiver","","","2023-06-28","ACTV","","","","New Mexico Statutes: Ch.53: Art.11: Business Corporation Act - 53-16-17"
"FBICME","United States of America","US","New Mexico","US-NM","Limited Liability Company","4YOA","member","English","en","member","","","2023-06-28","ACTV","","","","New Mexico Statutes: Article 19 - Limited Liability Company Act 53-19-2"
"FOHSMZ","United States of America","US","New Mexico","US-NM","Profit Corporation","VG3S","officer","English","en","officer","","","2023-06-28","ACTV","","","","New Mexico Statutes: Ch.53: Art.11: Business Corporation Act - 53-11-4.1"
"FTDCOM","United States of America","US","New Mexico","US-NM","Profit Corporation","VG3S","receiver","English","en","receiver","","","2023-06-28","ACTV","","","","New Mexico Statutes: Ch.53: Art.11: Business Corporation Act - 53-16-17"
"GXEPEX","United States of America","US","New Mexico","US-NM","Profit Corporation","VG3S","shareholder","English","en","shareholder","","","2023-06-28","ACTV","","","","New Mexico Statutes: Ch.53: Art.11: Business Corporation Act - 53-11-2"
"I0ZBJ8","United States of America","US","New Mexico","US-NM","Limited Liability Company","4YOA","receiver","English","en","receiver","","","2023-06-28","ACTV","","","","New Mexico Statutes: Article 19 - Limited Liability Company Act 53-19-12"
"L3QXNB","United States of America","US","New Mexico","US-NM","Limited Liability Company","4YOA","manager","English","en","manager","Mgr.","","2023-06-28","ACTV","","","","New Mexico Statutes: Article 19 - Limited Liability Company Act 53-19-2"
"NP4EUY","United States of America","US","New Mexico","US-NM","Limited Liability Company","4YOA","registered agent","English","en","registered agent","","","2023-06-28","ACTV","","","","New Mexico Statutes: Article 19 - Limited Liability Company Act 53-19-5"
"NT8ZRF","United States of America","US","New Mexico","US-NM","Profit Corporation","VG3S","registered agent","English","en","registered agent","","","2023-06-28","ACTV","","","","New Mexico Statutes: Ch.53: Art.11: Business Corporation Act - 53-11-11"
"WKVI2R","United States of America","US","New Mexico","US-NM","Limited Liability Company","4YOA","organizer","English","en","organizer","","","2023-06-28","ACTV","","","","New Mexico Statutes: Article 19 - Limited Liability Company Act 53-19-9"
"ZL8DYC","United States of America","US","New Mexico","US-NM","Profit Corporation","VG3S","voting trustee","English","en","voting trustee","","","2023-06-28","ACTV","","","","New Mexico Statutes: Ch.53: Art.11: Business Corporation Act - 53-11-34"
"0YQOLS","United States of America","US","New York","US-NY","Limited Liability Company","SDX0","Registered agent","English","en","Registered agent","","","2023-06-28","ACTV","","","","New York Consolidated Laws CHAPTER 34 New York Limited Liability Company Law - s.203"
"2MAQSP","United States of America","US","New York","US-NY","Business Corporation","PJ10","Bondholder","English","en","Bondholder","","","2023-06-28","ACTV","","","","New York Consolidated Laws Business Corporation (BSC) CHAPTER 4 Business Corporation Law - s.518"
"4DOZ6Z","United States of America","US","New York","US-NY","Business Corporation","PJ10","Inspector","English","en","Inspector","","","2023-06-28","ACTV","","","","New York Consolidated Laws Business Corporation (BSC) CHAPTER 4 Business Corporation Law - s.610"
"4JQK49","United States of America","US","New York","US-NY","Business Corporation","PJ10","Incorporator","English","en","Incorporator","","","2023-06-28","ACTV","","","","New York Consolidated Laws Business Corporation (BSC) CHAPTER 4 Business Corporation Law - s.401"
"5OSNBX","United States of America","US","New York","US-NY","Business Corporation","PJ10","Voting trustee","English","en","Voting trustee","","","2023-06-28","ACTV","","","","New York Consolidated Laws Business Corporation (BSC) CHAPTER 4 Business Corporation Law - s.621"
"AK9FOO","United States of America","US","New York","US-NY","Business Corporation","PJ10","Beneficial owner","English","en","Beneficial owner","","","2023-06-28","ACTV","","","","New York Consolidated Laws Business Corporation (BSC) CHAPTER 4 Business Corporation Law - s.513"
"CAUXXB","United States of America","US","New York","US-NY","Business Corporation","PJ10","Committee member","English","en","Committee member","","","2023-06-28","ACTV","","","","New York Consolidated Laws Business Corporation (BSC) CHAPTER 4 Business Corporation Law - s.712"
"CFFXDB","United States of America","US","New York","US-NY","Limited Liability Company","SDX0","Authorized person","English","en","Authorized person","","","2023-06-28","ACTV","","","","New York Consolidated Laws CHAPTER 34 New York Limited Liability Company Law - s.102"
"CMLMM7","United States of America","US","New York","US-NY","Business Corporation","PJ10","Director","English","en","Director","","","2023-06-28","ACTV","","","","New York Consolidated Laws Business Corporation (BSC) CHAPTER 4 Business Corporation Law - s.102"
"ETBDX3","United States of America","US","New York","US-NY","Business Corporation","PJ10","Vice-chairman","English","en","Vice-chairman","","","2023-06-28","ACTV","","","","New York Consolidated Laws Business Corporation (BSC) CHAPTER 4 Business Corporation Law - s.508"
"EXDZYK","United States of America","US","New York","US-NY","Business Corporation","PJ10","Referee","English","en","Referee","","","2023-06-28","ACTV","","","","New York Consolidated Laws Business Corporation (BSC) CHAPTER 4 Business Corporation Law - s.1108"
"EZPU0B","United States of America","US","New York","US-NY","Business Corporation","PJ10","Treasurer","English","en","Treasurer","","","2023-06-28","ACTV","","","","New York Consolidated Laws Business Corporation (BSC) CHAPTER 4 Business Corporation Law - s.508"
"GAKIE0","United States of America","US","New York","US-NY","Business Corporation","PJ10","Chairman","English","en","Chairman","","","2023-06-28","ACTV","","","","New York Consolidated Laws Business Corporation (BSC) CHAPTER 4 Business Corporation Law - s.508"
"H7RVEP","United States of America","US","New York","US-NY","Limited Liability Company","SDX0","Manager","English","en","Manager","","","2023-06-28","ACTV","","","","New York Consolidated Laws CHAPTER 34 New York Limited Liability Company Law - s.102"
"HEGOCP","United States of America","US","New York","US-NY","Business Corporation","PJ10","Assistant treasurer","English","en","Assistant treasurer","","","2023-06-28","ACTV","","","","New York Consolidated Laws Business Corporation (BSC) CHAPTER 4 Business Corporation Law - s.508"
"HP1O8D","United States of America","US","New York","US-NY","Limited Liability Company","SDX0","Organizer","English","en","Organizer","","","2023-06-28","ACTV","","","","New York Consolidated Laws CHAPTER 34 New York Limited Liability Company Law - s.203"
"IWVYWI","United States of America","US","New York","US-NY","Business Corporation","PJ10","Authorized person","English","en","Authorized person","","","2023-06-28","ACTV","","","","New York Consolidated Laws Business Corporation (BSC) CHAPTER 4 Business Corporation Law - s.102"
"NUQEZ8","United States of America","US","New York","US-NY","Limited Liability Company","SDX0","Member","English","en","Member","","","2023-06-28","ACTV","","","","New York Consolidated Laws CHAPTER 34 New York Limited Liability Company Law - s.102"
"O5PYNY","United States of America","US","New York","US-NY","Business Corporation","PJ10","Shareholder","English","en","Shareholder","","","2023-06-28","ACTV","","","","New York Consolidated Laws Business Corporation (BSC) CHAPTER 4 Business Corporation Law - s.505"
"S1ZHTS","United States of America","US","New York","US-NY","Business Corporation","PJ10","Assistant secretary","English","en","Assistant secretary","","","2023-06-28","ACTV","","","","New York Consolidated Laws Business Corporation (BSC) CHAPTER 4 Business Corporation Law - s.508"
"SMRSTY","United States of America","US","New York","US-NY","Business Corporation","PJ10","President","English","en","President","","","2023-06-28","ACTV","","","","New York Consolidated Laws Business Corporation (BSC) CHAPTER 4 Business Corporation Law - s.508"
"U0OIZM","United States of America","US","New York","US-NY","Business Corporation","PJ10","Chief executive officer","English","en","Chief executive officer","CEO","CEO","2023-06-28","ACTV","","","","New York Consolidated Laws Business Corporation (BSC) CHAPTER 4 Business Corporation Law - s.408"
"U6OGZK","United States of America","US","New York","US-NY","Business Corporation","PJ10","Interested shareholder","English","en","Interested shareholder","","","2023-06-28","ACTV","","","","New York Consolidated Laws Business Corporation (BSC) CHAPTER 4 Business Corporation Law - s.505"
"WP4K9O","United States of America","US","New York","US-NY","Business Corporation","PJ10","Registered agent","English","en","Registered agent","","","2023-06-28","ACTV","","","","New York Consolidated Laws Business Corporation (BSC) CHAPTER 4 Business Corporation Law - s.305"
"WUCT39","United States of America","US","New York","US-NY","Business Corporation","PJ10","Subscriber","English","en","Subscriber","","","2023-06-28","ACTV","","","","New York Consolidated Laws Business Corporation (BSC) CHAPTER 4 Business Corporation Law - s.503"
"XSZMKP","United States of America","US","New York","US-NY","Business Corporation","PJ10","Secretary","English","en","Secretary","","","2023-06-28","ACTV","","","","New York Consolidated Laws Business Corporation (BSC) CHAPTER 4 Business Corporation Law - s.508"
"XXQSUN","United States of America","US","New York","US-NY","Business Corporation","PJ10","Receiver","English","en","Receiver","","","2023-06-28","ACTV","","","","New York Consolidated Laws Business Corporation (BSC) CHAPTER 4 Business Corporation Law - s.503"
"ZEDHGI","United States of America","US","New York","US-NY","Business Corporation","PJ10","Vice-president","English","en","Vice-president","VP","VP","2023-06-28","ACTV","","","","New York Consolidated Laws Business Corporation (BSC) CHAPTER 4 Business Corporation Law - s.508"
"3MMZWH","United States of America","US","North Carolina","US-NC","Business Corporation","1QMT","officer","English","en","officer","","","2023-06-28","ACTV","","","","2005 North Carolina Code: Ch. 55: North Carolina Business Corporation Act - § 55‑1‑20"
"8PDQ0B","United States of America","US","North Carolina","US-NC","Business Corporation","1QMT","receiver","English","en","receiver","","","2023-06-28","ACTV","","","","2005 North Carolina Code: Ch. 55: North Carolina Business Corporation Act - § 55‑7‑23"
"APELNG","United States of America","US","North Carolina","US-NC","Business Corporation","1QMT","chair","English","en","chair","","","2023-06-28","ACTV","","","","2005 North Carolina Code: Ch. 55: North Carolina Business Corporation Act - § 55‑1‑20"
"BWPQPN","United States of America","US","North Carolina","US-NC","Limited Liability Company","X1EL","organizer","English","en","organizer","","","2023-06-28","ACTV","","","","North Carolina General Statutes: Ch. 57D - North Carolina Limited Liability Company Act 57D-1-03"
"CPW5GE","United States of America","US","North Carolina","US-NC","Business Corporation","1QMT","president","English","en","president","","","2023-06-28","ACTV","","","","2005 North Carolina Code: Ch. 55: North Carolina Business Corporation Act - § 55‑1‑20"
"EHGZUB","United States of America","US","North Carolina","US-NC","Limited Liability Company","X1EL","interest owner","English","en","interest owner","","","2023-06-28","ACTV","","","","North Carolina General Statutes: Ch. 57D - North Carolina Limited Liability Company Act 57D-1-03"
"F34HV7","United States of America","US","North Carolina","US-NC","Business Corporation","1QMT","voting trustee","English","en","voting trustee","","","2023-06-28","ACTV","","","","2005 North Carolina Code: Ch. 55: North Carolina Business Corporation Act - § 55‑7‑30"
"F5GQW7","United States of America","US","North Carolina","US-NC","Business Corporation","1QMT","incorporator","English","en","incorporator","","","2023-06-28","ACTV","","","","2005 North Carolina Code: Ch. 55: North Carolina Business Corporation Act - § 55‑1‑20"
"FIERMQ","United States of America","US","North Carolina","US-NC","Limited Liability Company","X1EL","company official","English","en","company official","","","2023-06-28","ACTV","","","","North Carolina General Statutes: Ch. 57D - North Carolina Limited Liability Company Act 57D-1-03"
"HPEKMU","United States of America","US","North Carolina","US-NC","Limited Liability Company","X1EL","registered agent","English","en","registered agent","","","2023-06-28","ACTV","","","","North Carolina General Statutes: Ch. 57D - North Carolina Limited Liability Company Act 57D-2-40"
"HSYSWT","United States of America","US","North Carolina","US-NC","Limited Liability Company","X1EL","member","English","en","member","","","2023-06-28","ACTV","","","","North Carolina General Statutes: Ch. 57D - North Carolina Limited Liability Company Act 57D-1-03"
"JZDWTA","United States of America","US","North Carolina","US-NC","Limited Liability Company","X1EL","receiver","English","en","receiver","","","2023-06-28","ACTV","","","","North Carolina General Statutes: Ch. 57D - North Carolina Limited Liability Company Act 57D-1-20"
"KPW3SH","United States of America","US","North Carolina","US-NC","Business Corporation","1QMT","registered agent","English","en","registered agent","","","2023-06-28","ACTV","","","","2005 North Carolina Code: Ch. 55: North Carolina Business Corporation Act - § 55‑5‑01"
"L431NF","United States of America","US","North Carolina","US-NC","Business Corporation","1QMT","director","English","en","director","","","2023-06-28","ACTV","","","","2005 North Carolina Code: Ch. 55: North Carolina Business Corporation Act - § 55‑1‑20"
"LJNJJX","United States of America","US","North Carolina","US-NC","Limited Liability Company","X1EL","manager","English","en","manager","Mgr.","","2023-06-28","ACTV","","","","North Carolina General Statutes: Ch. 57D - North Carolina Limited Liability Company Act 57D-1-03"
"MHGDGW","United States of America","US","North Carolina","US-NC","Business Corporation","1QMT","shareholder","English","en","shareholder","","","2023-06-28","ACTV","","","","2005 North Carolina Code: Ch. 55: North Carolina Business Corporation Act - § 55‑1‑42"
"U4SBHY","United States of America","US","North Carolina","US-NC","Business Corporation","1QMT","beneficial owner","English","en","beneficial owner","","","2023-06-28","ACTV","","","","2005 North Carolina Code: Ch. 55: North Carolina Business Corporation Act - § 55‑14‑32"
"VGHOQQ","United States of America","US","North Carolina","US-NC","Limited Liability Company","X1EL","trustee","English","en","trustee","","","2023-06-28","ACTV","","","","North Carolina General Statutes: Ch. 57D - North Carolina Limited Liability Company Act 57D-1-20"
"XUEMSX","United States of America","US","North Carolina","US-NC","Business Corporation","1QMT","assistant officer","English","en","assistant officer","","","2023-06-28","ACTV","","","","2005 North Carolina Code: Ch. 55: North Carolina Business Corporation Act - § 55‑8-40"
"52GDRV","United States of America","US","North Dakota","US-ND","(Business) Limited Liability Company","GHB2","treasurer","English","en","treasurer","Treas.","","2023-06-28","ACTV","","","","North Dakota Century Code: Title 10: Ch. 10-32.1 - North Dakota Uniform Limited Liability Company Act 10-32.1-39"
"52GDRV","United States of America","US","North Dakota","US-ND","(Business) Limited Liability Company","GHB2","chief financial officer","English","en","chief financial officer","CFO","","2023-06-28","ACTV","","","","North Dakota Century Code: Title 10: Ch. 10-32.1 - North Dakota Uniform Limited Liability Company Act 10-32.1-40"
"5CPVR2","United States of America","US","North Dakota","US-ND","(Business) Corporation","S745","voting trustee","English","en","voting trustee","","","2023-06-28","ACTV","","","","North Dakota Century Code: Title 10: Ch. 19.1 - North Dakota Business Corporation Act 10-19.1-81"
"6EYMQQ","United States of America","US","North Dakota","US-ND","(Business) Corporation","S745","registered agent","English","en","registered agent","","","2023-06-28","ACTV","","","","North Dakota Century Code: Title 10: Ch. 19.1 - North Dakota Business Corporation Act 10-19.1-10"
"7FI6DX","United States of America","US","North Dakota","US-ND","(Business) Limited Liability Company","GHB2","receiver","English","en","receiver","","","2023-06-28","ACTV","","","","North Dakota Century Code: Title 10: Ch. 10-32.1 - North Dakota Uniform Limited Liability Company Act 10-32.1-89"
"AA5P7J","United States of America","US","North Dakota","US-ND","(Business) Corporation","S745","shareholder","English","en","shareholder","","","2023-06-28","ACTV","","","","North Dakota Century Code: Title 10: Ch. 19.1 - North Dakota Business Corporation Act 10-19.1-01"
"BMAVGN","United States of America","US","North Dakota","US-ND","(Business) Corporation","S745","president","English","en","president","Pres.","","2023-06-28","ACTV","","","","North Dakota Century Code: Title 10: Ch. 19.1 - North Dakota Business Corporation Act 10-19.1-52"
"BMAVGN","United States of America","US","North Dakota","US-ND","(Business) Corporation","S745","chief executive officer","English","en","chief executive officer","CEO","","2023-06-28","ACTV","","","","North Dakota Century Code: Title 10: Ch. 19.1 - North Dakota Business Corporation Act 10-19.1-52"
"FCGTSZ","United States of America","US","North Dakota","US-ND","(Business) Corporation","S745","beneficial owner","English","en","beneficial owner","","","2023-06-28","ACTV","","","","North Dakota Century Code: Title 10: Ch. 19.1 - North Dakota Business Corporation Act 10-19.1-84"
"FUQ81V","United States of America","US","North Dakota","US-ND","(Business) Corporation","S745","secretary","English","en","secretary","Sec.","","2023-06-28","ACTV","","","","North Dakota Century Code: Title 10: Ch. 19.1 - North Dakota Business Corporation Act 10-19.1-52"
"HFOSXX","United States of America","US","North Dakota","US-ND","(Business) Corporation","S745","vice president","English","en","vice president","VP","","2023-06-28","ACTV","","","","North Dakota Century Code: Title 10: Ch. 19.1 - North Dakota Business Corporation Act 10-19.1-52"
"JF34WU","United States of America","US","North Dakota","US-ND","(Business) Limited Liability Company","GHB2","president","English","en","president","Pres.","","2023-06-28","ACTV","","","","North Dakota Century Code: Title 10: Ch. 10-32.1 - North Dakota Uniform Limited Liability Company Act 10-32.1-42"
"JF34WU","United States of America","US","North Dakota","US-ND","(Business) Limited Liability Company","GHB2","chief executive officer","English","en","chief executive officer","CEO","","2023-06-28","ACTV","","","","North Dakota Century Code: Title 10: Ch. 10-32.1 - North Dakota Uniform Limited Liability Company Act 10-32.1-43"
"KXF1AO","United States of America","US","North Dakota","US-ND","(Business) Corporation","S745","subscriber","English","en","subscriber","","","2023-06-28","ACTV","","","","North Dakota Century Code: Title 10: Ch. 19.1 - North Dakota Business Corporation Act 10-19.1-01"
"MUMGHY","United States of America","US","North Dakota","US-ND","(Business) Corporation","S745","treasurer","English","en","treasurer","Treas.","","2023-06-28","ACTV","","","","North Dakota Century Code: Title 10: Ch. 19.1 - North Dakota Business Corporation Act 10-19.1-52"
"MUMGHY","United States of America","US","North Dakota","US-ND","(Business) Corporation","S745","chief financial officer","English","en","chief financial officer","CFO","","2023-06-28","ACTV","","","","North Dakota Century Code: Title 10: Ch. 19.1 - North Dakota Business Corporation Act 10-19.1-52"
"OX8GCT","United States of America","US","North Dakota","US-ND","(Business) Limited Liability Company","GHB2","trustee","English","en","trustee","","","2023-06-28","ACTV","","","","North Dakota Century Code: Title 10: Ch. 10-32.1 - North Dakota Uniform Limited Liability Company Act 10-32.1-89"
"PQP7ME","United States of America","US","North Dakota","US-ND","(Business) Limited Liability Company","GHB2","liquidating trustee","English","en","liquidating trustee","","","2023-06-28","ACTV","","","","North Dakota Century Code: Title 10: Ch. 10-32.1 - North Dakota Uniform Limited Liability Company Act 10-32.1-102"
"PTNHWG","United States of America","US","North Dakota","US-ND","(Business) Limited Liability Company","GHB2","owner","English","en","owner","","","2023-06-28","ACTV","","","","North Dakota Century Code: Title 10: Ch. 10-32.1 - North Dakota Uniform Limited Liability Company Act 10-32.1-06"
"RBP1LH","United States of America","US","North Dakota","US-ND","(Business) Limited Liability Company","GHB2","governor","English","en","governor","Gov.","","2023-06-28","ACTV","","","","North Dakota Century Code: Title 10: Ch. 10-32.1 - North Dakota Uniform Limited Liability Company Act 10-32.1-02"
"RG3BHN","United States of America","US","North Dakota","US-ND","(Business) Corporation","S745","owner","English","en","owner","","","2023-06-28","ACTV","","","","North Dakota Century Code: Title 10: Ch. 19.1 - North Dakota Business Corporation Act 10-19.1-01"
"S6IKEI","United States of America","US","North Dakota","US-ND","(Business) Limited Liability Company","GHB2","member","English","en","member","","","2023-06-28","ACTV","","","","North Dakota Century Code: Title 10: Ch. 10-32.1 - North Dakota Uniform Limited Liability Company Act 10-32.1-04"
"T22MOA","United States of America","US","North Dakota","US-ND","(Business) Limited Liability Company","GHB2","manager","English","en","manager","Mgr.","","2023-06-28","ACTV","","","","North Dakota Century Code: Title 10: Ch. 10-32.1 - North Dakota Uniform Limited Liability Company Act 10-32.1-03"
"VYW50Y","United States of America","US","North Dakota","US-ND","(Business) Limited Liability Company","GHB2","registered agent","English","en","registered agent","","","2023-06-28","ACTV","","","","North Dakota Century Code: Title 10: Ch. 10-32.1 - North Dakota Uniform Limited Liability Company Act 10-32.1-16"
"WJGYSL","United States of America","US","North Dakota","US-ND","(Business) Corporation","S745","officer","English","en","officer","","","2023-06-28","ACTV","","","","North Dakota Century Code: Title 10: Ch. 19.1 - North Dakota Business Corporation Act 10-19.1-01"
"WXG5VN","United States of America","US","North Dakota","US-ND","(Business) Corporation","S745","incorporator","English","en","incorporator","","","2023-06-28","ACTV","","","","North Dakota Century Code: Title 10: Ch. 19.1 - North Dakota Business Corporation Act 10-19.1-09"
"WYL00S","United States of America","US","North Dakota","US-ND","(Business) Corporation","S745","director","English","en","director","Dir.","","2023-06-28","ACTV","","","","North Dakota Century Code: Title 10: Ch. 19.1 - North Dakota Business Corporation Act 10-19.1-01"
"XHCHB7","United States of America","US","North Dakota","US-ND","(Business) Corporation","S745","receiver","English","en","receiver","","","2023-06-28","ACTV","","","","North Dakota Century Code: Title 10: Ch. 19.1 - North Dakota Business Corporation Act 10-19.1-117"
"YVPINM","United States of America","US","North Dakota","US-ND","(Business) Limited Liability Company","GHB2","organizer","English","en","organizer","","","2023-06-28","ACTV","","","","North Dakota Century Code: Title 10: Ch. 10-32.1 - North Dakota Uniform Limited Liability Company Act 10-32.1-05"
"ZM3X1G","United States of America","US","North Dakota","US-ND","(Business) Limited Liability Company","GHB2","chief manager","English","en","chief manager","","","2023-06-28","ACTV","","","","North Dakota Century Code: Title 10: Ch. 10-32.1 - North Dakota Uniform Limited Liability Company Act 10-32.1-41"
"1J4HSN","United States of America","US","Ohio","US-OH","Limited Liability Company","EZNQ","organizer","English","en","organizer","","","2023-06-28","ACTV","","","","Ohio Revised Code: Title 17: Ch. 1706 - Ohio Revised Limited Liability Company Act 1706.01"
"2WCDR9","United States of America","US","Ohio","US-OH","Corporation (For-Profit)","BTQ1","vice president","English","en","vice president","","","2023-06-28","ACTV","","","","Ohio Revised Code: Title 17: General Corporation Law - Section 1701.64"
"7VQXSV","United States of America","US","Ohio","US-OH","Corporation (For-Profit)","BTQ1","secretary","English","en","secretary","","","2023-06-28","ACTV","","","","Ohio Revised Code: Title 17: General Corporation Law - Section 1701.64"
"96LR4U","United States of America","US","Ohio","US-OH","Corporation (For-Profit)","BTQ1","incorporator","English","en","incorporator","","","2023-06-28","ACTV","","","","Ohio Revised Code: Title 17: General Corporation Law - Section 1701.01"
"AMTZ26","United States of America","US","Ohio","US-OH","Corporation (For-Profit)","BTQ1","assistant officer","English","en","assistant officer","","","2023-06-28","ACTV","","","","Ohio Revised Code: Title 17: General Corporation Law - Section 1701.64"
"DWJTEE","United States of America","US","Ohio","US-OH","Corporation (For-Profit)","BTQ1","director","English","en","director","","","2023-06-28","ACTV","","","","Ohio Revised Code: Title 17: General Corporation Law - Section 1701.10"
"EPNKC9","United States of America","US","Ohio","US-OH","Corporation (For-Profit)","BTQ1","subscriber","English","en","subscriber","","","2023-06-28","ACTV","","","","Ohio Revised Code: Title 17: General Corporation Law - Section 1701.14"
"EUSNRV","United States of America","US","Ohio","US-OH","Corporation (For-Profit)","BTQ1","officer","English","en","officer","","","2023-06-28","ACTV","","","","Ohio Revised Code: Title 17: General Corporation Law - Section 1701.64"
"EXDOAW","United States of America","US","Ohio","US-OH","Corporation (For-Profit)","BTQ1","statutory agent","English","en","statutory agent","","","2023-06-28","ACTV","","","","Ohio Revised Code: Title 17: General Corporation Law - Section 1701.07"
"FSRSZ7","United States of America","US","Ohio","US-OH","Limited Liability Company","EZNQ","manager","English","en","manager","Mgr.","","2023-06-28","ACTV","","","","Ohio Revised Code: Title 17: Ch. 1706 - Ohio Revised Limited Liability Company Act 1706.01"
"GNPR98","United States of America","US","Ohio","US-OH","Limited Liability Company","EZNQ","agent (for service of process)","English","en","agent (for service of process)","","","2023-06-28","ACTV","","","","Ohio Revised Code: Title 17: Ch. 1706 - Ohio Revised Limited Liability Company Act 1706.09"
"LNMHAL","United States of America","US","Ohio","US-OH","Limited Liability Company","EZNQ","member","English","en","member","","","2023-06-28","ACTV","","","","Ohio Revised Code: Title 17: Ch. 1706 - Ohio Revised Limited Liability Company Act 1706.01"
"PIQDTM","United States of America","US","Ohio","US-OH","Corporation (For-Profit)","BTQ1","transfer agent","English","en","transfer agent","","","2023-06-28","ACTV","","","","Ohio Revised Code: Title 17: General Corporation Law - Section 1701.26"
"R35T3U","United States of America","US","Ohio","US-OH","Corporation (For-Profit)","BTQ1","president","English","en","president","","","2023-06-28","ACTV","","","","Ohio Revised Code: Title 17: General Corporation Law - Section 1701.64"
"SIX1Y8","United States of America","US","Ohio","US-OH","Corporation (For-Profit)","BTQ1","fiduciary","English","en","fiduciary","","","2023-06-28","ACTV","","","","Ohio Revised Code: Title 17: General Corporation Law - Section 1701.46"
"TBBN6Z","United States of America","US","Ohio","US-OH","Corporation (For-Profit)","BTQ1","receiver","English","en","receiver","","","2023-06-28","ACTV","","","","Ohio Revised Code: Title 17: General Corporation Law - Section 1701.90"
"TP3BNW","United States of America","US","Ohio","US-OH","Corporation (For-Profit)","BTQ1","shareholder","English","en","shareholder","","","2023-06-28","ACTV","","","","Ohio Revised Code: Title 17: General Corporation Law - Section 1701.01"
"UPGW2N","United States of America","US","Ohio","US-OH","Corporation (For-Profit)","BTQ1","voting trustee","English","en","voting trustee","","","2023-06-28","ACTV","","","","Ohio Revised Code: Title 17: General Corporation Law - Section 1701.49"
"XVU7M7","United States of America","US","Ohio","US-OH","Corporation (For-Profit)","BTQ1","treasurer","English","en","treasurer","","","2023-06-28","ACTV","","","","Ohio Revised Code: Title 17: General Corporation Law - Section 1701.64"
"062UW9","United States of America","US","Oklahoma","US-OK","Profit Corporation","BGH4","vice-president","English","en","vice-president","VP","","2023-06-28","ACTV","","","","Oklahoma Statutes: Title 18: ss.1000ff - Oklahoma General Corporation Act 18-1007"
"1R24K1","United States of America","US","Oklahoma","US-OK","Limited Liability Company","B8XC","member","English","en","member","","","2023-06-28","ACTV","","","","Oklahoma Statutes: Title 18: ss.2000ff - Oklahoma Limited Liability Company Act 18-2001"
"2QJM5Z","United States of America","US","Oklahoma","US-OK","Profit Corporation","BGH4","custodian","English","en","custodian","","","2023-06-28","ACTV","","","","Oklahoma Statutes: Title 18: ss.1000ff - Oklahoma General Corporation Act 18-1071"
"BPPZVU","United States of America","US","Oklahoma","US-OK","Profit Corporation","BGH4","assistant secretary","English","en","assistant secretary","Asst.Sec.","","2023-06-28","ACTV","","","","Oklahoma Statutes: Title 18: ss.1000ff - Oklahoma General Corporation Act 18-1007"
"DOYV39","United States of America","US","Oklahoma","US-OK","Profit Corporation","BGH4","vice-chair","English","en","vice-chair","","","2023-06-28","ACTV","","","","Oklahoma Statutes: Title 18: ss.1000ff - Oklahoma General Corporation Act 18-1007"
"FWQITA","United States of America","US","Oklahoma","US-OK","Profit Corporation","BGH4","holder of record (stock)","English","en","holder of record (stock)","","","2023-06-28","ACTV","","","","Oklahoma Statutes: Title 18: ss.1000ff - Oklahoma General Corporation Act 18-1007"
"GTVYDS","United States of America","US","Oklahoma","US-OK","Profit Corporation","BGH4","incorporator","English","en","incorporator","","","2023-06-28","ACTV","","","","Oklahoma Statutes: Title 18: ss.1000ff - Oklahoma General Corporation Act 18-1005"
"IQZV7Z","United States of America","US","Oklahoma","US-OK","Profit Corporation","BGH4","shareholder","English","en","shareholder","","","2023-06-28","ACTV","","","","Oklahoma Statutes: Title 18: ss.1000ff - Oklahoma General Corporation Act 18-1064"
"JJ0C4H","United States of America","US","Oklahoma","US-OK","Limited Liability Company","B8XC","manager","English","en","manager","Mgr.","","2023-06-28","ACTV","","","","Oklahoma Statutes: Title 18: ss.2000ff - Oklahoma Limited Liability Company Act 18-2001"
"LALQOI","United States of America","US","Oklahoma","US-OK","Limited Liability Company","B8XC","registered agent","English","en","registered agent","","","2023-06-28","ACTV","","","","Oklahoma Statutes: Title 18: ss.2000ff - Oklahoma Limited Liability Company Act 18-2010"
"MOKV3B","United States of America","US","Oklahoma","US-OK","Profit Corporation","BGH4","president","English","en","president","Pres.","","2023-06-28","ACTV","","","","Oklahoma Statutes: Title 18: ss.1000ff - Oklahoma General Corporation Act 18-1007"
"NYL5PA","United States of America","US","Oklahoma","US-OK","Profit Corporation","BGH4","secretary","English","en","secretary","Sec.","","2023-06-28","ACTV","","","","Oklahoma Statutes: Title 18: ss.1000ff - Oklahoma General Corporation Act 18-1007"
"OPXFOD","United States of America","US","Oklahoma","US-OK","Profit Corporation","BGH4","officer","English","en","officer","","","2023-06-28","ACTV","","","","Oklahoma Statutes: Title 18: ss.1000ff - Oklahoma General Corporation Act 18-1028"
"RBDFIR","United States of America","US","Oklahoma","US-OK","Profit Corporation","BGH4","trustee","English","en","trustee","","","2023-06-28","ACTV","","","","Oklahoma Statutes: Title 18: ss.1000ff - Oklahoma General Corporation Act 18-1100"
"U2RUBO","United States of America","US","Oklahoma","US-OK","Profit Corporation","BGH4","chair","English","en","chair","Ch.","","2023-06-28","ACTV","","","","Oklahoma Statutes: Title 18: ss.1000ff - Oklahoma General Corporation Act 18-1007"
"ZNYYCP","United States of America","US","Oklahoma","US-OK","Profit Corporation","BGH4","registered agent","English","en","registered agent","","","2023-06-28","ACTV","","","","Oklahoma Statutes: Title 18: ss.1000ff - Oklahoma General Corporation Act 18-1022"
"ZWQZMO","United States of America","US","Oklahoma","US-OK","Profit Corporation","BGH4","receiver","English","en","receiver","","","2023-06-28","ACTV","","","","Oklahoma Statutes: Title 18: ss.1000ff - Oklahoma General Corporation Act 18-1071"
"1SUZFI","United States of America","US","Oregon","US-OR","Business Corporation","T5ZE","subscriber","English","en","subscriber","","","2023-06-28","ACTV","","","","Oregon Revised Statutes: Title 7: Ch.60 Private Corporations - 60.001"
"4WG6BM","United States of America","US","Oregon","US-OR","Business Corporation","T5ZE","officer","English","en","officer","","","2023-06-28","ACTV","","","","Oregon Revised Statutes: Title 7: Ch.60 Private Corporations - 60.004"
"6AMYOO","United States of America","US","Oregon","US-OR","Limited Liability Company","QK2J","organizer","English","en","organizer","","","2023-06-28","ACTV","","","","Oregon Revised Statutes: Vol.2: Title 7: Ch.63 Limited Liabiity Companies 63.001"
"BMQL0J","United States of America","US","Oregon","US-OR","Business Corporation","T5ZE","director","English","en","director","","","2023-06-28","ACTV","","","","Oregon Revised Statutes: Title 7: Ch.60 Private Corporations - 60.004"
"EPLPIR","United States of America","US","Oregon","US-OR","Limited Liability Company","QK2J","custodian","English","en","custodian","","","2023-06-28","ACTV","","","","Oregon Revised Statutes: Vol.2: Title 7: Ch.63 Limited Liabiity Companies 63.664"
"EXHBUQ","United States of America","US","Oregon","US-OR","Business Corporation","T5ZE","president","English","en","president","","","2023-06-28","ACTV","","","","Oregon Revised Statutes: Title 7: Ch.60 Private Corporations - 60.004"
"FVERPF","United States of America","US","Oregon","US-OR","Business Corporation","T5ZE","custodian","English","en","custodian","","","2023-06-28","ACTV","","","","Oregon Revised Statutes: Title 7: Ch.60 Private Corporations - 60.667"
"H30CSD","United States of America","US","Oregon","US-OR","Limited Liability Company","QK2J","member","English","en","member","","","2023-06-28","ACTV","","","","Oregon Revised Statutes: Vol.2: Title 7: Ch.63 Limited Liabiity Companies 63.001"
"HRD7F6","United States of America","US","Oregon","US-OR","Business Corporation","T5ZE","chairperson","English","en","chairperson","","","2023-06-28","ACTV","","","","Oregon Revised Statutes: Title 7: Ch.60 Private Corporations - 60.004"
"JBQS0K","United States of America","US","Oregon","US-OR","Limited Liability Company","QK2J","receiver","English","en","receiver","","","2023-06-28","ACTV","","","","Oregon Revised Statutes: Vol.2: Title 7: Ch.63 Limited Liabiity Companies 63.004"
"JVCVL2","United States of America","US","Oregon","US-OR","Business Corporation","T5ZE","receiver","English","en","receiver","","","2023-06-28","ACTV","","","","Oregon Revised Statutes: Title 7: Ch.60 Private Corporations - 60.667"
"MK6CMT","United States of America","US","Oregon","US-OR","Limited Liability Company","QK2J","registered agent","English","en","registered agent","","","2023-06-28","ACTV","","","","Oregon Revised Statutes: Vol.2: Title 7: Ch.63 Limited Liabiity Companies 63.111"
"OHAQQO","United States of America","US","Oregon","US-OR","Business Corporation","T5ZE","incorporator","English","en","incorporator","","","2023-06-28","ACTV","","","","Oregon Revised Statutes: Title 7: Ch.60 Private Corporations - 60.004"
"OY59X7","United States of America","US","Oregon","US-OR","Limited Liability Company","QK2J","manager","English","en","manager","Mgr.","","2023-06-28","ACTV","","","","Oregon Revised Statutes: Vol.2: Title 7: Ch.63 Limited Liabiity Companies 63.001"
"Q63RKL","United States of America","US","Oregon","US-OR","Business Corporation","T5ZE","shareholder","English","en","shareholder","","","2023-06-28","ACTV","","","","Oregon Revised Statutes: Title 7: Ch.60 Private Corporations - 60.001"
"QGDHMT","United States of America","US","Oregon","US-OR","Business Corporation","T5ZE","secretary","English","en","secretary","","","2023-06-28","ACTV","","","","Oregon Revised Statutes: Title 7: Ch.60 Private Corporations - 60.371"
"SE5EOR","United States of America","US","Oregon","US-OR","Business Corporation","T5ZE","registered agent","English","en","registered agent","","","2023-06-28","ACTV","","","","Oregon Revised Statutes: Title 7: Ch.60 Private Corporations - 60.111"
"UN2JBI","United States of America","US","Oregon","US-OR","Business Corporation","T5ZE","assistant officer","English","en","assistant officer","","","2023-06-28","ACTV","","","","Oregon Revised Statutes: Title 7: Ch.60 Private Corporations - 60.371"
"YOOOEN","United States of America","US","Oregon","US-OR","Business Corporation","T5ZE","voting trustee","English","en","voting trustee","","","2023-06-28","ACTV","","","","Oregon Revised Statutes: Title 7: Ch.60 Private Corporations - 60.254"
"3RZXOR","United States of America","US","Pennsylvania","US-PA","Business Corporation","3JTE","liquidating receiver","English","en","liquidating receiver","","","2023-06-28","ACTV","","","","Pennsylvania Consolidated Statutes: Title 15: Part III: Ch.19 Fundamental Changes § 1985"
"4ASFAX","United States of America","US","Pennsylvania","US-PA","Business Corporation","3JTE","receiver","English","en","receiver","","","2023-06-28","ACTV","","","","Pennsylvania Consolidated Statutes: Title 15: Part III: Ch.19 Fundamental Changes § 1984"
"6UIVYM","United States of America","US","Pennsylvania","US-PA","Limited Liability Company","9C19","receiver","English","en","receiver","","","2023-06-28","ACTV","","","","Pennsylvania Consolidated Statutes: Title 15: Part III: Ch.88 - Pennsylvania Uniform Limited Liability Company Act of 2016 § 8853"
"AHQ9PN","United States of America","US","Pennsylvania","US-PA","Business Corporation","3JTE","vice president","English","en","vice president","VP","","2023-06-28","ACTV","","","","Pennsylvania Code: Title 19 Corporations and Business Associations: Ch.23 Business Corporations Generally 23.51"
"DUX22Z","United States of America","US","Pennsylvania","US-PA","Business Corporation","3JTE","shareholder","English","en","shareholder","","","2023-06-28","ACTV","","","","Pennsylvania Code: Title 19 Corporations and Business Associations: Ch.23 Business Corporations Generally 23.13"
"GCIMAE","United States of America","US","Pennsylvania","US-PA","Limited Liability Company","9C19","member","English","en","member","","","2023-06-28","ACTV","","","","Pennsylvania Consolidated Statutes: Title 15: Part III: Ch.88 - Pennsylvania Uniform Limited Liability Company Act of 2016 § 8812"
"KO5JVC","United States of America","US","Pennsylvania","US-PA","Business Corporation","3JTE","director","English","en","director","Dir.","","2023-06-28","ACTV","","","","Pennsylvania Code: Title 19 Corporations and Business Associations: Ch.23 Business Corporations Generally 23.8"
"LSSP91","United States of America","US","Pennsylvania","US-PA","Business Corporation","3JTE","treasurer","English","en","treasurer","Treas.","","2023-06-28","ACTV","","","","Pennsylvania Code: Title 19 Corporations and Business Associations: Ch.23 Business Corporations Generally 23.51"
"M30ISP","United States of America","US","Pennsylvania","US-PA","Business Corporation","3JTE","incorporator","English","en","incorporator","","","2023-06-28","ACTV","","","","Pennsylvania Code: Title 19 Corporations and Business Associations: Ch.23 Business Corporations Generally 23.2"
"MVHK1I","United States of America","US","Pennsylvania","US-PA","Business Corporation","3JTE","president","English","en","president","Pres.","","2023-06-28","ACTV","","","","Pennsylvania Code: Title 19 Corporations and Business Associations: Ch.23 Business Corporations Generally 23.51"
"O6FV9Y","United States of America","US","Pennsylvania","US-PA","Limited Partnership","HSEV","limited partner","English","en","limited partner","LP. L.P.","","2023-06-28","ACTV","","","","Pennsylvania Consolidated Statutes: Title 15: Part III: Ch.86 - Pennsylvania Uniform Limited Partnership Act of 2016 § 8612"
"PDAWLC","United States of America","US","Pennsylvania","US-PA","Limited Partnership","HSEV","general partner","English","en","general partner","GP, G.P.","","2023-06-28","ACTV","","","","Pennsylvania Consolidated Statutes: Title 15: Part III: Ch.86 - Pennsylvania Uniform Limited Partnership Act of 2016 § 8612"
"UEYCCO","United States of America","US","Pennsylvania","US-PA","Limited Liability Company","9C19","manager","English","en","manager","Mgr.","","2023-06-28","ACTV","","","","Pennsylvania Consolidated Statutes: Title 15: Part III: Ch.88 - Pennsylvania Uniform Limited Liability Company Act of 2016 § 8812"
"VSP4AL","United States of America","US","Pennsylvania","US-PA","Limited Liability Company","9C19","organizer","English","en","organizer","","","2023-06-28","ACTV","","","","Pennsylvania Consolidated Statutes: Title 15: Part III: Ch.88 - Pennsylvania Uniform Limited Liability Company Act of 2016 § 8812"
"ZN38B5","United States of America","US","Pennsylvania","US-PA","Business Corporation","3JTE","secretary","English","en","secretary","Sec.","","2023-06-28","ACTV","","","","Pennsylvania Code: Title 19 Corporations and Business Associations: Ch.23 Business Corporations Generally 23.51"
"1RLTWZ","United States of America","US","Rhode Island","US-RI","Business Corporation","Z54A","liquidating receiver","English","en","liquidating receiver","","","2023-06-28","ACTV","","","","2013 Rhode Island General Laws: Title 7 - Corporations, Associations and Partnerships: Ch. 7-1.2 Rhode Island Business Corporation Act - Section 7-1.2-1316"
"BVAGBG","United States of America","US","Rhode Island","US-RI","Business Corporation","Z54A","registered agent","English","en","registered agent","","","2023-06-28","ACTV","","","","2013 Rhode Island General Laws: Title 7 - Corporations, Associations and Partnerships: Ch. 7-1.2 Rhode Island Business Corporation Act - Section 7-1.2-501"
"CHMW4Z","United States of America","US","Rhode Island","US-RI","Business Corporation","Z54A","officer","English","en","officer","","","2023-06-28","ACTV","","","","2013 Rhode Island General Laws: Title 7 - Corporations, Associations and Partnerships: Ch. 7-1.2 Rhode Island Business Corporation Act - Section 7-1.2-105"
"CNTZJS","United States of America","US","Rhode Island","US-RI","Limited Liability Company","DRSE","member","English","en","member","","","2023-06-28","ACTV","","","","2005 Rhode Island Code: Title 7: Ch. 16 — The Rhode Island Limited Liability Company Act § 7-16-2"
"CP8NP5","United States of America","US","Rhode Island","US-RI","Business Corporation","Z54A","voting trustee","English","en","voting trustee","","","2023-06-28","ACTV","","","","2013 Rhode Island General Laws: Title 7 - Corporations, Associations and Partnerships: Ch. 7-1.2 Rhode Island Business Corporation Act - Section 7-1.2-709"
"D7YHEO","United States of America","US","Rhode Island","US-RI","Business Corporation","Z54A","treasurer","English","en","treasurer","","","2023-06-28","ACTV","","","","2013 Rhode Island General Laws: Title 7 - Corporations, Associations and Partnerships: Ch. 7-1.2 Rhode Island Business Corporation Act - Section 7-1.2-812"
"DGSI1H","United States of America","US","Rhode Island","US-RI","Business Corporation","Z54A","shareholder","English","en","shareholder","","","2023-06-28","ACTV","","","","2013 Rhode Island General Laws: Title 7 - Corporations, Associations and Partnerships: Ch. 7-1.2 Rhode Island Business Corporation Act - Section 7-1.2-501"
"GGSFWD","United States of America","US","Rhode Island","US-RI","Limited Liability Company","DRSE","manager","English","en","manager","Mgr.","","2023-06-28","ACTV","","","","2005 Rhode Island Code: Title 7: Ch. 16 — The Rhode Island Limited Liability Company Act § 7-16-2"
"KKN1LM","United States of America","US","Rhode Island","US-RI","Limited Liability Company","DRSE","resident agent","English","en","resident agent","","","2023-06-28","ACTV","","","","2006 Rhode Island Code: Title 7: Ch.16 — The Rhode Island Limited Liability Company Act § 7-16-11"
"ORSBBF","United States of America","US","Rhode Island","US-RI","Business Corporation","Z54A","receiver","English","en","receiver","","","2023-06-28","ACTV","","","","2013 Rhode Island General Laws: Title 7 - Corporations, Associations and Partnerships: Ch. 7-1.2 Rhode Island Business Corporation Act - Section 7-1.2-1316"
"PWPKXK","United States of America","US","Rhode Island","US-RI","Business Corporation","Z54A","secretary","English","en","secretary","","","2023-06-28","ACTV","","","","2013 Rhode Island General Laws: Title 7 - Corporations, Associations and Partnerships: Ch. 7-1.2 Rhode Island Business Corporation Act - Section 7-1.2-812"
"RCWMTR","United States of America","US","Rhode Island","US-RI","Business Corporation","Z54A","incorporator","English","en","incorporator","","","2023-06-28","ACTV","","","","2013 Rhode Island General Laws: Title 7 - Corporations, Associations and Partnerships: Ch. 7-1.2 Rhode Island Business Corporation Act - Section 7-1.2-105"
"SJNONF","United States of America","US","Rhode Island","US-RI","Business Corporation","Z54A","president","English","en","president","","","2023-06-28","ACTV","","","","2013 Rhode Island General Laws: Title 7 - Corporations, Associations and Partnerships: Ch. 7-1.2 Rhode Island Business Corporation Act - Section 7-1.2-812"
"UHDVJL","United States of America","US","Rhode Island","US-RI","Business Corporation","Z54A","assistant officer","English","en","assistant officer","","","2023-06-28","ACTV","","","","2013 Rhode Island General Laws: Title 7 - Corporations, Associations and Partnerships: Ch. 7-1.2 Rhode Island Business Corporation Act - Section 7-1.2-812"
"Y3CNFC","United States of America","US","Rhode Island","US-RI","Business Corporation","Z54A","subscriber","English","en","subscriber","","","2023-06-28","ACTV","","","","2013 Rhode Island General Laws: Title 7 - Corporations, Associations and Partnerships: Ch. 7-1.2 Rhode Island Business Corporation Act - Section 7-1.2-106"
"YWPOPP","United States of America","US","Rhode Island","US-RI","Business Corporation","Z54A","director","English","en","director","","","2023-06-28","ACTV","","","","2013 Rhode Island General Laws: Title 7 - Corporations, Associations and Partnerships: Ch. 7-1.2 Rhode Island Business Corporation Act - Section 7-1.2-105"
"0EQ9YY","United States of America","US","South Carolina","US-SC","Statutory Close Corporation","G0HE","director","English","en","director","Dir.","","2023-06-28","ACTV","","","","South Carolina Code of Laws: Title 33: Ch. 18 - South Carolina Statutory Close Corporation Supplement Note that Chapters 1 through 17 of the Business Corporation Act also apply S. 33-18-210"
"1OLXMH","United States of America","US","South Carolina","US-SC","Limited Liability Company","DBGD","member","English","en","member","","","2023-06-28","ACTV","","","","South Carolina Code of Laws: Title 33: Ch. 44 - Uniform Limited Liability Company Act of 1996 S. 33-44-103"
"4PROAN","United States of America","US","South Carolina","US-SC","Statutory Close Corporation","G0HE","officer","English","en","officer","","","2023-06-28","ACTV","","","","South Carolina Code of Laws: Title 33: Ch. 18 - South Carolina Statutory Close Corporation Supplement Note that Chapters 1 through 17 of the Business Corporation Act also apply S. 33-18-410"
"80KGZM","United States of America","US","South Carolina","US-SC","Limited Liability Company","DBGD","manager","English","en","manager","Mgr.","","2023-06-28","ACTV","","","","South Carolina Code of Laws: Title 33: Ch. 44 - Uniform Limited Liability Company Act of 1996 S. 33-44-101"
"AAZCZA","United States of America","US","South Carolina","US-SC","Limited Liability Company","DBGD","organizer","English","en","organizer","","","2023-06-28","ACTV","","","","South Carolina Code of Laws: Title 33: Ch. 44 - Uniform Limited Liability Company Act of 1996 S. 33-44-202"
"AJH3IP","United States of America","US","South Carolina","US-SC","Limited Liability Company","DBGD","receiver","English","en","receiver","","","2023-06-28","ACTV","","","","South Carolina Code of Laws: Title 33: Ch. 44 - Uniform Limited Liability Company Act of 1996 S. 33-44-504"
"ARUYNP","United States of America","US","South Carolina","US-SC","Statutory Close Corporation","G0HE","subscriber","English","en","subscriber","","","2023-06-28","ACTV","","","","South Carolina Code of Laws: Title 33: Ch. 1 - South Carolina Business Corporation Act of 1988 Note that Chapters 1 through 17 of the Business Corporation Act apply to close corporations S. 33-1-401"
"CYTVWK","United States of America","US","South Carolina","US-SC","Statutory Close Corporation","G0HE","registered agent","English","en","registered agent","","","2023-06-28","ACTV","","","","South Carolina Code of Laws: Title 33: Ch. 1 - South Carolina Business Corporation Act of 1988 Note that Chapters 1 through 17 of the Business Corporation Act apply to close corporations S. 33-5-101"
"G1WF0Y","United States of America","US","South Carolina","US-SC","Statutory Close Corporation","G0HE","custodian","English","en","custodian","","","2023-06-28","ACTV","","","","South Carolina Code of Laws: Title 33: Ch. 1 - South Carolina Business Corporation Act of 1988 Note that Chapters 1 through 17 of the Business Corporation Act apply to close corporations S. 33-14-320"
"G69LZW","United States of America","US","South Carolina","US-SC","Statutory Close Corporation","G0HE","chairman","English","en","chairman","Ch.","","2023-06-28","ACTV","","","","South Carolina Code of Laws: Title 33: Ch. 1 - South Carolina Business Corporation Act of 1988 Note that Chapters 1 through 17 of the Business Corporation Act apply to close corporations S. 33-1-200"
"IGCJ2K","United States of America","US","South Carolina","US-SC","Statutory Close Corporation","G0HE","designated director","English","en","designated director","","","2023-06-28","ACTV","","","","South Carolina Code of Laws: Title 33: Ch. 18 - South Carolina Statutory Close Corporation Supplement Note that Chapters 1 through 17 of the Business Corporation Act also apply S. 33-18-210"
"IL8MVX","United States of America","US","South Carolina","US-SC","Statutory Close Corporation","G0HE","shareholder","English","en","shareholder","","","2023-06-28","ACTV","","","","South Carolina Code of Laws: Title 33: Ch. 18 - South Carolina Statutory Close Corporation Supplement Note that Chapters 1 through 17 of the Business Corporation Act also apply S. 33-18-109"
"LN4ZGO","United States of America","US","South Carolina","US-SC","Statutory Close Corporation","G0HE","receiver","English","en","receiver","","","2023-06-28","ACTV","","","","South Carolina Code of Laws: Title 33: Ch. 1 - South Carolina Business Corporation Act of 1988 Note that Chapters 1 through 17 of the Business Corporation Act apply to close corporations S. 33-14-320"
"NBJ7M8","United States of America","US","South Carolina","US-SC","Statutory Close Corporation","G0HE","incorporator","English","en","incorporator","","","2023-06-28","ACTV","","","","South Carolina Code of Laws: Title 33: Ch. 1 - South Carolina Business Corporation Act of 1988 Note that Chapters 1 through 17 of the Business Corporation Act apply to close corporations S. 33-2-101"
"TEKWEB","United States of America","US","South Carolina","US-SC","Statutory Close Corporation","G0HE","custodian","English","en","custodian","","","2023-06-28","ACTV","","","","South Carolina Code of Laws: Title 33: Ch. 18 - South Carolina Statutory Close Corporation Supplement Note that Chapters 1 through 17 of the Business Corporation Act also apply S. 33-18-410"
"UHA5C6","United States of America","US","South Carolina","US-SC","Statutory Close Corporation","G0HE","trustee","English","en","trustee","","","2023-06-28","ACTV","","","","South Carolina Code of Laws: Title 33: Ch. 1 - South Carolina Business Corporation Act of 1988 Note that Chapters 1 through 17 of the Business Corporation Act apply to close corporations S. 33-1-200"
"V15GQD","United States of America","US","South Carolina","US-SC","Limited Liability Company","DBGD","agent (for service of process)","English","en","agent (for service of process)","","","2023-06-28","ACTV","","","","South Carolina Code of Laws: Title 33: Ch. 44 - Uniform Limited Liability Company Act of 1996 S. 33-44-108"
"WL8BIT","United States of America","US","South Carolina","US-SC","Statutory Close Corporation","G0HE","secretary","English","en","secretary","Sec.","","2023-06-28","ACTV","","","","South Carolina Code of Laws: Title 33: Ch. 1 - South Carolina Business Corporation Act of 1988 Note that Chapters 1 through 17 of the Business Corporation Act apply to close corporations S. 33-1-400"
"YX0ALZ","United States of America","US","South Carolina","US-SC","Statutory Close Corporation","G0HE","assistant officer","English","en","assistant officer","","","2023-06-28","ACTV","","","","South Carolina Code of Laws: Title 33: Ch. 1 - South Carolina Business Corporation Act of 1988 Note that Chapters 1 through 17 of the Business Corporation Act apply to close corporations S. 33-8-400"
"04GQOF","United States of America","US","South Dakota","US-SD","Business Corporation","JZWN","director","English","en","director","Dir.","","2023-06-28","ACTV","","","","South Dakota Codified Laws: Title 47: Ch.1 - South Dakota Business Corporation Act 47-1A-120"
"3CXV7Q","United States of America","US","South Dakota","US-SD","Business Corporation","JZWN","chair","English","en","chair","Ch.","","2023-06-28","ACTV","","","","South Dakota Codified Laws: Title 47: Ch.1 - South Dakota Business Corporation Act 47-1A-120"
"3X3IC4","United States of America","US","South Dakota","US-SD","Limited Liability Company","C276","registered agent","English","en","registered agent","","","2023-06-28","ACTV","","","","South Dakota Codified Laws: Title 47: Ch.34A - UNIFORM LIMITED LIABILITY COMPANY ACT 47-34A-704"
"4HXMFB","United States of America","US","South Dakota","US-SD","Business Corporation","JZWN","voting trustee","English","en","voting trustee","","","2023-06-28","ACTV","","","","South Dakota Codified Laws: Title 47: Ch.1 - South Dakota Business Corporation Act 47-1A-730"
"54JGWU","United States of America","US","South Dakota","US-SD","Business Corporation","JZWN","officer","English","en","officer","","","2023-06-28","ACTV","","","","South Dakota Codified Laws: Title 47: Ch.1 - South Dakota Business Corporation Act 47-1A-120"
"5PHBRC","United States of America","US","South Dakota","US-SD","Business Corporation","JZWN","shareholder","English","en","shareholder","","","2023-06-28","ACTV","","","","South Dakota Codified Laws: Title 47: Ch.1 - South Dakota Business Corporation Act 47-1A-142"
"6YIH7B","United States of America","US","South Dakota","US-SD","Business Corporation","JZWN","president","English","en","president","Pres.","","2023-06-28","ACTV","","","","South Dakota Codified Laws: Title 47: Ch.1 - South Dakota Business Corporation Act 47-1A-120"
"EJZOHQ","United States of America","US","South Dakota","US-SD","Limited Liability Company","C276","officer","English","en","officer","","","2023-06-28","ACTV","","","","South Dakota Codified Laws: Title 47: Ch.34A - UNIFORM LIMITED LIABILITY COMPANY ACT 47-34A-411"
"J4YSDX","United States of America","US","South Dakota","US-SD","Business Corporation","JZWN","record shareholder","English","en","record shareholder","","","2023-06-28","ACTV","","","","South Dakota Codified Laws: Title 47: Ch.1 - South Dakota Business Corporation Act 47-1A-1301"
"KJHX45","United States of America","US","South Dakota","US-SD","Business Corporation","JZWN","custodian","English","en","custodian","","","2023-06-28","ACTV","","","","South Dakota Codified Laws: Title 47: Ch.1 - South Dakota Business Corporation Act 47-1A-1432"
"OWU7BK","United States of America","US","South Dakota","US-SD","Limited Liability Company","C276","manager","English","en","manager","Mgr.","","2023-06-28","ACTV","","","","South Dakota Codified Laws: Title 47: Ch.34A - UNIFORM LIMITED LIABILITY COMPANY ACT 47-34A-101"
"PYKWIN","United States of America","US","South Dakota","US-SD","Limited Liability Company","C276","member","English","en","member","","","2023-06-28","ACTV","","","","South Dakota Codified Laws: Title 47: Ch.34A - UNIFORM LIMITED LIABILITY COMPANY ACT 47-34A-101"
"Q5TDRH","United States of America","US","South Dakota","US-SD","Business Corporation","JZWN","beneficial shareholder","English","en","beneficial shareholder","","","2023-06-28","ACTV","","","","South Dakota Codified Laws: Title 47: Ch.1 - South Dakota Business Corporation Act 47-1A-1301"
"QGDTDG","United States of America","US","South Dakota","US-SD","Limited Liability Company","C276","receiver","English","en","receiver","","","2023-06-28","ACTV","","","","South Dakota Codified Laws: Title 47: Ch.34A - UNIFORM LIMITED LIABILITY COMPANY ACT 47-34A-205"
"RTBTKS","United States of America","US","South Dakota","US-SD","Business Corporation","JZWN","incorporator","English","en","incorporator","","","2023-06-28","ACTV","","","","South Dakota Codified Laws: Title 47: Ch.1 - South Dakota Business Corporation Act 47-1A-120"
"URSULR","United States of America","US","South Dakota","US-SD","Business Corporation","JZWN","receiver","English","en","receiver","","","2023-06-28","ACTV","","","","South Dakota Codified Laws: Title 47: Ch.1 - South Dakota Business Corporation Act 47-1A-120"
"VANRZC","United States of America","US","South Dakota","US-SD","Business Corporation","JZWN","trustee","English","en","trustee","","","2023-06-28","ACTV","","","","South Dakota Codified Laws: Title 47: Ch.1 - South Dakota Business Corporation Act 47-1A-120"
"XN8MDP","United States of America","US","South Dakota","US-SD","Business Corporation","JZWN","senior executive","English","en","senior executive","Snr.Exec.","","2023-06-28","ACTV","","","","South Dakota Codified Laws: Title 47: Ch.1 - South Dakota Business Corporation Act 47-1A-1301"
"0YBAXX","United States of America","US","Tennessee","US-TN","Limited Liability Company","I2XB","custodian","English","en","custodian","","","2023-06-28","ACTV","","","","Tennessee Code: Title 48 - Tennessee Limited Liability Company Act 48-245-904"
"9R63VE","United States of America","US","Tennessee","US-TN","For-Profit Corporation","QJ9F","custodian","English","en","custodian","","","2023-06-28","ACTV","","","","Tennessee Code: Title 48 - Tennessee Business Corporation Act 48-24-303"
"AQDTKQ","United States of America","US","Tennessee","US-TN","Limited Liability Company","I2XB","registered agent","English","en","registered agent","","","2023-06-28","ACTV","","","","Tennessee Code: Title 48 - Tennessee Limited Liability Company Act 48-208-101"
"AXDFCR","United States of America","US","Tennessee","US-TN","Limited Liability Company","I2XB","owner","English","en","owner","","","2023-06-28","ACTV","","","","Tennessee Code: Title 48 - Tennessee Limited Liability Company Act 48-202-103"
"BUJ9DC","United States of America","US","Tennessee","US-TN","For-Profit Corporation","QJ9F","trustee","English","en","trustee","","","2023-06-28","ACTV","","","","Tennessee Code: Title 48 - Tennessee Business Corporation Act 48-11-301"
"BZ1ZQM","United States of America","US","Tennessee","US-TN","Limited Liability Company","I2XB","manager","English","en","manager","Mgr.","","2023-06-28","ACTV","","","","Tennessee Code: Title 48 - Tennessee Limited Liability Company Act 48-202-101"
"CLNYIM","United States of America","US","Tennessee","US-TN","For-Profit Corporation","QJ9F","chair","English","en","chair","Ch.","","2023-06-28","ACTV","","","","Tennessee Code: Title 48 - Tennessee Business Corporation Act 48-11-301"
"CUBFXB","United States of America","US","Tennessee","US-TN","Limited Liability Company","I2XB","holder of financial rights","English","en","holder of financial rights","","","2023-06-28","ACTV","","","","Tennessee Code: Title 48 - Ch.249 - Tennessee Revised Limited Liability Company Act 48-249-102"
"EYD9CQ","United States of America","US","Tennessee","US-TN","For-Profit Corporation","QJ9F","incorporator","English","en","incorporator","","","2023-06-28","ACTV","","","","Tennessee Code: Title 48 - Tennessee Business Corporation Act 48-11-301"
"F5NOVM","United States of America","US","Tennessee","US-TN","For-Profit Corporation","QJ9F","registered agent","English","en","registered agent","","","2023-06-28","ACTV","","","","Tennessee Code: Title 48 - Tennessee Business Corporation Act 48-15-101"
"FQXSF6","United States of America","US","Tennessee","US-TN","For-Profit Corporation","QJ9F","director","English","en","director","Dir.","","2023-06-28","ACTV","","","","Tennessee Code: Title 48 - Tennessee Business Corporation Act 48-11-301"
"GQDVEM","United States of America","US","Tennessee","US-TN","For-Profit Corporation","QJ9F","shareholder","English","en","shareholder","","","2023-06-28","ACTV","","","","Tennessee Code: Title 48 - Tennessee Business Corporation Act 48-11-201"
"IE8KPM","United States of America","US","Tennessee","US-TN","For-Profit Corporation","QJ9F","president","English","en","president","Pres.","","2023-06-28","ACTV","","","","Tennessee Code: Title 48 - Tennessee Business Corporation Act 48-11-301"
"IFLNK6","United States of America","US","Tennessee","US-TN","Limited Liability Company","I2XB","chief manager","English","en","chief manager","","","2023-06-28","ACTV","","","","Tennessee Code: Title 48 - Tennessee Limited Liability Company Act 48-241-101"
"MKNVKE","United States of America","US","Tennessee","US-TN","For-Profit Corporation","QJ9F","assistant officer","English","en","assistant officer","","","2023-06-28","ACTV","","","","Tennessee Code: Title 48 - Tennessee Business Corporation Act 48-18-401"
"OHI3S6","United States of America","US","Tennessee","US-TN","Limited Liability Company","I2XB","secretary","English","en","secretary","Sec.","","2023-06-28","ACTV","","","","Tennessee Code: Title 48 - Tennessee Limited Liability Company Act 48-241-102"
"PTBJYB","United States of America","US","Tennessee","US-TN","Limited Liability Company","I2XB","director","English","en","director","Dir.","","2023-06-28","ACTV","","","","Tennessee Code: Title 48 - Ch.249 - Tennessee Revised Limited Liability Company Act 48-249-102"
"T0YJ0W","United States of America","US","Tennessee","US-TN","For-Profit Corporation","QJ9F","officer","English","en","officer","","","2023-06-28","ACTV","","","","Tennessee Code: Title 48 - Tennessee Business Corporation Act 48-11-301"
"T4PNPV","United States of America","US","Tennessee","US-TN","Limited Liability Company","I2XB","organizer","English","en","organizer","","","2023-06-28","ACTV","","","","Tennessee Code: Title 48 - Tennessee Limited Liability Company Act 48-203-102"
"T5ZZ74","United States of America","US","Tennessee","US-TN","Limited Liability Company","I2XB","president","English","en","president","Pres.","","2023-06-28","ACTV","","","","Tennessee Code: Title 48 - Ch.249 - Tennessee Revised Limited Liability Company Act 48-249-401"
"WGO7CR","United States of America","US","Tennessee","US-TN","Limited Liability Company","I2XB","governor","English","en","governor","Gov.","","2023-06-28","ACTV","","","","Tennessee Code: Title 48 - Tennessee Limited Liability Company Act 48-239-101"
"WRIWX9","United States of America","US","Tennessee","US-TN","Limited Liability Company","I2XB","receiver","English","en","receiver","","","2023-06-28","ACTV","","","","Tennessee Code: Title 48 - Tennessee Limited Liability Company Act 48-245-904"
"WYCNSB","United States of America","US","Tennessee","US-TN","For-Profit Corporation","QJ9F","secretary","English","en","secretary","Sec.","","2023-06-28","ACTV","","","","Tennessee Code: Title 48 - Tennessee Business Corporation Act 48-11-201"
"YTQ6AX","United States of America","US","Tennessee","US-TN","For-Profit Corporation","QJ9F","receiver","English","en","receiver","","","2023-06-28","ACTV","","","","Tennessee Code: Title 48 - Tennessee Business Corporation Act 48-11-301"
"ZFFS0S","United States of America","US","Tennessee","US-TN","Limited Liability Company","I2XB","member","English","en","member","","","2023-06-28","ACTV","","","","Tennessee Code: Title 48 - Tennessee Limited Liability Company Act 48-202-102"
"1CAYLK","United States of America","US","Texas","US-TX","For-Profit Corporation","C5K7","Director","English","en","Director","","","2023-06-28","ACTV","","","","Texas Statutes BUSINESS ORGANIZATIONS CODE TITLE 2. CORPORATIONS CHAPTER 21. FOR-PROFIT CORPORATIONS - s.21.002"
"5C880G","United States of America","US","Texas","US-TX","For-Profit Corporation","C5K7","Secretary","English","en","Secretary","","","2023-06-28","ACTV","","","","Texas Statutes BUSINESS ORGANIZATIONS CODE TITLE 2. CORPORATIONS CHAPTER 21. FOR-PROFIT CORPORATIONS - s.21.411"
"8GYZHT","United States of America","US","Texas","US-TX","For-Profit Corporation","C5K7","Shareholder","English","en","Shareholder","","","2023-06-28","ACTV","","","","Texas Statutes BUSINESS ORGANIZATIONS CODE TITLE 2. CORPORATIONS CHAPTER 21. FOR-PROFIT CORPORATIONS - s.21.002"
"9GAXNN","United States of America","US","Texas","US-TX","Limited Liability Company","WYG5","Manager","English","en","Manager","","","2023-06-28","ACTV","","","","Texas Statutes BUSINESS ORGANIZATIONS CODE TITLE 3. LIMITED LIABILITY COMPANIES CHAPTER 101. LIMITED LIABILITY COMPANIES - s.101.0515"
"9OBUWO","United States of America","US","Texas","US-TX","For-Profit Corporation","C5K7","Assistant secretary","English","en","Assistant secretary","","","2023-06-28","ACTV","","","","Texas Statutes BUSINESS ORGANIZATIONS CODE TITLE 2. CORPORATIONS CHAPTER 21. FOR-PROFIT CORPORATIONS - s.21.411"
"FOZWPX","United States of America","US","Texas","US-TX","Limited Partnership","FE1L","Limited partner","English","en","Limited partner","LP","LP","2023-06-28","ACTV","","","","Texas Statutes Business Organizations Code TITLE 4. PARTNERSHIPS CHAPTER 153. LIMITED PARTNERSHIPS - s.153.003"
"H9SLGJ","United States of America","US","Texas","US-TX","For-Profit Corporation","C5K7","Officer","English","en","Officer","","","2023-06-28","ACTV","","","","Texas Statutes BUSINESS ORGANIZATIONS CODE TITLE 2. CORPORATIONS CHAPTER 21. FOR-PROFIT CORPORATIONS - s.21.101"
"HXJKGK","United States of America","US","Texas","US-TX","Limited Liability Company","WYG5","Member","English","en","Member","","","2023-06-28","ACTV","","","","Texas Statutes BUSINESS ORGANIZATIONS CODE TITLE 3. LIMITED LIABILITY COMPANIES CHAPTER 101. LIMITED LIABILITY COMPANIES - s.101.0515"
"IQSK2H","United States of America","US","Texas","US-TX","For-Profit Corporation","C5K7","Registered agent","English","en","Registered agent","","","2023-06-28","ACTV","","","","Texas Statutes BUSINESS ORGANIZATIONS CODE TITLE 2. CORPORATIONS CHAPTER 21. FOR-PROFIT CORPORATIONS - s.21.916"
"IUH9RK","United States of America","US","Texas","US-TX","For-Profit Corporation","C5K7","Custodian","English","en","Custodian","","","2023-06-28","ACTV","","","","Texas Statutes BUSINESS ORGANIZATIONS CODE TITLE 2. CORPORATIONS CHAPTER 21. FOR-PROFIT CORPORATIONS - s.21.757"
"KZCOLH","United States of America","US","Texas","US-TX","Limited Liability Company","WYG5","Officer","English","en","Officer","","","2023-06-28","ACTV","","","","Texas Statutes BUSINESS ORGANIZATIONS CODE TITLE 3. LIMITED LIABILITY COMPANIES CHAPTER 101. LIMITED LIABILITY COMPANIES - s.101.052"
"L0JLLI","United States of America","US","Texas","US-TX","Limited Liability Company","WYG5","Committee member","English","en","Committee member","","","2023-06-28","ACTV","","","","Texas Statutes BUSINESS ORGANIZATIONS CODE TITLE 3. LIMITED LIABILITY COMPANIES CHAPTER 101. LIMITED LIABILITY COMPANIES - s.101.253"
"LB46ZC","United States of America","US","Texas","US-TX","For-Profit Corporation","C5K7","Provisional director","English","en","Provisional director","","","2023-06-28","ACTV","","","","Texas Statutes BUSINESS ORGANIZATIONS CODE TITLE 2. CORPORATIONS CHAPTER 21. FOR-PROFIT CORPORATIONS - s.21.758"
"LPXO1C","United States of America","US","Texas","US-TX","For-Profit Corporation","C5K7","Subscriber","English","en","Subscriber","","","2023-06-28","ACTV","","","","Texas Statutes BUSINESS ORGANIZATIONS CODE TITLE 2. CORPORATIONS CHAPTER 21. FOR-PROFIT CORPORATIONS - s.21.108"
"MSKL5Z","United States of America","US","Texas","US-TX","For-Profit Corporation","C5K7","Transfer agent","English","en","Transfer agent","","","2023-06-28","ACTV","","","","Texas Statutes BUSINESS ORGANIZATIONS CODE TITLE 2. CORPORATIONS CHAPTER 21. FOR-PROFIT CORPORATIONS - s.21.411"
"NPLBRM","United States of America","US","Texas","US-TX","For-Profit Corporation","C5K7","Beneficial holder","English","en","Beneficial holder","","","2023-06-28","ACTV","","","","Texas Statutes BUSINESS ORGANIZATIONS CODE TITLE 2. CORPORATIONS CHAPTER 21. FOR-PROFIT CORPORATIONS - s.21.218"
"OB9RHF","United States of America","US","Texas","US-TX","For-Profit Corporation","C5K7","Organizer","English","en","Organizer","","","2023-06-28","ACTV","","","","Texas Statutes BUSINESS ORGANIZATIONS CODE TITLE 2. CORPORATIONS CHAPTER 21. FOR-PROFIT CORPORATIONS - s.21.056"
"OM6TXA","United States of America","US","Texas","US-TX","For-Profit Corporation","C5K7","President","English","en","President","","","2023-06-28","ACTV","","","","Texas Statutes BUSINESS ORGANIZATIONS CODE TITLE 2. CORPORATIONS CHAPTER 21. FOR-PROFIT CORPORATIONS - s.21.352"
"OMU62X","United States of America","US","Texas","US-TX","Limited Liability Company","WYG5","Governing person","English","en","Governing person","","","2023-06-28","ACTV","","","","Texas Statutes BUSINESS ORGANIZATIONS CODE TITLE 3. LIMITED LIABILITY COMPANIES CHAPTER 101. LIMITED LIABILITY COMPANIES - s.101.253"
"OSCXEM","United States of America","US","Texas","US-TX","Limited Partnership","FE1L","General partner","English","en","General partner","GP","GP","2023-06-28","ACTV","","","","Texas Statutes Business Organizations Code TITLE 4. PARTNERSHIPS CHAPTER 153. LIMITED PARTNERSHIPS - s.153.003"
"QPTTV9","United States of America","US","Texas","US-TX","Limited Liability Company","WYG5","Authorized officer","English","en","Authorized officer","","","2023-06-28","ACTV","","","","Texas Statutes BUSINESS ORGANIZATIONS CODE TITLE 3. LIMITED LIABILITY COMPANIES CHAPTER 101. LIMITED LIABILITY COMPANIES - s.101.0515"
"RF7MOE","United States of America","US","Texas","US-TX","For-Profit Corporation","C5K7","Receiver","English","en","Receiver","","","2023-06-28","ACTV","","","","Texas Statutes BUSINESS ORGANIZATIONS CODE TITLE 2. CORPORATIONS CHAPTER 21. FOR-PROFIT CORPORATIONS - s.21.757"
"WE0SPB","United States of America","US","Texas","US-TX","Limited Partnership","FE1L","Registered agent","English","en","Registered agent","","","2023-06-28","ACTV","","","","Texas Statutes Business Organizations Code TITLE 4. PARTNERSHIPS CHAPTER 153. LIMITED PARTNERSHIPS - s.153.051"
"WZSVM1","United States of America","US","Texas","US-TX","Limited Partnership","FE1L","Officer","English","en","Officer","","","2023-06-28","ACTV","","","","Texas Statutes Business Organizations Code TITLE 4. PARTNERSHIPS CHAPTER 153. LIMITED PARTNERSHIPS - s.153.413"
"2CZCTW","United States of America","US","Utah","US-UT","Profit Corporation","2I4P","Shareholder","English","en","Shareholder","","","2023-06-28","ACTV","","","","Utah Revised Business Corporation Act - 16-10a-102; Utah Code: Title 16 Corporations: Chapter 10a"
"3AIH4I","United States of America","US","Utah","US-UT","Commercial Bank","65B6","Vice president","English","en","Vice president","VP","VP","2023-06-28","ACTV","","","","Utah Code: Title 7 Financial Insitutions Act, Chapter 1 - 7-1-318"
"82V6MZ","United States of America","US","Utah","US-UT","Commercial Bank","65B6","Director","English","en","Director","","","2023-06-28","ACTV","","","","Utah Code: Title 7 Financial Insitutions Act, Chapter 3 - 7-3-30"
"8MOMKH","United States of America","US","Utah","US-UT","Commercial Bank","65B6","Officer","English","en","Officer","","","2023-06-28","ACTV","","","","Utah Code: Title 7 Financial Insitutions Act, Chapter 3 - 7-3-32"
"DE2YWR","United States of America","US","Utah","US-UT","Profit Corporation","2I4P","Officer","English","en","Officer","","","2023-06-28","ACTV","","","","Utah Revised Business Corporation Act - 16-10a-830; Utah Code: Title 16 Corporations: Chapter 10a"
"DE6YWG","United States of America","US","Utah","US-UT","Commercial Bank","65B6","Shareholder","English","en","Shareholder","","","2023-06-28","ACTV","","","","Utah Code: Title 7 Financial Insitutions Act, Chapter 3 - 7-3-32"
"FIPYRZ","United States of America","US","Utah","US-UT","Profit Corporation","2I4P","Secretary","English","en","Secretary","","","2023-06-28","ACTV","","","","Utah Revised Business Corporation Act - 16-10a-102; Utah Code: Title 16 Corporations: Chapter 10a"
"FQOINK","United States of America","US","Utah","US-UT","Limited Liability Company (LLC)","3ZXC","Registered agent","English","en","Registered agent","","","2023-06-28","ACTV","","","","Utah Revised Uniform Limited Liability Company Act - 48-3a-102; Utah Code: Title 48 Unincorporated Business Entity Act, Chapter 3a"
"ISHYE6","United States of America","US","Utah","US-UT","Limited Liability Company (LLC)","3ZXC","Member","English","en","Member","","","2023-06-28","ACTV","","","","Utah Revised Uniform Limited Liability Company Act - 48-3a-102; Utah Code: Title 48 Unincorporated Business Entity Act, Chapter 3a"
"LRCAUR","United States of America","US","Utah","US-UT","Commercial Bank","65B6","President","English","en","President","","","2023-06-28","ACTV","","","","Utah Code: Title 7 Financial Insitutions Act, Chapter 1 - 7-1-318"
"P8HPJX","United States of America","US","Utah","US-UT","Commercial Bank","65B6","Receiver","English","en","Receiver","","","2023-06-28","ACTV","","","","Utah Code: Title 7 Financial Insitutions Act, Chapter 2 - 7-2-9"
"R4F5T8","United States of America","US","Utah","US-UT","Limited Liability Company (LLC)","3ZXC","Organizer","English","en","Organizer","","","2023-06-28","ACTV","","","","Utah Revised Uniform Limited Liability Company Act - 48-3a-102; Utah Code: Title 48 Unincorporated Business Entity Act, Chapter 3a"
"R7LBYP","United States of America","US","Utah","US-UT","Profit Corporation","2I4P","Incorporator","English","en","Incorporator","","","2023-06-28","ACTV","","","","Utah Revised Business Corporation Act - 16-10a-201; Utah Code: Title 16 Corporations: Chapter 10a"
"SLT2LU","United States of America","US","Utah","US-UT","Limited Liability Company (LLC)","3ZXC","Manager","English","en","Manager","","","2023-06-28","ACTV","","","","Utah Revised Uniform Limited Liability Company Act - 48-3a-102; Utah Code: Title 48 Unincorporated Business Entity Act, Chapter 3a"
"VZUYEA","United States of America","US","Utah","US-UT","Profit Corporation","2I4P","Director","English","en","Director","","","2023-06-28","ACTV","","","","Utah Revised Business Corporation Act - 16-10a-202; Utah Code: Title 16 Corporations: Chapter 10a"
"W5RQZR","United States of America","US","Utah","US-UT","Commercial Bank","65B6","Principal shareholder","English","en","Principal shareholder","","","2023-06-28","ACTV","","","","Utah Code: Title 7 Financial Insitutions Act, Chapter 3 - 7-3-32"
"XRIOBD","United States of America","US","Utah","US-UT","Commercial Bank","65B6","Liquidator","English","en","Liquidator","","","2023-06-28","ACTV","","","","Utah Code: Title 7 Financial Insitutions Act, Chapter 2 - 7-2-9"
"XVEPPK","United States of America","US","Utah","US-UT","Limited Liability Company (LLC)","3ZXC","Governing person","English","en","Governing person","","","2023-06-28","ACTV","","","","Utah Revised Uniform Limited Liability Company Act - 48-3a-102; Utah Code: Title 48 Unincorporated Business Entity Act, Chapter 3a"
"ZNBGG9","United States of America","US","Utah","US-UT","Profit Corporation","2I4P","Subscriber","English","en","Subscriber","","","2023-06-28","ACTV","","","","Utah Revised Business Corporation Act - 16-10a-102; Utah Code: Title 16 Corporations: Chapter 10a"
"8P1TNA","United States of America","US","Vermont","US-VT","Profit Corporation","NYUD","incorporator","English","en","incorporator","","","2023-06-28","ACTV","","","","Vermont Statutes: Title 11A: Vermont Business Corporations - Vermont Business Corporation Act § 1.20"
"FAH1FV","United States of America","US","Vermont","US-VT","Profit Corporation","NYUD","subscriber","English","en","subscriber","","","2023-06-28","ACTV","","","","Vermont Statutes: Title 11A: Vermont Business Corporations - Vermont Business Corporation Act § 1.40"
"FEXVVU","United States of America","US","Vermont","US-VT","Profit Corporation","NYUD","trustee","English","en","trustee","","","2023-06-28","ACTV","","","","Vermont Statutes: Title 11A: Vermont Business Corporations - Vermont Business Corporation Act § 1.20"
"GLRHKR","United States of America","US","Vermont","US-VT","Profit Corporation","NYUD","officer","English","en","officer","","","2023-06-28","ACTV","","","","Vermont Statutes: Title 11A: Vermont Business Corporations - Vermont Business Corporation Act § 1.20"
"KEUXLE","United States of America","US","Vermont","US-VT","Limited Liability Company (LLC)","OE6T","manager","English","en","manager","Mgr.","","2023-06-28","ACTV","","","","Vermont Statutes: Title 11: Ch.25 - Limited Liability Companies § 4001"
"LBADQR","United States of America","US","Vermont","US-VT","Profit Corporation","NYUD","director","English","en","director","Dir.","","2023-06-28","ACTV","","","","Vermont Statutes: Title 11A: Vermont Business Corporations - Vermont Business Corporation Act § 1.20"
"NY8POL","United States of America","US","Vermont","US-VT","Limited Liability Company (LLC)","OE6T","organizer","English","en","organizer","","","2023-06-28","ACTV","","","","Vermont Statutes: Title 11: Ch.25 - Limited Liability Companies § 4022"
"OFPMTN","United States of America","US","Vermont","US-VT","Limited Liability Company (LLC)","OE6T","agent (for service of process)","English","en","agent (for service of process)","","","2023-06-28","ACTV","","","","Vermont Statutes: Title 11: Ch.25 - Limited Liability Companies § 4007"
"SAFZFJ","United States of America","US","Vermont","US-VT","Profit Corporation","NYUD","shareholder","English","en","shareholder","","","2023-06-28","ACTV","","","","Vermont Statutes: Title 11A: Vermont Business Corporations - Vermont Business Corporation Act § 1.40"
"TB1NYV","United States of America","US","Vermont","US-VT","Profit Corporation","NYUD","receiver","English","en","receiver","","","2023-06-28","ACTV","","","","Vermont Statutes: Title 11A: Vermont Business Corporations - Vermont Business Corporation Act § 1.20"
"U4QEGF","United States of America","US","Vermont","US-VT","Profit Corporation","NYUD","registered agent","English","en","registered agent","","","2023-06-28","ACTV","","","","Vermont Statutes: Title 11A: Vermont Business Corporations - Vermont Business Corporation Act § 5.01"
"UAVZWY","United States of America","US","Vermont","US-VT","Profit Corporation","NYUD","secretary","English","en","secretary","Sec.","","2023-06-28","ACTV","","","","Vermont Statutes: Title 11A: Vermont Business Corporations - Vermont Business Corporation Act § 1.40"
"WB7APL","United States of America","US","Vermont","US-VT","Limited Liability Company (LLC)","OE6T","member","English","en","member","","","2023-06-28","ACTV","","","","Vermont Statutes: Title 11: Ch.25 - Limited Liability Companies § 4001"
"XM2X4U","United States of America","US","Vermont","US-VT","Profit Corporation","NYUD","custodian","English","en","custodian","","","2023-06-28","ACTV","","","","Vermont Statutes: Title 11A: Vermont Business Corporations - Vermont Business Corporation Act § 14.32"
"ZOZXV0","United States of America","US","Vermont","US-VT","Profit Corporation","NYUD","chair","English","en","chair","Ch.","","2023-06-28","ACTV","","","","Vermont Statutes: Title 11A: Vermont Business Corporations - Vermont Business Corporation Act § 1.20"
"12LTB5","United States of America","US","Virginia","US-VA","Limited Liability Company","4WN7","organizer","English","en","organizer","","","2023-06-28","ACTV","","","","Code of Virginia: Ch.13 - Virginia Limited Liability Company Act § 13.1-1010"
"4ZD5AN","United States of America","US","Virginia","US-VA","Limited Liability Company","4WN7","trustee","English","en","trustee","","","2023-06-28","ACTV","","","","Code of Virginia: Ch.13 - Virginia Limited Liability Company Act § 13.1-1003"
"5PHOVX","United States of America","US","Virginia","US-VA","Stock Corporation","HOV4","receiver","English","en","receiver","","","2023-06-28","ACTV","","","","Code of Virginia: Title 13.1. Corporations: Ch. 9. Virginia Stock Corporation Act - § 13.1-748"
"9OWMUF","United States of America","US","Virginia","US-VA","Stock Corporation","HOV4","assistant officer","English","en","assistant officer","","","2023-06-28","ACTV","","","","Code of Virginia: Title 13.1. Corporations: Ch. 9. Virginia Stock Corporation Act - § 13.1-693"
"BDKRIQ","United States of America","US","Virginia","US-VA","Stock Corporation","HOV4","voting trustee","English","en","voting trustee","","","2023-06-28","ACTV","","","","Code of Virginia: Title 13.1. Corporations: Ch. 9. Virginia Stock Corporation Act - § 13.1-670"
"BFXG7O","United States of America","US","Virginia","US-VA","Stock Corporation","HOV4","disinterested director","English","en","disinterested director","","","2023-06-28","ACTV","","","","Code of Virginia: Title 13.1. Corporations: Ch. 9. Virginia Stock Corporation Act - § 13.1-603"
"BYHPXT","United States of America","US","Virginia","US-VA","Stock Corporation","HOV4","vice chairman","English","en","vice chairman","","","2023-06-28","ACTV","","","","Code of Virginia: Title 13.1. Corporations: Ch. 9. Virginia Stock Corporation Act - § 13.1-604"
"C9WAHI","United States of America","US","Virginia","US-VA","Stock Corporation","HOV4","interest holder","English","en","interest holder","","","2023-06-28","ACTV","","","","Code of Virginia: Title 13.1. Corporations: Ch. 9. Virginia Stock Corporation Act - § 13.1-603"
"CT0YSK","United States of America","US","Virginia","US-VA","Stock Corporation","HOV4","subscriber","English","en","subscriber","","","2023-06-28","ACTV","","","","Code of Virginia: Title 13.1. Corporations: Ch. 9. Virginia Stock Corporation Act - § 13.1-603"
"DFWZOV","United States of America","US","Virginia","US-VA","Stock Corporation","HOV4","shareholder","English","en","shareholder","","","2023-06-28","ACTV","","","","Code of Virginia: Title 13.1. Corporations: Ch. 9. Virginia Stock Corporation Act - § 13.1-603"
"EVHXNO","United States of America","US","Virginia","US-VA","Stock Corporation","HOV4","registered agent","English","en","registered agent","","","2023-06-28","ACTV","","","","Code of Virginia: Title 13.1. Corporations: Ch. 9. Virginia Stock Corporation Act - § 13.1-634"
"INBXEH","United States of America","US","Virginia","US-VA","Stock Corporation","HOV4","governor","English","en","governor","","","2023-06-28","ACTV","","","","Code of Virginia: Title 13.1. Corporations: Ch. 9. Virginia Stock Corporation Act - § 13.1-603"
"JAKGDN","United States of America","US","Virginia","US-VA","Stock Corporation","HOV4","director","English","en","director","","","2023-06-28","ACTV","","","","Code of Virginia: Title 13.1. Corporations: Ch. 9. Virginia Stock Corporation Act - § 13.1-604"
"KFWQ4U","United States of America","US","Virginia","US-VA","Stock Corporation","HOV4","secretary","English","en","secretary","","","2023-06-28","ACTV","","","","Code of Virginia: Title 13.1. Corporations: Ch. 9. Virginia Stock Corporation Act - § 13.1-603"
"LZRXRO","United States of America","US","Virginia","US-VA","Limited Liability Company","4WN7","officer","English","en","officer","","","2023-06-28","ACTV","","","","Code of Virginia: Ch.13 - Virginia Limited Liability Company Act § 13.1-1015"
"OIC2T5","United States of America","US","Virginia","US-VA","Limited Liability Company","4WN7","registered agent","English","en","registered agent","","","2023-06-28","ACTV","","","","Code of Virginia: Ch.13 - Virginia Limited Liability Company Act § 13.1-1015"
"PRPE9Y","United States of America","US","Virginia","US-VA","Stock Corporation","HOV4","custodian","English","en","custodian","","","2023-06-28","ACTV","","","","Code of Virginia: Title 13.1. Corporations: Ch. 9. Virginia Stock Corporation Act - § 13.1-748"
"PWRURE","United States of America","US","Virginia","US-VA","Stock Corporation","HOV4","officer","English","en","officer","","","2023-06-28","ACTV","","","","Code of Virginia: Title 13.1. Corporations: Ch. 9. Virginia Stock Corporation Act - § 13.1-604"
"PXUNV6","United States of America","US","Virginia","US-VA","Stock Corporation","HOV4","incorporator","English","en","incorporator","","","2023-06-28","ACTV","","","","Code of Virginia: Title 13.1. Corporations: Ch. 9. Virginia Stock Corporation Act - § 13.1-604"
"QMHHAS","United States of America","US","Virginia","US-VA","Stock Corporation","HOV4","beneficial shareholder","English","en","beneficial shareholder","","","2023-06-28","ACTV","","","","Code of Virginia: Title 13.1. Corporations: Ch. 9. Virginia Stock Corporation Act - § 13.1-603"
"RHX3UD","United States of America","US","Virginia","US-VA","Limited Liability Company","4WN7","manager","English","en","manager","Mgr.","","2023-06-28","ACTV","","","","Code of Virginia: Ch.13 - Virginia Limited Liability Company Act § 13.1-1002"
"UIJYXM","United States of America","US","Virginia","US-VA","Stock Corporation","HOV4","chairman","English","en","chairman","","","2023-06-28","ACTV","","","","Code of Virginia: Title 13.1. Corporations: Ch. 9. Virginia Stock Corporation Act - § 13.1-604"
"VIUPBL","United States of America","US","Virginia","US-VA","Stock Corporation","HOV4","voting trust beneficial owner","English","en","voting trust beneficial owner","","","2023-06-28","ACTV","","","","Code of Virginia: Title 13.1. Corporations: Ch. 9. Virginia Stock Corporation Act - § 13.1-603"
"WO4H3D","United States of America","US","Virginia","US-VA","Stock Corporation","HOV4","president","English","en","president","","","2023-06-28","ACTV","","","","Code of Virginia: Title 13.1. Corporations: Ch. 9. Virginia Stock Corporation Act - § 13.1-604"
"WZVUZ1","United States of America","US","Virginia","US-VA","Limited Liability Company","4WN7","receiver","English","en","receiver","","","2023-06-28","ACTV","","","","Code of Virginia: Ch.13 - Virginia Limited Liability Company Act § 13.1-1003"
"Y20NTN","United States of America","US","Virginia","US-VA","Limited Liability Company","4WN7","member","English","en","member","","","2023-06-28","ACTV","","","","Code of Virginia: Ch.13 - Virginia Limited Liability Company Act § 13.1-1002"
"0GNSSG","United States of America","US","Washington","US-WA","Profit Corporation","NHYA","director","English","en","director","Dir.","","2023-06-28","ACTV","","","","Washington Revised Code: Title 23B: Washington Business Corporation Act 23B.01.200"
"1YPK3Q","United States of America","US","Washington","US-WA","Profit Corporation","NHYA","governor","English","en","governor","Gov.","","2023-06-28","ACTV","","","","Washington Revised Code: Title 23B: Washington Business Corporation Act 23B.01.400"
"37T96L","United States of America","US","Washington","US-WA","Profit Corporation","NHYA","subscriber","English","en","subscriber","","","2023-06-28","ACTV","","","","Washington Revised Code: Title 23B: Washington Business Corporation Act 23B.01.400"
"6CNAJC","United States of America","US","Washington","US-WA","Profit Corporation","NHYA","qualified director","English","en","qualified director","Qual.Dir.","","2023-06-28","ACTV","","","","Washington Revised Code: Title 23B: Washington Business Corporation Act 23B.01.400"
"6KUHDP","United States of America","US","Washington","US-WA","Profit Corporation","NHYA","chairperson","English","en","chairperson","Ch.","","2023-06-28","ACTV","","","","Washington Revised Code: Title 23B: Washington Business Corporation Act 23B.01.200"
"AUKFZ6","United States of America","US","Washington","US-WA","Profit Corporation","NHYA","president","English","en","president","Pres.","","2023-06-28","ACTV","","","","Washington Revised Code: Title 23B: Washington Business Corporation Act 23B.01.200"
"AWMWFS","United States of America","US","Washington","US-WA","Profit Corporation","NHYA","officer","English","en","officer","","","2023-06-28","ACTV","","","","Washington Revised Code: Title 23B: Washington Business Corporation Act 23B.01.200"
"DRCSYX","United States of America","US","Washington","US-WA","Limited Liability Company","F8DD","manager","English","en","manager","Mgr.","","2023-06-28","ACTV","","","","Washington Revised Code: Title 25: Ch.25.15 Limited Liability Companies - Washington limited liability company act 25.15.006"
"GF31D4","United States of America","US","Washington","US-WA","Profit Corporation","NHYA","assistant officer","English","en","assistant officer","","","2023-06-28","ACTV","","","","Washington Revised Code: Title 23B: Washington Business Corporation Act 23B.08.400"
"IHYOXL","United States of America","US","Washington","US-WA","Profit Corporation","NHYA","shareholder","English","en","shareholder","","","2023-06-28","ACTV","","","","Washington Revised Code: Title 23B: Washington Business Corporation Act 23B.01.400"
"S1NIDX","United States of America","US","Washington","US-WA","Profit Corporation","NHYA","custodial receiver","English","en","custodial receiver","","","2023-06-28","ACTV","","","","Washington Revised Code: Title 23B: Washington Business Corporation Act 23B.14.320"
"SEPAO9","United States of America","US","Washington","US-WA","Profit Corporation","NHYA","incorporator","English","en","incorporator","","","2023-06-28","ACTV","","","","Washington Revised Code: Title 23B: Washington Business Corporation Act 23B.01.200"
"SKAC40","United States of America","US","Washington","US-WA","Profit Corporation","NHYA","general receiver","English","en","general receiver","","","2023-06-28","ACTV","","","","Washington Revised Code: Title 23B: Washington Business Corporation Act 23B.14.320"
"TJYSHN","United States of America","US","Washington","US-WA","Profit Corporation","NHYA","registered agent","English","en","registered agent","","","2023-06-28","ACTV","","","","Washington Revised Code: Title 23B: Washington Business Corporation Act 23B.05.010"
"UHJCAH","United States of America","US","Washington","US-WA","Profit Corporation","NHYA","receiver","English","en","receiver","","","2023-06-28","ACTV","","","","Washington Revised Code: Title 23B: Washington Business Corporation Act 23B.01.200"
"VIR9JZ","United States of America","US","Washington","US-WA","Profit Corporation","NHYA","trustee","English","en","trustee","","","2023-06-28","ACTV","","","","Washington Revised Code: Title 23B: Washington Business Corporation Act 23B.01.200"
"VTM6CP","United States of America","US","Washington","US-WA","Limited Liability Company","F8DD","registered agent","English","en","registered agent","","","2023-06-28","ACTV","","","","Washington Revised Code: Title 25: Ch.25.15 Limited Liability Companies - Washington limited liability company act 25.15.021"
"YEXPAK","United States of America","US","Washington","US-WA","Limited Liability Company","F8DD","member","English","en","member","","","2023-06-28","ACTV","","","","Washington Revised Code: Title 25: Ch.25.15 Limited Liability Companies - Washington limited liability company act 25.15.007"
"0ERQES","United States of America","US","West Virginia","US-WV","Corporation (for profit)","IJHI","receiver","English","en","receiver","","","2023-06-28","ACTV","","","","West Virginia Code: Ch.31D - West Virginia Business Corporation Act §31D-14-1432"
"2AT9TG","United States of America","US","West Virginia","US-WV","Limited Liability Company","RC5L","manager","English","en","manager","Mgr.","","2023-06-28","ACTV","","","","West Virginia Code: Ch. 31B. UNIFORM LIMITED LIABILITY COMPANY ACT §31B-1-101"
"57NH00","United States of America","US","West Virginia","US-WV","Corporation (for profit)","IJHI","subscriber","English","en","subscriber","","","2023-06-28","ACTV","","","","West Virginia Code: Ch.31D - West Virginia Business Corporation Act §31D-1-150"
"72FFVS","United States of America","US","West Virginia","US-WV","Corporation (for profit)","IJHI","director","English","en","director","Dir.","","2023-06-28","ACTV","","","","West Virginia Code: Ch.31D - West Virginia Business Corporation Act §31D-2-201"
"9E2YES","United States of America","US","West Virginia","US-WV","Corporation (for profit)","IJHI","secretary","English","en","secretary","Sec.","","2023-06-28","ACTV","","","","West Virginia Code: Ch.31D - West Virginia Business Corporation Act §31D-1-150"
"9LQLWO","United States of America","US","West Virginia","US-WV","Limited Liability Company","RC5L","receiver","English","en","receiver","","","2023-06-28","ACTV","","","","West Virginia Code: Ch. 31B. UNIFORM LIMITED LIABILITY COMPANY ACT §31B-2-205"
"BZFYCA","United States of America","US","West Virginia","US-WV","Limited Liability Company","RC5L","agent (for service of process)","English","en","agent (for service of process)","","","2023-06-28","ACTV","","","","West Virginia Code: Ch. 31B. UNIFORM LIMITED LIABILITY COMPANY ACT §31B-1-108"
"LO7XOP","United States of America","US","West Virginia","US-WV","Limited Liability Company","RC5L","organizer","English","en","organizer","","","2023-06-28","ACTV","","","","West Virginia Code: Ch. 31B. UNIFORM LIMITED LIABILITY COMPANY ACT §31B-2-202"
"MBVPLE","United States of America","US","West Virginia","US-WV","Corporation (for profit)","IJHI","incorporator","English","en","incorporator","","","2023-06-28","ACTV","","","","West Virginia Code: Ch.31D - West Virginia Business Corporation Act §31D-2-201"
"MRO9BN","United States of America","US","West Virginia","US-WV","Limited Liability Company","RC5L","member","English","en","member","","","2023-06-28","ACTV","","","","West Virginia Code: Ch. 31B. UNIFORM LIMITED LIABILITY COMPANY ACT §31B-2-203"
"ODVJ4X","United States of America","US","West Virginia","US-WV","Corporation (for profit)","IJHI","shareholder","English","en","shareholder","","","2023-06-28","ACTV","","","","West Virginia Code: Ch.31D - West Virginia Business Corporation Act §31D-1-150"
"PPTKZH","United States of America","US","West Virginia","US-WV","Limited Liability Company","RC5L","trustee","English","en","trustee","","","2023-06-28","ACTV","","","","West Virginia Code: Ch. 31B. UNIFORM LIMITED LIABILITY COMPANY ACT §31B-2-205"
"SNA0KL","United States of America","US","West Virginia","US-WV","Corporation (for profit)","IJHI","officer","English","en","officer","","","2023-06-28","ACTV","","","","West Virginia Code: Ch.31D - West Virginia Business Corporation Act §31D-8-840"
"TSZIAL","United States of America","US","West Virginia","US-WV","Corporation (for profit)","IJHI","assistant officer","English","en","assistant officer","","","2023-06-28","ACTV","","","","West Virginia Code: Ch.31D - West Virginia Business Corporation Act §31D-8-840"
"W7GXQB","United States of America","US","West Virginia","US-WV","Corporation (for profit)","IJHI","registered agent","English","en","registered agent","","","2023-06-28","ACTV","","","","West Virginia Code: Ch.31D - West Virginia Business Corporation Act §31D-1-150"
"ZXUNSU","United States of America","US","West Virginia","US-WV","Corporation (for profit)","IJHI","custodian","English","en","custodian","","","2023-06-28","ACTV","","","","West Virginia Code: Ch.31D - West Virginia Business Corporation Act §31D-14-1432"
"1LGWK7","United States of America","US","Wisconsin","US-WI","Business Corporation","6S32","subscriber","English","en","subscriber","","","2023-06-28","ACTV","","","","Wisconsin Code: Ch. 180 Business corporations - Wisconsin business corporation law 180.0103"
"3ASL98","United States of America","US","Wisconsin","US-WI","Business Corporation","6S32","incorporator","English","en","incorporator","","","2023-06-28","ACTV","","","","Wisconsin Code: Ch. 180 Business corporations - Wisconsin business corporation law 180.0120"
"3OWOOA","United States of America","US","Wisconsin","US-WI","Limited Liability Company","M5RM","registered agent","English","en","registered agent","","","2023-06-28","ACTV","","","","Wisconsin Code: Ch. 183 Limited Liability Companies 183.0105"
"CFWE0S","United States of America","US","Wisconsin","US-WI","Business Corporation","6S32","receiver","English","en","receiver","","","2023-06-28","ACTV","","","","Wisconsin Code: Ch. 180 Business corporations - Wisconsin business corporation law 180.0120"
"CMB7KN","United States of America","US","Wisconsin","US-WI","Business Corporation","6S32","director","English","en","director","Dir.","","2023-06-28","ACTV","","","","Wisconsin Code: Ch. 180 Business corporations - Wisconsin business corporation law 180.0120"
"HSWYU6","United States of America","US","Wisconsin","US-WI","Limited Liability Company","M5RM","organizer","English","en","organizer","","","2023-06-28","ACTV","","","","Wisconsin Code: Ch. 183 Limited Liability Companies 183.0102"
"JIESUG","United States of America","US","Wisconsin","US-WI","Business Corporation","6S32","officer","English","en","officer","","","2023-06-28","ACTV","","","","Wisconsin Code: Ch. 180 Business corporations - Wisconsin business corporation law 180.0120"
"MWTRNA","United States of America","US","Wisconsin","US-WI","Limited Liability Company","M5RM","manager","English","en","manager","Mgr.","","2023-06-28","ACTV","","","","Wisconsin Code: Ch. 183 Limited Liability Companies 183.0102"
"ONNBMV","United States of America","US","Wisconsin","US-WI","Business Corporation","6S32","assistant officer","English","en","assistant officer","","","2023-06-28","ACTV","","","","Wisconsin Code: Ch. 180 Business corporations - Wisconsin business corporation law 180.0840"
"PGDRUC","United States of America","US","Wisconsin","US-WI","Business Corporation","6S32","trustee","English","en","trustee","","","2023-06-28","ACTV","","","","Wisconsin Code: Ch. 180 Business corporations - Wisconsin business corporation law 180.0120"
"SAMALE","United States of America","US","Wisconsin","US-WI","Business Corporation","6S32","registered agent","English","en","registered agent","","","2023-06-28","ACTV","","","","Wisconsin Code: Ch. 180 Business corporations - Wisconsin business corporation law 180.0501"
"UKHQBL","United States of America","US","Wisconsin","US-WI","Limited Liability Company","M5RM","member","English","en","member","","","2023-06-28","ACTV","","","","Wisconsin Code: Ch. 183 Limited Liability Companies 183.0102"
"ULQRB2","United States of America","US","Wisconsin","US-WI","Business Corporation","6S32","shareholder","English","en","shareholder","","","2023-06-28","ACTV","","","","Wisconsin Code: Ch. 180 Business corporations - Wisconsin business corporation law 180.0103"
"1GXVD3","United States of America","US","Wyoming","US-WY","Profit Corporation","9GXA","subscriber","English","en","subscriber","","","2023-06-28","ACTV","","","","Wyoming Statutes: Title 17: Ch.16 - Wyoming Business Corporation Act 17-16-140"
"6LILAS","United States of America","US","Wyoming","US-WY","Profit Corporation","9GXA","officer","English","en","officer","","","2023-06-28","ACTV","","","","Wyoming Statutes: Title 17: Ch.16 - Wyoming Business Corporation Act 17-16-120"
"AE5GKY","United States of America","US","Wyoming","US-WY","Profit Corporation","9GXA","trustee","English","en","trustee","","","2023-06-28","ACTV","","","","Wyoming Statutes: Title 17: Ch.16 - Wyoming Business Corporation Act 17-16-120"
"BW5AO6","United States of America","US","Wyoming","US-WY","Limited Liability Company","NB58","registered agent","English","en","registered agent","","","2023-06-28","ACTV","","","","Wyoming Statutes: Title 17: Ch.29 - Wyoming Limited Liability Company Act 17-29-113"
"BXWGCT","United States of America","US","Wyoming","US-WY","Profit Corporation","9GXA","incorporator","English","en","incorporator","","","2023-06-28","ACTV","","","","Wyoming Statutes: Title 17: Ch.16 - Wyoming Business Corporation Act 17-16-120"
"C4IQ55","United States of America","US","Wyoming","US-WY","Profit Corporation","9GXA","shareholder","English","en","shareholder","","","2023-06-28","ACTV","","","","Wyoming Statutes: Title 17: Ch.16 - Wyoming Business Corporation Act 17-16-140"
"DV6XXF","United States of America","US","Wyoming","US-WY","Limited Liability Company","NB58","organizer","English","en","organizer","","","2023-06-28","ACTV","","","","Wyoming Statutes: Title 17: Ch.29 - Wyoming Limited Liability Company Act 17-29-104"
"FF4PXP","United States of America","US","Wyoming","US-WY","Profit Corporation","9GXA","receiver","English","en","receiver","","","2023-06-28","ACTV","","","","Wyoming Statutes: Title 17: Ch.16 - Wyoming Business Corporation Act 17-16-120"
"HPXHCL","United States of America","US","Wyoming","US-WY","Profit Corporation","9GXA","voting trustee","English","en","voting trustee","","","2023-06-28","ACTV","","","","Wyoming Statutes: Title 17: Ch.16 - Wyoming Business Corporation Act 17-16-730"
"I9IGKS","United States of America","US","Wyoming","US-WY","Profit Corporation","9GXA","chairman","English","en","chairman","Ch.","","2023-06-28","ACTV","","","","Wyoming Statutes: Title 17: Ch.16 - Wyoming Business Corporation Act 17-16-120"
"IUP2UM","United States of America","US","Wyoming","US-WY","Profit Corporation","9GXA","qualified director","English","en","qualified director","Qual.Dir.","","2023-06-28","ACTV","","","","Wyoming Statutes: Title 17: Ch.16 - Wyoming Business Corporation Act 17-16-140"
"K62X3C","United States of America","US","Wyoming","US-WY","Profit Corporation","9GXA","secretary","English","en","secretary","Sec.","","2023-06-28","ACTV","","","","Wyoming Statutes: Title 17: Ch.16 - Wyoming Business Corporation Act 17-16-140"
"MSFTF8","United States of America","US","Wyoming","US-WY","Profit Corporation","9GXA","director","English","en","director","Dir.","","2023-06-28","ACTV","","","","Wyoming Statutes: Title 17: Ch.16 - Wyoming Business Corporation Act 17-16-120"
"O9G90S","United States of America","US","Wyoming","US-WY","Limited Liability Company","NB58","manager","English","en","manager","Mgr.","","2023-06-28","ACTV","","","","Wyoming Statutes: Title 17: Ch.29 - Wyoming Limited Liability Company Act 17-29-102"
"Q86AYV","United States of America","US","Wyoming","US-WY","Limited Liability Company","NB58","member","English","en","member","","","2023-06-28","ACTV","","","","Wyoming Statutes: Title 17: Ch.29 - Wyoming Limited Liability Company Act 17-29-103"
"QKB1HF","United States of America","US","Wyoming","US-WY","Profit Corporation","9GXA","custodian","English","en","custodian","","","2023-06-28","ACTV","","","","Wyoming Statutes: Title 17: Ch.16 - Wyoming Business Corporation Act 17-16-1431"
"VTO16R","United States of America","US","Wyoming","US-WY","Profit Corporation","9GXA","president","English","en","president","Pres.","","2023-06-28","ACTV","","","","Wyoming Statutes: Title 17: Ch.16 - Wyoming Business Corporation Act 17-16-120"
"W0X35V","United States of America","US","Wyoming","US-WY","Profit Corporation","9GXA","beneficial owner","English","en","beneficial owner","","","2023-06-28","ACTV","","","","Wyoming Statutes: Title 17: Ch.16 - Wyoming Business Corporation Act 17-16-723"
"YDKZW3","United States of America","US","Wyoming","US-WY","Limited Liability Company","NB58","liquidating trustee","English","en","liquidating trustee","","","2023-06-28","ACTV","","","","Wyoming Statutes: Title 17: Ch.29 - Wyoming Limited Liability Company Act 17-29-211"
"ZVZ5XN","United States of America","US","Wyoming","US-WY","Profit Corporation","9GXA","registered agent","English","en","registered agent","","","2023-06-28","ACTV","","","","Wyoming Statutes: Title 17: Ch.16 - Wyoming Business Corporation Act 17-16-140"
"7CCSF4","Virgin Islands, British","VG","","","company limited by shares","6EH6","voting trustee","English","en","voting trustee","","","2023-06-28","ACTV","","","","BVI Business Companies Act - s.85(1)"
"AQWFZY","Virgin Islands, British","VG","","","company limited by shares","6EH6","shareholder","English","en","shareholder","","","2023-06-28","ACTV","","","","BVI Business Companies Act - s.7"
"B2VRAT","Virgin Islands, British","VG","","","company limited by shares","6EH6","reserve director","English","en","reserve director","","","2023-06-28","ACTV","","","","BVI Business Companies Act - s.112"
"BCH4SB","Virgin Islands, British","VG","","","company limited by shares","6EH6","director","English","en","director","","","2023-06-28","ACTV","","","","BVI Business Companies Act - s.3"
"CGYSXJ","Virgin Islands, British","VG","","","company limited by shares","6EH6","registered agent","English","en","registered agent","","","2023-06-28","ACTV","","","","BVI Business Companies Act - s.6, 91(1)"
"FL0PWG","Virgin Islands, British","VG","","","company limited by shares","6EH6","unlimited member","English","en","unlimited member","","","2023-06-28","ACTV","","","","BVI Business Companies Act - s.78"
"K3GU8Z","Virgin Islands, British","VG","","","company limited by shares","6EH6","Insolvency Act liquidator","English","en","Insolvency Act liquidator","","","2023-06-28","ACTV","","","","BVI Business Companies Act - s.150"
"LEOAYF","Virgin Islands, British","VG","","","company limited by shares","6EH6","agent","English","en","agent","","","2023-06-28","ACTV","","","","BVI Business Companies Act - s.131"
"QQ4HOO","Virgin Islands, British","VG","","","company limited by shares","6EH6","alternate director","English","en","alternate director","","","2023-06-28","ACTV","","","","BVI Business Companies Act - s.112"
"RBCBA8","Virgin Islands, British","VG","","","company limited by shares","6EH6","guarantee member","English","en","guarantee member","","","2023-06-28","ACTV","","","","BVI Business Companies Act - s.4"
"UJ7GXM","Virgin Islands, British","VG","","","company limited by shares","6EH6","member","English","en","member","","","2023-06-28","ACTV","","","","BVI Business Companies Act - s.5"
"UKXDXE","Virgin Islands, British","VG","","","company limited by shares","6EH6","voluntary liquidator","English","en","voluntary liquidator","","","2023-06-28","ACTV","","","","BVI Business Companies Act - s.8"
"XSLLW5","Virgin Islands, British","VG","","","company limited by shares","6EH6","custodian","English","en","custodian","","","2023-06-28","ACTV","","","","BVI Business Companies Act - s.2"
